medication_id,name,display_name,generic_name,strength,form_name,form_id,manufacturer,otc,is_active
332,PLAVIX,PLAVIX 75MG TAB (CLOPIDOGREL) (SANOFI),,75MG,tablet,df-2929601942,SANOFI,false,true
5312,PEGMOVE,PEGMOVE POWDER (POLYETHYLENE GLYCOL 3350) (SUN),,,powder,df-9603977956,SUN,false,true
7773,GRANITE BLADE,GRANITE BLADE (60NO.),,,injection,df-7435419319,,false,true
8250,ONDERO MET,ONDERO MET 2.5/500MG TAB (LINAGLIPTIN+METFORMIN HCL) (LUPIN),,2.5/500MG,tablet,df-2929601942,LUPIN,false,true
10261,PEGFIBER,PEGFIBER POWDER (POLYETHYLENE GLYCOL 3350+ISPAGHULA) (SUN),,,powder,df-9603977956,SUN,false,true
10311,ZOLE-F SKIN LOTION,ZOLE-F SKIN LOTION 15ML (FLUOCINOLONE+MICONAZOLE) (SUN),,15ML,ointment,df-3972100204,SUN,false,true
10953,PYROTROY NEO,PYROTROY NEO (GLYCOPYROLATE+NEOSTIGMINE) 5ML INJ (TROIKAA),,,injection,df-7435419319,TROIKAA,false,true
11839,MUOUT,MUOUT POWDER (POLYETHYLENE GLYCOL 3350) (DR REDDY),,,powder,df-9603977956,DR REDDY,false,true
12396,DUZELA M,DUZELA M 20MG CAP (DULOXETINE+METHYLCOBALAMINE) (SUN),,20MG,capsule,df-9555626637,SUN,false,true
12412,PROTINEX DIABETIC,PROTINEX DIABETIC POWDER 200GM (NUTRICIA),,200GM,powder,df-9603977956,NUTRICIA,false,true
5211,BUSCOGAST,BUSCOGAST 10MG TAB (HYOSCINE BUTYLBROMIDE) (SANOFI),HYOSCINE BUTYL BROMIDE 10MG,10MG,tablet,df-2929601942,SANOFI,false,true
3324,REJUNEX,REJUNEX (MECOBALAMIN) 1ML INJ (INTAS),MECOBLAMIN 500MCG,,injection,df-7435419319,INTAS,false,true
16106,REJUNEX FORTE,REJUNEX FORTE (MECOBLAMIN) 1ML INJ (INTAS),MECOBLAMIN 500MCG,,injection,df-7435419319,INTAS,false,true
2092,LUMERAX,LUMERAX DRY SYP (IPCA),ARTEMETHER+LUMEFANTRINE,,syrup,df-4608470948,IPCA,false,true
5408,TYPBAR TCV VACCINE,TYPBAR TCV VACCINE (BHARAT BIOTECH),TYPHOID VACCINE,,vaccine,df-5880427153,BHARAT BIOTECH,false,true
16016,DILONA SP,DILONA SP TAB (DICLOFENAC+SERRATIOPEPTIDASE) (MAPRA PVT LTD),DICLOFENAC SODIUM+SERRATIOPEPTIDASE,,tablet,df-2929601942,MAPRA,false,true
13433,IVPRED,IVPRED (METHYLPREDNISOLONE) 1GM INJ (SUN),METHYL PREDNISOLONE SODIUM SUCCINATE 1GM,,injection,df-7435419319,SUN,false,true
13434,IVEPRED,IVEPRED (METHYL PREDNISOLONE) 500MG INJ (SUN),METHYL PREDNISOLONE SODIUM SUCCINATE 1GM,,injection,df-7435419319,SUN,false,true
13435,IVPRED,IVPRED (METHYLPREDNISOLONE) 500MG INJ (SUN),METHYL PREDNISOLONE SODIUM SUCCINATE 1GM,,injection,df-7435419319,SUN,false,true
13497,IVEPRED,IVEPRED (METHYL PREDNISOLONE) 1G INJ (SUN),METHYL PREDNISOLONE SODIUM SUCCINATE 1GM,,injection,df-7435419319,SUN,false,true
674,SOLU MEDROL,SOLU MEDROL (METHYLPREDNISOLONE) 1GM INJ (PFIZER),METHYL PREDNISOLONE SODIUM SUCCINATE 1GM,,injection,df-7435419319,PFIZER,false,true
1169,NEODROL,NEODROL (METHYLPREDNISOLONE) 1GM INJ (NEON),METHYL PREDNISOLONE SODIUM SUCCINATE 1GM,,injection,df-7435419319,NEON,false,true
778,NITROCONTIN,NITROCONTIN 2.6MG TAB (NITROGLYCERIN) (MODI-MUNDI),NITROGLYCERIN CAP,2.6MG,tablet,df-2929601942,MODI MUNDI,false,true
787,NITROCONTIN,NITROCONTIN 6.4MG TAB (NITROGLYCERIN) (MODI MUNDI),NITROGLYCERIN CAP,6.4MG,tablet,df-2929601942,MODI MUNDI,false,true
4480,NEWGTN,NEWGTN 2.6MG TAB (NITROGLYCERIN) (ERIS),NITROGLYCERIN CAP,2.6MG,tablet,df-2929601942,ERIS,false,true
6476,MONIT GTN,MONIT GTN 2.6MG TAB (NITROGLYCERIN) (INTAS),NITROGLYCERIN CAP,2.6MG,tablet,df-2929601942,INTAS,false,true
6477,MONIT GTN,MONIT GTN 6.4MG TAB (NITROGLYCERIN) (INTAS),NITROGLYCERIN CAP,6.4MG,tablet,df-2929601942,INTAS,false,true
12125,ANGIPLAT,ANGIPLAT 2.5MG CAP (NITROGLYCERIN) (MICRO),NITROGLYCERIN CAP,2.5MG,capsule,df-9555626637,MICRO,false,true
10685,NITROLONG,NITROLONG 2.6MG TAB (NITROGLYCERIN) (MANKIND),NITROGLYCERIN CAP,2.6MG,tablet,df-2929601942,MANKIND,false,true
13011,ANGIWELL,ANGIWELL 2.6MG TAB (NITROGLYCERIN) (CORONA),NITROGLYCERIN CAP,2.6MG,tablet,df-2929601942,CORONA,false,true
13013,ANGIWELL,ANGIWELL 6.4MG TAB (NITROGLYCERIN) (CORONA),NITROGLYCERIN CAP,6.4MG,tablet,df-2929601942,CORONA,false,true
2375,FLUDAC,FLUDAC 20MG CAP (FLUOXETINE) (CADILA),FLUOXETINE 20 MG,20MG,capsule,df-9555626637,CADILA,false,true
6510,KENACORT,KENACORT (TRIAMCINOLONE) 10MG INJ (ABBOTT),TRIAMCINOLONE 10MG,,injection,df-7435419319,ABBOTT,false,true
4115,ERITEL AM,ERITEL AM 40/5MG TAB (TELMISARTAN+AMLODIPINE) (ERIS),TELMISARTAN+AMLODIPINE,40/5MG,tablet,df-2929601942,ERIS,false,true
6052,TAZLOC TRIO,TAZLOC TRIO 40MG TAB (TELMISARTAN+HYDROCHLOROTHIAZIDE+AMLODIPINE) (USV),TELMISARTAN+AMLODIPINE,40MG,tablet,df-2929601942,USV,false,true
10606,TELMIKAA AM,TELMIKAA AM 40MG TAB (TELMISARTAN+AMLODIPINE) (TROIKAA),TELMISARTAN+AMLODIPINE,40MG,tablet,df-2929601942,TROIKAA,false,true
2799,TAZLOC AM,TAZLOC AM TAB (TELMISARTAN+AMLODIPINE) (USV),TELMISARTAN+AMLODIPINE,,tablet,df-2929601942,USV,false,true
2919,TELISTA AM,TELISTA AM 40MG TAB (TELMISARTAN+AMLODIPINE) (LUPIN),TELMISARTAN+AMLODIPINE,40MG,tablet,df-2929601942,LUPIN,false,true
981,TELMA AMH,TELMA AMH 40MG TAB (TELMISARTAN+AMLODIPINE+HYDROCHLOROTHIAZIDE) (GLENMARK),TELMISARTAN+AMLODIPINE,40MG,tablet,df-2929601942,GLENMARK,false,true
982,TELMA AM,TELMA AM 80MG TAB (TELMISARTAN+AMLODIPINE) (GLENMARK),TELMISARTAN+AMLODIPINE,80MG,tablet,df-2929601942,GLENMARK,false,true
988,TELMA AM 40,TELMA AM 40 TAB (TELMISARTAN+AMLODIPINE) (GLENMARK),TELMISARTAN+AMLODIPINE,,tablet,df-2929601942,GLENMARK,false,true
15784,TELMIKIND AM,TELMIKIND AM 40MG TAB (TELMISARTAN+AMLODIPINE) (MANKIND),TELMISARTAN+AMLODIPINE,40MG,tablet,df-2929601942,MANKIND,false,true
17455,TELMIKIND AM,TELMIKIND AM 80MG TAB (TELMISARTAN+AMLODIPINE) (MANKIND),TELMISARTAN+AMLODIPINE,80MG,tablet,df-2929601942,MANKIND,false,true
15040,D RISE 60K,D RISE 60K CAP (CHOLECALCIFEROL) (USV),VITAMIN D3,,capsule,df-9555626637,USV,false,true
5249,ARACHITOL-6L,ARACHITOL-6L (VIT-D) INJ (ABBOTT),VITAMIN D3,,injection,df-7435419319,ABBOTT,false,true
5156,BIFILAC HP,BIFILAC HP CAP (PRE & PREBIOTIC) (TABLETS INDIA),PROBIOTIC,,tablet,df-2929601942,TABLETS INDIA,false,true
7948,ECOFLORA,ECOFLORA CAP (PROBIOTIC) (TABLETS INDIA),PROBIOTIC,,capsule,df-9555626637,TABLETS INDIA,false,true
1347,BIFILAC,BIFILAC CAP (PRE & PROBIOTIC) (TABLETS INDIA),PROBIOTIC,,capsule,df-9555626637,TABLETS INDIA,false,true
2991,VSL 3,VSL 3 CAP (LACTIC ACID BACTERIA+BIFIDOBACTERIS) (SUN),PROBIOTIC,,capsule,df-9555626637,SUN,false,true
15457,ELIGUT Z,ELIGUT Z CAP (PREBIOTIC+PROBIOTIC) (HEALTHSEARCH),PROBIOTIC,,capsule,df-9555626637,HEALTHSEARCH,false,true
15113,LEVROXA,LEVROXA 250MG TAB (LEVETIRACETAM) (ERIS),LEVETIRACETAM 500MG,250MG,tablet,df-2929601942,ERIS,false,true
16187,KEPPRA,KEPPRA 750MG TAB (LEVETIRACETAM) (DR. REDDY),LEVETIRACETAM 500MG,750MG,tablet,df-2929601942,DR REDDY,false,true
13109,LEVIPIL,LEVIPIL 250MG TAB (LEVETIRACETAM) (SUN),LEVETIRACETAM 500MG,250MG,tablet,df-2929601942,SUN,false,true
12787,LEVROXA,LEVROXA 500MG TAB (LEVETIRACETAM) (ERIS),LEVETIRACETAM 500MG,500MG,tablet,df-2929601942,ERIS,false,true
16202,KEPPRA,KEPPRA 1000MG TAB (LEVETIRACETAM) (DR.REDDY),LEVETIRACETAM 500MG,1000MG,tablet,df-2929601942,DR REDDY,false,true
3170,KEPPRA,KEPPRA 500MG TAB (LEVETIRACETAM) (DR REDDY),LEVETIRACETAM 500MG,500MG,tablet,df-2929601942,DR REDDY,false,true
3575,LEVIPIL,LEVIPIL 500MG TAB (LEVETIRACETAM) (SUN),LEVETIRACETAM 500MG,500MG,tablet,df-2929601942,SUN,false,true
3960,LEVERA,LEVERA 500MG TAB (LEVETIRACETAM) (INTAS),LEVETIRACETAM 500MG,500MG,tablet,df-2929601942,INTAS,false,true
2596,LEVESAM,LEVESAM 500MG TAB (LEVETIRACETAM) (ABBOTT),LEVETIRACETAM 500MG,500MG,tablet,df-2929601942,ABBOTT,false,true
11387,LEVIGRESS,LEVIGRESS 500MG TAB (LEVETIRACETAM) (LA RENON),LEVETIRACETAM 500MG,500MG,tablet,df-2929601942,LA RENON,false,true
746,CARDIVAS,CARDIVAS 12.5MG TAB (CARVEDILOL) (SUN PHARMA),CARVEDILOL 12.5MG,12.5MG,tablet,df-2929601942,SUN,false,true
2505,INDERAL,INDERAL 10MG TAB (PROPRANOLOL) (ABBOTT),PROPRANOLOL 10MG,10MG,tablet,df-2929601942,ABBOTT,false,true
1491,BETACAP,BETACAP 10MG TAB (PROPRANOLOL HCL) (SUN),PROPRANOLOL 10MG,10MG,capsule,df-9555626637,SUN,false,true
15462,INDERAL F,INDERAL F 10MG TAB (PROPRANOLOL HCL+FLUNARIZINE) (ABBOTT),PROPRANOLOL 10MG,10MG,tablet,df-2929601942,ABBOTT,false,true
15463,INDERAL F,INDERAL F 5MG TAB (PROPRANOLOL+FLUNARAZINE) (ABBOTT),PROPRANOLOL 10MG,5MG,tablet,df-2929601942,ABBOTT,false,true
3296,FLECARITE,FLECARITE 50MG TAB (FLECAINIDE) (TORRENT),FLECAINIDE 50MG,50MG,tablet,df-2929601942,TORRENT,false,true
683,DOMIN,DOMIN (DOPAMINE) 200MG 5ML INJ (NEON),DOPAMINE 200MG/5ML,,injection,df-7435419319,NEON,false,true
1967,FORTUM,FORTUM (CEFTAZIDIME) 1GM INJ (GSK),CEFTAZIDIME 1000MG,,injection,df-7435419319,GSK,false,true
12099,CEFAZID,CEFAZID (CEFTAZIDIME) 1GM INJ (ZYDUS CADILA),CEFTAZIDIME 1000MG,,injection,df-7435419319,ZYDUS CADILA,false,true
12319,C-ZID,C-ZID (CEFTAZIDIME) 1GM INJ (EMCURE),CEFTAZIDIME 1000MG,,injection,df-7435419319,EMCURE,false,true
8662,FORZID,FORZID (CEFTAZIDIME) 1GM INJ (UNITED BIOTECH),CEFTAZIDIME 1000MG,,injection,df-7435419319,UNITED BIOTECH,false,true
7178,SUMOFLAM,SUMOFLAM TAB (NIMESULIDE+PARACETAMOL+SERRATIOPEPTIDASE) (ALKEM),"NIMESULIDE PARACETAMOL,SERRATIOPEPTIDASE",,tablet,df-2929601942,ALKEM,false,true
12475,PLACOLD PLUS,PLACOLD PLUS (NIMESULIDE+PARACETAMOL+CETIRIZINE+PHENYLEPHRINE) (PLA),"NIMESULIDE PARACETAMOL,SERRATIOPEPTIDASE",,tablet,df-2929601942,PLA,false,true
17442,ACTAPRO OD,ACTAPRO OD TAB (ACOTIAMIDE) (SUN),ACOTIAMIDE,,tablet,df-2929601942,SUN,false,true
3088,MISTABRON   RESPIRATOR SOLUTION,MISTABRON 600MG 3ML RESPIRATOR SOLUTION (MESNA) (DR REDDY),MESNA,600MG,lotion,df-6941042110,DR REDDY,false,true
2954,UROMITEXAN,UROMITEXAN (MESNA) 2ML INJ (BAXTER),MESNA,,injection,df-7435419319,BAXTER,false,true
7534,CANDID-B LOTION,CANDID-B LOTION 30ML (GLENMARK),CLOTRIMAZOLE LOTION,30ML,lotion,df-6941042110,GLENMARK,false,true
11448,KANSEL-B LOTION,KANSEL-B LOTION 30ML (BECLOMETHASONE+CLOTRIMAZOLE) (PALSONS),CLOTRIMAZOLE LOTION,30ML,lotion,df-6941042110,PALSONS,false,true
11449,KANSEL-DS LOTION,KANSEL-DS LOTION (CLOTRIMAZOLE) (PALSONS),CLOTRIMAZOLE LOTION,,lotion,df-6941042110,PALSONS,false,true
12299,AVAS,AVAS 40MG TAB (ATORVASTATIN) (MICRO),ATORVASTATIN 40MG,40MG,tablet,df-2929601942,MICRO,false,true
8009,ATORSAVE,ATORSAVE 40MG TAB (ATORVASTATIN) (ERIS),ATORVASTATIN 40MG,40MG,tablet,df-2929601942,ERIS,false,true
6800,LIPICURE,LIPICURE 40MG TAB (ATORVASTATIN) (INTAS),ATORVASTATIN 40MG,40MG,tablet,df-2929601942,INTAS,false,true
3250,MODLIP,MODLIP 40MG TAB (ATORVASTATIN) (TORRENT),ATORVASTATIN 40MG,40MG,tablet,df-2929601942,TORRENT,false,true
640,TONACT,TONACT 40MG TAB (ATORVASTATIN) (LUPIN),ATORVASTATIN 40MG,40MG,tablet,df-2929601942,LUPIN,false,true
790,AZTOR,AZTOR 40MG TAB (ATORVASTATIN) (SUN PHARMA),ATORVASTATIN 40MG,40MG,tablet,df-2929601942,SUN,false,true
760,ATORVA,ATORVA 40MG TAB (ATORVASTATIN) (ZYDUS),ATORVASTATIN 40MG,40MG,tablet,df-2929601942,ZYDUS CARDIVA,false,true
363,STORVAS,STORVAS 40MG TAB (ATORVASTATIN) (SUN PHARMA),ATORVASTATIN 40MG,40MG,tablet,df-2929601942,SUN,false,true
1041,ATORICA,ATORICA 40MG TAB (ATORVASTATIN) (APRICA) {*},ATORVASTATIN 40MG,40MG,tablet,df-2929601942,APRICA,false,true
2405,ATARAX,ATARAX 10MG TAB (HYDROXYZINE HCL) (DR. REDDY),HYDROXYZINE 10MG,10MG,tablet,df-2929601942,DR REDDY,false,true
9848,ZOLINEG,ZOLINEG (COLISTIMETHATE SODIUM) 2MIU INJ (SANOFI),COLISTIMETHATE SODIUM 2GM,,injection,df-7435419319,SANOFI,false,true
1986,PYRIDIUM,PYRIDIUM 200MG TAB (PHENAZOPYRIDINE HCL) (MENARINI),PHENAZOPYRIDINE 200 MG,200MG,tablet,df-2929601942,MENARINI,false,true
9095,ROLITEN,ROLITEN 2MG TAB (TOLTERODINE TARTRATE) (SUN),TOLTERODINE 2MG,2MG,tablet,df-2929601942,SUN,false,true
6741,GRENIL,GRENIL TAB (PARACETAMOL+DOMPERIDONE) (KAP),PARACETAMOL+DOMPERIDON,,tablet,df-2929601942,KARNATAKA ANTIBIOTICS,false,true
2500,CANDID- B,CANDID- B CREAM (CLOTRIMAZOLE+BECLOMETHASONE) (GLENMARK),"CLOTRIMAZOLE,BECLOMETHASONE,NEOMYCINE",,cream,df-3472438845,GLENMARK,false,true
1874,SILODERM MIXI,SILODERM MIXI CREAM 10GM (CLOTRIMAZOLE+BECLOMETHASONE+NEOMYCIN) (USV),"CLOTRIMAZOLE,BECLOMETHASONE,NEOMYCINE",10GM,cream,df-3472438845,USV,false,true
9813,ZOLE-F,ZOLE-F OINT 15GM (FLUOCINOLONE+MICONAZOLE) (SUN),MICONAZOL+FLUCONAZOL,15GM,ointment,df-3972100204,SUN,false,true
2387,COMBUTOL,COMBUTOL 800MG TAB (ETHAMBUTOL HCL) (LUPIN),ETHAMBUTOL 800 MG,800MG,tablet,df-2929601942,LUPIN,false,true
3647,LIVOGEN Z,LIVOGEN Z TAB (FERROUS FUMARATE+FOLIC ACID+ZINC SULPHATE) (MERCK),FOLIC ACID + VIT B9,,tablet,df-2929601942,MERCK,false,true
12438,MYORIL,MYORIL 4MG CAP (THIOCOLCHICOSIDE) (SANOFI),THIOCOLCHICOSIDE 4MG,4MG,capsule,df-9555626637,SANOFI,false,true
11390,THICHOREN AC 4,THICHOREN AC 4 TAB (THIOCOLCHICOSIDE+ACECLOFENAC) (LA RENON),THIOCOLCHICOSIDE 4MG,,tablet,df-2929601942,LA RENON,false,true
6343,BHARGLOB,BHARGLOB (IMMUNE GLOBULIN) 16.5% 2ML INJ (BHARAT SERUM),IMMUNOGLOBULIN,,injection,df-7435419319,SERUM,false,true
7845,RHOCLONE,RHOCLONE (HUMAN ANTI-D) 300MCG INJ (BHARAT SERUM),IMMUNOGLOBULIN,,injection,df-7435419319,BHARAT SERUM,false,true
7846,RHOGAM,RHOGAM (HUMAN ANTI-D) 300MCG INJ (ZYDUS CADILA),IMMUNOGLOBULIN,,injection,df-7435419319,ZYDUS CADILA,false,true
16560,GRAFALON,GRAFALON (T-LYMPHOCYTE IMMUNOGLOBULIN) INJ (ZYDUS CADILA),IMMUNOGLOBULIN,,injection,df-7435419319,ZYDUS CADILA,false,true
14604,GLOBUCEL,GLOBUCEL (IMMUNOGLOBULIN) 10GM INJ (INTAS),IMMUNOGLOBULIN,,injection,df-7435419319,INTAS,false,true
14641,RHOCLONE,RHOCLONE (HUMAN ANTI-D) 150MCG INJ (BHARAT SERUM),IMMUNOGLOBULIN,,injection,df-7435419319,BHARAT SERUM,false,true
17451,CIZASPA X,CIZASPA X TAB (MEBEVERINE+CHLORDIAZEPOXIDE) (LUPIN),MEBEVERINE+CHLODIAZEPOXIDE,,tablet,df-2929601942,LUPIN,false,true
9733,COLOSPA X,COLOSPA X TAB (MEBEVERINE HCL+CHLORDIAZEPOXIDE) (ABBOTT),MEBEVERINE+CHLODIAZEPOXIDE,,tablet,df-2929601942,ABBOTT,false,true
1510,DILZEM CD,DILZEM CD 120MG CAP (DILTIAZEM) (TORRENT),DILTIAZEM 120MG,120MG,capsule,df-9555626637,TORRENT,false,true
11574,VYMADA,VYMADA 100MG TAB (SACUBITRIL+VALSARTAN) (NOVARTIS),SACUBITRIL & VALSARTAN,100MG,tablet,df-2929601942,NOVARTIS,false,true
11575,VYMADA,VYMADA 50MG TAB (SACUBITRIL+VALSARTAN) (NOVARTIS),SACUBITRIL & VALSARTAN,50MG,tablet,df-2929601942,NOVARTIS,false,true
12176,AZMARDA,AZMARDA 100MG TAB (SACUBITRIL+VALSARTAN) (J B CHEMICALS),SACUBITRIL & VALSARTAN,100MG,tablet,df-2929601942,J B CHEMICALS,false,true
12177,AZMARDA,AZMARDA 50MG TAB (SACUBITRIL+VALSARTAN) (J B CHEMICALS),SACUBITRIL & VALSARTAN,50MG,tablet,df-2929601942,J B CHEMICALS,false,true
16000,CIDMUS,CIDMUS 100MG TAB (SACUBITRIL+VALSARTAN) (DR REDDY),SACUBITRIL & VALSARTAN,100MG,tablet,df-2929601942,DR REDDY,false,true
15923,VYMADA,VYMADA 200MG TAB (SACUBITRIL+VALSARTAN) (NOVARTIS),SACUBITRIL & VALSARTAN,200MG,tablet,df-2929601942,NOVARTIS,false,true
12564,CIDMUS,CIDMUS 50MG TAB (SACUBITRIL+VALSARTAN) (DR REDDY),SACUBITRIL & VALSARTAN,50MG,tablet,df-2929601942,DR REDDY,false,true
12413,PALMIGES,PALMIGES CAP (RITALA 354) (FRIMLINE),RITALA 354,,capsule,df-9555626637,LA RENON,false,true
16019,EUTHYROX,EUTHYROX 25MG TAB (LEVOTHYROXIN) (MERCK),LEVOTHYROXIME SODIUM 25MCG,25MG,tablet,df-2929601942,MERCK,false,true
701,ENVAS,ENVAS (ENALAPRILAT) 1ML INJ (ZYDUS CADILA),ENALAPRIL MALEATE 1ML,,injection,df-7435419319,ZYDUS CADILA,false,true
6100,PROTINEX,PROTINEX POWDER 250GM (NUTRICIA),PROTEIN POWDER,250GM,powder,df-9603977956,NUTRICIA,false,true
15894,PROTINEX JUNIOR,PROTINEX JUNIOR POWDER 200GM (NUTRICIA),PROTEIN POWDER,200GM,powder,df-9603977956,NUTRICIA,false,true
15061,MEOLO HP,MEOLO HP POWDER 400GM (CORONA),PROTEIN POWDER,400GM,powder,df-9603977956,CORONA,false,true
13923,RESOURCE RENAL,RESOURCE RENAL POWDER 400GM (NESTLE),PROTEIN POWDER,400GM,powder,df-9603977956,NESTLE,false,true
4887,ELIQUIS,ELIQUIS 5MG TAB (APIXABAN) (PFIZER),APAXIBAN,5MG,tablet,df-2929601942,PFIZER,false,true
686,ISOLIN,ISOLIN (ISOPRENALINE) 1ML INJ (SAMARTH),ISOPRENALINE,,injection,df-7435419319,SAMARTH,false,true
13601,ALPOSTIN,ALPOSTIN (ALPROSTADIL) 500MCG INJ (SAMARTH),ALPROSTADIL (PROSTAGLANDIN-E) 500MCG,,injection,df-7435419319,SAMARTH,false,true
8115,MUCOLITE,MUCOLITE SYP (DR REDDY),AMBROXOL,,syrup,df-4608470948,DR REDDY,false,true
8999,GLUCI,GLUCI (CALCIUM GLUCONATE) 10ML INJ (NEON),CALCIUM GLUCONATE,,injection,df-7435419319,NEON,false,true
1578,PHOSTAT,PHOSTAT 667MG TAB (CALCIUM ACETATE) (ZYDUS),CALCIUM GLUCONATE,667MG,tablet,df-2929601942,ZYDUS CARDIVA,false,true
3334,ANDRE I-KUL EYE,ANDRE I-KUL EYE DROP 10 ML (PHENYLEPHRINE+NAPHAZOLINE) (INTAS),"PHENYLEPHRINE HCL, NAPHAZOLINE HCL MENTHOL AND CAMPHOR)",10 ML,drop,df-2859918947,INTAS,false,true
1805,GABANEURON,GABANEURON 300MG TAB (GABAPENTIN+METHYLCOBALAMIN) (ARISTO),GABAPENTIN+MECOBALAMIN,300MG,tablet,df-2929601942,ARISTO,false,true
6102,GABANTIN FORTE,GABANTIN FORTE TAB (GABAPENTIN+MECOBALAMIN) (SUN),GABAPENTIN+MECOBALAMIN,,tablet,df-2929601942,SUN,false,true
15542,GABANEURON,GABANEURON 100MG TAB (GABAPENTIN+METHYLCOBALAMIN) (ARISTO),GABAPENTIN+MECOBALAMIN,100MG,tablet,df-2929601942,ARISTO,false,true
8984,REFZIL O,REFZIL O 500MG TAB (CEFPROZIL) (SUN),CEFPROZIL 500MG,500MG,tablet,df-2929601942,SUN,false,true
16717,RECLIDE,RECLIDE 80MG TABLET (GLICLAZIDE) (DR.REDDY),GLICLAZIDE 80MG,80MG,tablet,df-2929601942,DR REDDY,false,true
13811,HYPNODATE,HYPNODATE (ETOMIDATE) 10ML INJ (NEON),ETOMIDATE,,injection,df-7435419319,NEON,false,true
2009,ELECTRAL,ELECTRAL 21.8GM POWDER (ELECTROLYTE) (FDC),ELECTROLYTES 35GM,21.8GM,powder,df-9603977956,FDC,false,true
8930,MIRTAZ,MIRTAZ 15MG TAB (MIRTAZAPINE) (SUN),MIRTAZAPINE 15MG,15MG,tablet,df-2929601942,SUN,false,true
10557,ADRENOR,ADRENOR (NORADRENALINE) 2ML INJ (SAMARTH),NOR ADREANALINE 2ML,,injection,df-7435419319,SAMARTH,false,true
5567,NORADRIA,NORADRIA (NORADRENALINE) 2ML INJ (TROIKAA),NOR ADREANALINE 2ML,,injection,df-7435419319,TROIKAA,false,true
680,NORAD,NORAD (NORADRENALINE) 2ML INJ (NEON),NOR ADREANALINE 2ML,,injection,df-7435419319,NEON,false,true
269,WYSOLONE DT,WYSOLONE DT 20MG TAB (PREDNISOLONE) (PFIZER),PREDNISOLONE 20MG,20MG,tablet,df-2929601942,PFIZER,false,true
5326,OMNACORTIL,OMNACORTIL 20MG TAB (PREDNISOLONE) (MACLEODS),PREDNISOLONE 20MG,20MG,tablet,df-2929601942,MACLEODS,false,true
1893,PYZINA,PYZINA 500MG TAB (PYRAZINAMIDE) (LUPIN),PYRAZINAMIDE,500MG,tablet,df-2929601942,LUPIN,false,true
1894,PYZINA,PYZINA 750MG TAB (PYRAZINAMIDE) (LUPIN),PYRAZINAMIDE,750MG,tablet,df-2929601942,LUPIN,false,true
8102,ZIFI O,ZIFI O TAB (CEFIXIME+OFLOXACIN) (FDC),CEFIXIME+OFLOXACIN,,tablet,df-2929601942,FDC,false,true
15459,ALBUCEL LS,ALBUCEL LS (HUMAN ALBUMIN) 20% 100ML INJ (INTAS),HUMAN ALBUMIN 20% 100ML LOW SALT,,injection,df-7435419319,INTAS,false,true
6683,SIPHENE,SIPHENE 50MG TAB (CLOMIPHENE) (SERUM),CLOMIPHENE 50MG,50MG,tablet,df-2929601942,SERUM,false,true
10680,RAPITUS,RAPITUS 100ML SYP (LEVODROPROPIZINE) (MACLEODS),LEVODROPROPIZINE,100ML,syrup,df-4608470948,MACLEODS,false,true
10681,RAPITUS LS,RAPITUS LS 100ML SYP (MACLEODS),LEVODROPROPIZINE,100ML,syrup,df-4608470948,MACLEODS,false,true
12306,MACBERY XT EXPECTORANT,MACBERY XT EXPECTORANT 100ML (MACLEODS),COUGH FORMULA,100ML,syrup,df-4608470948,MACLEODS,false,true
13082,MACBERY,MACBERY 100ML SYP (MACLEODS),DEXTROMETHORPHAN + CHLORPHENIRAMINE,100ML,syrup,df-4608470948,MACLEODS,false,true
9088,OCUPOL EYE,OCUPOL EYE OINT 5GM (POLYMYXIN B+CHLORAMPHENICOL) (CENTAUR),"Polymyxin B Sulphate, Chloramphenico",5GM,ointment,df-3972100204,CENTAUR,false,true
4977,EQUIREX,EQUIREX TAB (CHLORDIAZEPOXIDE+CLIDINIUM BROMIDE) (JAGSONPAL),CHLORDIAZEPOXIDE & CLODINIUM BROMIDE,,tablet,df-2929601942,JAGSONPAL,false,true
1327,LIBRAX,LIBRAX TAB (CHLORDIAZEPOXIDE+CLIDINIUM BROMIDE) (ABBOTT),CHLORDIAZEPOXIDE & CLODINIUM BROMIDE,,tablet,df-2929601942,ABBOTT,false,true
327,PROLOMET AM,PROLOMET AM 50MG TAB (METOPROLOL+AMLODIPINE) (SUN PHARMA),METOPROLOL+AMLODIPIN,50MG,tablet,df-2929601942,SUN,false,true
328,PROLOMET AM,PROLOMET AM 25MG TAB (METOPROLOL+AMLODIPINE) (SUN PHARMA),METOPROLOL+AMLODIPIN,25MG,tablet,df-2929601942,SUN,false,true
791,AMTAS M,AMTAS M 25MG TAB (METOPROLOL+AMLODIPINE) (INTAS),METOPROLOL+AMLODIPIN,25MG,tablet,df-2929601942,INTAS,false,true
792,AMTAS M,AMTAS M 50MG TAB (METOPROLOL+AMLODIPINE) (INTAS),METOPROLOL+AMLODIPIN,50MG,tablet,df-2929601942,INTAS,false,true
3022,CARDACE METO,CARDACE METO 2.5/25MG TAB (RAMIPRIL+METOPROLOL) (SANOFI),METOPROLOL+AMLODIPIN,2.5/25MG,tablet,df-2929601942,SANOFI,false,true
6447,METOCARD AM,METOCARD AM TAB (METOPROLOL+AMLODIPINE) (TORRENT),METOPROLOL+AMLODIPIN,,tablet,df-2929601942,TORRENT,false,true
16720,AMLOSAFE MT,AMLOSAFE MT 50MG TAB (METOPROLOL+AMLODIPINE) (ARISTO),METOPROLOL+AMLODIPIN,50MG,tablet,df-2929601942,ARISTO,false,true
2693,KARVOL PLUS,KARVOL PLUS CAP (CAMPHOR+CHLOROTHYMOL+EUCALYPTOL+MANTHOL+TERPINEOL) (INDOCO),CAMPHOR+CHLOROTHYMOL+EUCALYPTOL+MENTHOL+TERPINEOL,,capsule,df-9555626637,INDOCO,false,true
10973,BIOPHENICOL,BIOPHENICOL (CHLORAMPHENICOL) 1GM INJ (BIOCHEM),CHLORAMPHENICOL 1GM INJ.,,injection,df-7435419319,BIOCHEM,false,true
10092,DORTAS-T EYE,DORTAS-T EYE DROP (DORZOLAMIDE+TIMOLOL) (INTAS),DORZOLAMIDE+TIMOLOL,,drop,df-2859918947,INTAS,false,true
11595,THYROX,THYROX 100MCG TAB (THYROXINE) (MACLEODS),THYROXIN 100MCG,100MCG,tablet,df-2929601942,MACLEODS,false,true
773,ELTROXIN,ELTROXIN 100MCG TAB (THYROXINE) (GSK),THYROXIN 100MCG,100MCG,tablet,df-2929601942,GSK,false,true
946,THYRONORM,THYRONORM 100MCG TAB (THYROXINE) (ABBOTT) {#},THYROXIN 100MCG,100MCG,tablet,df-2929601942,ABBOTT,false,true
8325,RIFAGUT,RIFAGUT 550MG TAB (RIFAXIMIN) (SUN),RIFAXIMIN 550,550MG,tablet,df-2929601942,SUN,false,true
9723,PEMEX,PEMEX (PEMETREXED) 500MG INJ (UNITED BIOTECH),PEMETREXED,,injection,df-7435419319,UNITED BIOTECH,false,true
9784,REFRESH LIQUIGEL EYE,REFRESH LIQUIGEL EYE DROP 10ML (ALLERGAN),METHYL CELLULOSE,10ML,drop,df-2859918947,ALLERGAN,false,true
13305,ILUMI EYE,ILUMI EYE DROP 10ML (CARBOXY METHYL CELLULOSE) (AQUA),METHYL CELLULOSE,10ML,drop,df-2859918947,AQUA,false,true
6799,TAXIM O,TAXIM O 400MG TAB (CEFIXIME) (ALKEM),CEFIXIME 400MG,400MG,tablet,df-2929601942,ALKEM,false,true
13472,EXEMPTIA,EXEMPTIA (ADALLMUMAB) 40MG INJ (ZYDUS CADILA),ADALLMUMAB 40MG,,injection,df-7435419319,ZYDUS CADILA,false,true
846,FORACORT  INHALER,FORACORT 100MCG INHALER (FORMOTEROL+BUDESONIDE) (CIPLA),FORMETROL FUMERATE & BUDESONIDE,100MCG,inhaler,df-6760636010,CIPLA,false,true
847,FORACORT  INHALER,FORACORT 200MCG INHALER (FORMOTEROL+BUDESONIDE) (CIPLA),FORMETROL FUMERATE & BUDESONIDE,200MCG,inhaler,df-6760636010,CIPLA,false,true
848,FORACORT  INHALER,FORACORT 400MCG INHALER (FORMOTEROL+BUDESONIDE) (CIPLA),FORMETROL FUMERATE & BUDESONIDE,400MCG,inhaler,df-6760636010,CIPLA,false,true
856,FORACORT FORTE INHALER,FORACORT FORTE INHALER (FORMOTEROL+BUDESONIDE) (CIPLA),FORMETROL FUMERATE & BUDESONIDE,,inhaler,df-6760636010,CIPLA,false,true
346,FORACORT  RESPULES,FORACORT 0.5MG RESPULES (FORMOTEROL+BUDESONIDE) (CIPLA),FORMETROL FUMERATE & BUDESONIDE,0.5MG,respule,df-9534758258,CIPLA,false,true
253,REGLAN,REGLAN (METOCLOPRAMIDE) 2ML INJ (CFL),METOCLOPRAMIDE,,injection,df-7435419319,CFL,false,true
632,PERINORM,PERINORM (METOCLOPRAMIDE) 2ML INJ (IPCA),METOCLOPRAMIDE,,injection,df-7435419319,IPCA,false,true
633,PERINORM,PERINORM 10MG TAB (METOCLOPRAMIDE) (IPCA),METOCLOPRAMIDE,10MG,tablet,df-2929601942,IPCA,false,true
3321,UNIENZYME,UNIENZYME TAB (FUNGAL DIASTASE+PAPAIN+CHARCOAL) (TORRENT),PAPYTAZYME,,tablet,df-2929601942,TORRENT,false,true
3528,ROSEDAY,ROSEDAY 40MG TAB (ROSUVASTATIN) (USV),ROSUVASTATIN 40 MG,40MG,tablet,df-2929601942,USV,false,true
3484,NS,NS (SODIUM CHLORIDE 0.9%) PLASTIC 1000ML (FRESENIUS),SODIUM CHLORIDE 0.9% 1000ML,,infusion,df-374189216,FRESENIUS,false,true
173,NS,NS (SODIUM CHLORIDE 0.9%) PLASTIC 1000ML (CLARIS),SODIUM CHLORIDE 0.9% 1000ML,,infusion,df-374189216,CLARIS,false,true
10342,NS FREEFLEX,NS FREEFLEX 1000ML (FRESENIUS),SODIUM CHLORIDE 0.9% 1000ML,1000ML,infusion,df-374189216,FRESENIUS,false,true
14098,NS,NS (SODIUM CHLORIDE 0.9%) PLASTIC 1000ML (VISION),SODIUM CHLORIDE 0.9% 1000ML,,infusion,df-374189216,VISION,false,true
15566,NS,NS (SODIUM CHLORIDE 0.9%) PLASTIC 1000ML (SKKL),SODIUM CHLORIDE 0.9% 1000ML,,infusion,df-374189216,SKKL,false,true
7904,TAZOREN,TAZOREN (PIPERACILLIN 4GM+TAZOBACTAM 500MG) 4.5GM INJ (LA RENON),PIPERACILLIN+TAZOBACTUM 4.5GM,,injection,df-7435419319,LA RENON,false,true
11972,PIPZAM,PIPZAM (PIPERACILLIN 4GM+TAZOBACTAM 500MG) 4.5GM INJ (UNITED BIOTECH),PIPERACILLIN+TAZOBACTUM 4.5GM,,injection,df-7435419319,BIOTECH,false,true
868,TAZACT,TAZACT (PIPERACILLIN+TAZOBACTAM) 4.5GM INJ (CIPLA),PIPERACILLIN+TAZOBACTUM 4.5GM,,injection,df-7435419319,CIPLA,false,true
1051,TAZONET,TAZONET (PIPERACILLIN+TAZOBACTAM) 4.5GM INJ (NETWORK PHARMA),PIPERACILLIN+TAZOBACTUM 4.5GM,,injection,df-7435419319,NETWORK PHARMA,false,true
2453,ACIVIR,ACIVIR 5% CREAM 5GM (ACYCLOVIR) (CIPLA),ACYCLOVIR 5%5GM,5%,cream,df-3472438845,CIPLA,false,true
6714,HERPEX,HERPEX 5% CREAM 5GM (ACYCLOVIR) (TORRENT),ACYCLOVIR 5%5GM,5%,cream,df-3472438845,TORRENT,false,true
6761,TIDE PLUS,TIDE PLUS 20MG TAB (TORSEMIDE+SPIRONOLACTONE) (TORRENT),TORSEMIDE+SPIRONOLACTONE,20MG,tablet,df-2929601942,TORRENT,false,true
2578,DYTOR PLUS,DYTOR PLUS 5MG TAB (TORSEMIDE+SPIRONOLACTONE) (CIPLA),TORSEMIDE+SPIRONOLACTONE,5MG,tablet,df-2929601942,CIPLA,false,true
2800,TIDE PLUS,TIDE PLUS 10/25MG TAB (TORSEMIDE+SPIRONOLACTONE) (TORRENT),TORSEMIDE+SPIRONOLACTONE,10/25MG,tablet,df-2929601942,TORRENT,false,true
289,DYTOR PLUS,DYTOR PLUS 10/50MG TAB (TORSEMIDE+SPIRONOLACTONE) (CIPLA),TORSEMIDE+SPIRONOLACTONE,10/50MG,tablet,df-2929601942,CIPLA,false,true
290,DYTOR PLUS,DYTOR PLUS 20MG TAB (TORSEMIDE+SPIRONOLACTONE) (CIPLA),TORSEMIDE+SPIRONOLACTONE,20MG,tablet,df-2929601942,CIPLA,false,true
291,DYTOR PLUS LS10/,DYTOR PLUS LS10/25MG TAB (TORSEMIDE+SPIRONOLACTONE) (CIPLA),TORSEMIDE+SPIRONOLACTONE,25MG,tablet,df-2929601942,CIPLA,false,true
6217,ABZORB,ABZORB POWDER (CLOTRIMAZOLE) (SUN),CLOTRIMAZOLE POWDER,,powder,df-9603977956,SUN,false,true
16715,CANDID,CANDID POWDER (CLOTRIMAZOLE) (GLENMARK),CLOTRIMAZOLE POWDER,,powder,df-9603977956,GLENMARK,false,true
970,MONOTRATE,MONOTRATE 20MG TAB (ISOSORBIDE MONONITRATE) (SUN),ISOSORBIDE 5-MONO-NITRATE 20MG,20MG,tablet,df-2929601942,SUN,false,true
843,FLEXON MR,FLEXON MR TABLET (IBUPROFEN+PARACETAMOL+CHLORZOXANE) (ARISTO),IBUPROFEN+PCM,,tablet,df-2929601942,ARISTO,false,true
644,FLEXON,FLEXON TAB (IBUPROFEN+PARACETAMOL) (ARISTO) {*},IBUPROFEN+PCM,,tablet,df-2929601942,ARISTO,false,true
649,COMBIFLAM,COMBIFLAM TAB (IBUPROFEN+PARACETAMOL) (SANOFI) {*},IBUPROFEN+PCM,,tablet,df-2929601942,SANOFI,false,true
3604,IBUGESIC PLUS,IBUGESIC PLUS 100ML SYP (CIPLA),IBUPROFEN+PCM,100ML,syrup,df-4608470948,CIPLA,false,true
1532,COMBIFLAM,COMBIFLAM 60ML SYP (AVENTIS),IBUPROFEN+PCM,60ML,syrup,df-4608470948,AVENTIS,false,true
15782,FLEXON,FLEXON 100ML SYP (ARISTOI),IBUPROFEN+PCM,100ML,syrup,df-4608470948,ARISTO,false,true
11606,INZIT,INZIT 8MG TAB (BENIDIPINE) (ERIS),BENIDIPINE 8MG,8MG,tablet,df-2929601942,ERIS,false,true
8235,DECAPEPTYL,DECAPEPTYL (TRIPTORELIN) 3.75MG INJ (FERRING),TRIPTORELIN,,injection,df-7435419319,FERRING,false,true
12556,DECAPEPTYL,DECAPEPTYL (TRIPTORELIN) 0.1MG INJ (FERRING),TRIPTORELIN,,injection,df-7435419319,FERRING,false,true
10259,ETIZOLA,ETIZOLA 0.5MG TAB (ETIZOLAM) (MACLEODS),ETIZOLAM 0.5MG,0.5MG,tablet,df-2929601942,MACLEODS,false,true
4039,ETILAAM MD,ETILAAM MD 0.5MG TAB (ETIZOLAM) (INTAS),ETIZOLAM 0.5MG,0.5MG,tablet,df-2929601942,INTAS,false,true
3126,ETILAAM,ETILAAM 0.5MG TAB (ETIZOLAM) (INTAS),ETIZOLAM 0.5MG,0.5MG,tablet,df-2929601942,INTAS,false,true
975,ADVENT,ADVENT (AMOXYCILLIN+POTASSIUM CLAVULANATE) 1.2GM INJ (CIPLA) {*},AMOXYCILLIN 1000+CLAVULANIC ACID 200,,injection,df-7435419319,CIPLA,false,true
687,NIPRESS,NIPRESS (SODIUM NITROPRUSIDE) 50MG INJ (SAMARTH),SODIUM NITROPRUSSIDE 50MG,,injection,df-7435419319,SAMARTH,false,true
3461,LOBATE GM,LOBATE GM CREAM (MICONAZOLE+CLOBETASOL+NEOMYCIN) (ABBOTT),"CLOBETASOL,PROPIONATE,MICONAZOLE,NEOMYCIN",,cream,df-3472438845,ABBOTT,false,true
9004,PROPYDERM-NF,PROPYDERM-NF CREAM 10GM (H&H),"CLOBETASOL,PROPIONATE,MICONAZOLE,NEOMYCIN",10GM,cream,df-3472438845,H&H,false,true
10416,PROPYNATE NF LOTION,PROPYNATE NF LOTION 25ML (BECLOMETHASONE) (H&H),"CLOBETASOL,PROPIONATE,MICONAZOLE,NEOMYCIN",25ML,lotion,df-6941042110,H&H,false,true
6220,TENOVATE-GN,TENOVATE-GN CREAM (CLOBETASOL+NEOMYCIN) (GSK),"CLOBETASOL,PROPIONATE,MICONAZOLE,NEOMYCIN",,cream,df-3472438845,GSK,false,true
16734,EUMOSONE M,EUMOSONE M CREAM 15GM (CLOBETASONE+MICONAZOLE) (GSK),"CLOBETASOL,PROPIONATE,MICONAZOLE,NEOMYCIN",15GM,cream,df-3472438845,GSK,false,true
17228,FOURDERM,FOURDERM CREAM 20GM (CIPLA),"CLOBETASOL,PROPIONATE,MICONAZOLE,NEOMYCIN",20GM,cream,df-3472438845,CIPLA,false,true
4961,TRIPRIDE,TRIPRIDE 1MG TAB (GLIMEPIRIDE+PIOGLITAZONE+METFORMIN) (MICRO),GLIMIPRIDE+METFORMIN+PIOGLITAZONE,1MG,tablet,df-2929601942,MICRO,false,true
2501,GLUCONORM PG2,GLUCONORM PG2 TAB (GLIMEPIRIDE+PIOGLITAZONE+METFORMIN HCL) (LUPIN),GLIMIPRIDE+METFORMIN+PIOGLITAZONE,,tablet,df-2929601942,LUPIN,false,true
4974,TRAPIC MF,TRAPIC MF TAB (TRANEXAMIC ACID+MEFENAMIC ACID) (SUN),TRANEXAMIC ACID+MEFENAMIC ACID,,tablet,df-2929601942,SUN,false,true
2671,ATEN,ATEN 50MG TAB (ATENOLOL) (ZYDUS CADILA),ATENOLOL 50MG,50MG,tablet,df-2929601942,ZYDUS CADILA,false,true
3320,MODLIP ASG,MODLIP ASG 75MG CAP (ATORVASTATIN+ASPIRIN) (TORRENT),ATORVASTATIN + ASPIRIN + GLYCINE,75MG,capsule,df-9555626637,TORRENT,false,true
6367,AZTOGOLD,AZTOGOLD 10MG CAP (ATORVASTATIN+ASPIRIN+CLOPIDOGREL) (SUN),ATORVASTATIN + ASPIRIN + GLYCINE,10MG,capsule,df-9555626637,SUN,false,true
6368,AZTOGOLD,AZTOGOLD 20MG TAB (ATORVASTATIN+ASPIRIN+CLOPIDOGREL) (SUN),ATORVASTATIN + ASPIRIN + GLYCINE,20MG,tablet,df-2929601942,SUN,false,true
5433,MONOCEF,MONOCEF (CEFTRIAXONE) 125MG INJ (ARISTO),CEFTRIAXONE 125MG,,injection,df-7435419319,ARISTO,false,true
10227,JILAZO,JILAZO (IRON ISOMALTOSIDE) 500MG INJ (LUPIN),IRON ISOMALTOSE INJ,,injection,df-7435419319,LUPIN,false,true
15760,UDISTRONG,UDISTRONG 6.5GM SACHET (ABBOTT),HISTIDINE + ISOLEUCINE + LEUCINE,6.5GM,powder,df-9603977956,ABBOTT,false,true
2902,MEDROL,MEDROL 4MG TAB (METHYLPREDNISOLONE) (PFIZER),METHYL PREDNISOLONE 4MG,4MG,tablet,df-2929601942,PFIZER,false,true
2955,ROPIN,ROPIN (ROPIVACAINE) 0.2% 20ML INJ (NEON),ROPIVACANE HCL,,injection,df-7435419319,NEON,false,true
2956,ROPIN,ROPIN (ROPIVACAINE) 0.75% 4ML INJ (NEON),ROPIVACANE HCL,,injection,df-7435419319,NEON,false,true
2957,ROPIN,ROPIN (ROPIVACAINE) 0.5% 10ML INJ (NEON),ROPIVACANE HCL,,injection,df-7435419319,NEON,false,true
2958,ROPIN,ROPIN (ROPIVACAINE) 0.75% 20ML INJ (NEON),ROPIVACANE HCL,,injection,df-7435419319,NEON,false,true
13002,NAROPIN,NAROPIN 0.2% (ROPIVACAINE) 20ML INJ (ZYDUS CADILA),ROPIVACANE HCL,0.2%,injection,df-7435419319,ZYDUS CADILA,false,true
13000,NAROPIN,NAROPIN 0.75% (ROPIVACAINE) 20ML INJ (ZYDUS CADILA),ROPIVACANE HCL,0.75%,injection,df-7435419319,ZYDUS CADILA,false,true
12555,LETOVAL,LETOVAL 2.5MG TAB (LETROZOLE) (SUN),Letrozole,2.5MG,tablet,df-2929601942,SUN,false,true
688,ARTACIL,ARTACIL (ATRACURIUM) 2.5ML INJ (NEON),ARTRACURIUM BESYLATE,,injection,df-7435419319,NEON,false,true
4071,NORTRYPTOMER-P,NORTRYPTOMER-P TAB (NORTRIPTYLINE+PREGABALIN) (DR REDDY),"NORTRIPTYLINE 10 MG,PREGABALIN 75 MG",,tablet,df-2929601942,DR REDDY,false,true
11933,ROPARK,ROPARK 0.25MG TAB (ROPINIROLE) (SUN),ROPINIROLE 0.25MG,0.25MG,tablet,df-2929601942,SUN,false,true
7828,BETNESOL,BETNESOL (BETAMETHASONE) INJ (GSK),BETAMETHASONE 5ML,,injection,df-7435419319,GSK,false,true
3053,BETNESOL,BETNESOL TAB (BETAMETHASONE) (GSK),BETAMETHASONE 0.5MG,,tablet,df-2929601942,GSK,false,true
2008,BETNOVATE,BETNOVATE CREAM 20GM (BETAMETHASONE) (GSK),BETAMETHASONE 0.5MG,20GM,cream,df-3472438845,GSK,false,true
3151,SYMBAL,SYMBAL 30MG TAB (DULOXETINE) (TORRENT),DULOXETINE 30MG,30MG,tablet,df-2929601942,TORRENT,false,true
2878,DUZELA,DUZELA 30MG CAP (DULOXETINE) (SUN PHARMA),DULOXETINE 30MG,30MG,capsule,df-9555626637,SUN,false,true
6584,DULOT,DULOT 30MG CAP (DULOXETINE) (LUPIN),DULOXETINE 30MG,30MG,capsule,df-9555626637,LUPIN,false,true
2943,NORFLOX TZ,NORFLOX TZ TAB (NORFLOXACIN+TINIDAZOLE) (CIPLA),NORFLOXACIN+TINIDAZOLE,,tablet,df-2929601942,CIPLA,false,true
2973,GANATON,GANATON 50MG TAB (ITOPRIDE HCL) (ABBOTT),ITOPRIDE 50MG,50MG,tablet,df-2929601942,ABBOTT,false,true
16223,SYMBAL,SYMBAL 40MG TAB (DULOXETINE) (TORRENT),DULOXETINE 40MG,40MG,tablet,df-2929601942,TORRENT,false,true
1555,MORPHITROY,MORPHITROY (MORPHINE) 1ML INJ (TROIKAA),MORPHINE,,injection,df-7435419319,TROIKAA,false,true
11822,THEMIMORF,THEMIMORF (MORPHINE) 1ML INJ (THEMIS),MORPHINE,,injection,df-7435419319,THEMIS,false,true
6365,ULTRA-D3,ULTRA-D3 DROP (VITAMIN D3) (MEYER),VITAMINE D3,,drop,df-2859918947,MEYER,false,true
5767,HI-D,HI-D DROP 15ML (VITAMIN D) (AKUMENTIS),VITAMINE D3,15ML,drop,df-2859918947,AKUMENTIS,false,true
6599,TROPICACYL EYE,TROPICACYL EYE DROP 5ML (TROPECAMIDE) (SUNWAYS),TROPICAMIDE,5ML,drop,df-2859918947,SUNWAYS,false,true
12788,FML-T EYE,FML-T EYE DROP 5ML (ALLERGAN),TROPICAMIDE,5ML,drop,df-2859918947,ALLERGAN,false,true
969,BIO D3,BIO D3 0.25MG CAP (CALCITRIOL) (MACLEODS),CALCITIROL 0.25MG,0.25MG,capsule,df-9555626637,MACLEODS,false,true
5769,MASTER CLAVE,MASTER CLAVE SYP (AKUMENTIS),AMOXYCILLIN 400+CLAVULANIC ACID 57MG,,syrup,df-4608470948,AKUMENTIS,false,true
8176,AMARYL MV1,AMARYL MV1 TAB (METFORMIN HCL+GLIMEPIRIDE+VOGLIBOSE) (SANOFI),GLIMIPRIDE METFORMIN VOGLOBOSE,,tablet,df-2929601942,SANOFI,false,true
8184,AMARYL MV,AMARYL MV 2MG TAB (METFORMIN HCL+GLIMEPIRIDE+VOGLIBOSE) (SANOFI),GLIMIPRIDE METFORMIN VOGLOBOSE,2MG,tablet,df-2929601942,SANOFI,false,true
15410,APRIGLIM MV303,APRIGLIM MV303 TAB (GLIMEPIRIDE+METFORMIN+VOGLIBOSE) (APRICA),GLIMIPRIDE METFORMIN VOGLOBOSE,,tablet,df-2929601942,APRICA,false,true
15721,SCORBIX 1.5,SCORBIX 1.5 (ASCORBIC ACID) INJ (FUSION),VITAMINE C,,injection,df-7435419319,FUSION,false,true
14109,CELIN CHEWABLE,CELIN CHEWABLE TAB (ASCORBIC ACID+SODIUM ASCORBATE) (KOYE),VITAMINE C,,tablet,df-2929601942,KOYE,false,true
17110,ASCORJET 1.5,ASCORJET 1.5 (ASCORBIC ACID) INJ (ALNICHE),VITAMINE C,,injection,df-7435419319,FUSION,false,true
17406,ZAC D NEURO,ZAC D NEURO TAB (VITAMIN C+ZINC+VITAMIN D3+VITAMIN A+SELENIUM+FOLIC ACID) (ERIS),VITAMINE C,,tablet,df-2929601942,ERIS,false,true
944,LIMCEE,LIMCEE TAB (VITAMIN-C) (NICHOLAS),VITAMINE C,,tablet,df-2929601942,NICHOLAS,false,true
487,VITAMIN C,VITAMIN C (ASCORBIC ACID) 5ML INJ (RATHI LAB),VITAMINE C,,injection,df-7435419319,RATHI LAB,false,true
8385,REFZIL-O,REFZIL-O 125MG SYP (SUN),CEFPROZIL 125MG,125MG,syrup,df-4608470948,SUN,false,true
5428,CARCA,CARCA 3.125MG TAB (CARVEDILOL) (INTAS) {*},CARVEDILOL 3.125 MG,3.125MG,tablet,df-2929601942,INTAS,false,true
748,CARDIVAS,CARDIVAS 3.125MG TAB (CARVEDILOL) (SUN PHARMA),CARVEDILOL 3.125 MG,3.125MG,tablet,df-2929601942,SUN,false,true
5789,PIOGLIT,PIOGLIT 15MG TAB (PIOGLITAZONE) (SUN),PIOGLITAZONE 15MG,15MG,tablet,df-2929601942,SUN,false,true
15508,PIOZ,PIOZ 15MG TAB (PIOGLITAZONE) (USV),PIOGLITAZONE 15MG,15MG,tablet,df-2929601942,USV,false,true
5593,FENOBARB,FENOBARB (PHENOBARBITON) 200MG INJ (SAMARTH) {*},PHENOBARBITONE,,injection,df-7435419319,SAMARTH,false,true
3140,GARDENAL,GARDENAL 60MG TAB (PHENOBARBITONE) (ABBOTT),PHENOBARBITONE,60MG,tablet,df-2929601942,ABBOTT,false,true
2072,LOSAR A,LOSAR A TAB (LOSARTAN+AMLODIPINE) (TORRENT),AMLODIPIN+LOSARTAN,,tablet,df-2929601942,TORRENT,false,true
7581,AMLOZAAR,AMLOZAAR TAB (LOSARTAN+AMLODIPINE) (MICRO),AMLODIPIN+LOSARTAN,,tablet,df-2929601942,MICRO,false,true
17160,ARICEP,ARICEP 5MG TAB (DONEPEZIL HCL) (EISAI),DONEPEZIL 5MG,5MG,tablet,df-2929601942,EISAI,false,true
1500,AMBISTRYN-S,AMBISTRYN-S (STREPTOMYCIN) 0.75GM INJ (NICHOLAS),STREPTOMYCIN,,injection,df-7435419319,NICHOLAS,false,true
1501,AMBISTRYN-S,AMBISTRYN-S (STREPTOMYCIN) 1GM INJ (NICHOLAS),STREPTOMYCIN,,injection,df-7435419319,NICHOLAS,false,true
2911,NEBISTAR,NEBISTAR 2.5MG TAB (NEBIVOLOL HCL) (LUPIN),NEBIVOLOL 2.5MG,2.5MG,tablet,df-2929601942,LUPIN,false,true
292,NEBICARD,NEBICARD 2.5MG TAB (NEBIVOLOL HCL) (TORRENT),NEBIVOLOL 2.5MG,2.5MG,tablet,df-2929601942,TORRENT,false,true
5142,BISPEC,BISPEC 10MG TAB (SOLIFENACIN) (DR.REDDY),SOLIFENACIN 10MG,10MG,tablet,df-2929601942,DR REDDY,false,true
16380,SOLICEPT,SOLICEPT 10MG TAB (SOLIFENACIN) (LUPIN),SOLIFENACIN 10MG,10MG,tablet,df-2929601942,LUPIN,false,true
2595,ROXID,ROXID 150MG TAB (ROXITHROMYCIN) (ALEMBIC),ROXITHROMYCIN 150MG,150MG,tablet,df-2929601942,ALEMBIC,false,true
1782,MUCYST,MUCYST (STERILE ACETYLCYSTEINE) 5ML INJ (NEON),N-ACETYLCYCSTEINE 5ML,,injection,df-7435419319,NEON,false,true
13884,MUCOMELT,MUCOMELT (STERILE ACETYLCYSTEINE) 5ML INJ (VENUS),N-ACETYLCYCSTEINE 5ML,,injection,df-7435419319,VENUS,false,true
3145,TOPAZ,TOPAZ 25MG TAB (TOPIRAMATE) (INTAS),TOPIRAMATE 25MG,25MG,tablet,df-2929601942,INTAS,false,true
4995,KETOROL DT,KETOROL DT 10MG TAB (KETOROLAC) (DR. REDDY),KETOROLAC TROMETHAMINE 10mg,10MG,tablet,df-2929601942,DR REDDY,false,true
4065,URIMAX F,URIMAX F CAP (TAMSULOSIN HCL+FINASTERIDE) (CIPLA),TAMSULOSIN+FINASTERIDE,,capsule,df-9555626637,CIPLA,false,true
8892,TAZIRA,TAZIRA (PIPERACILLIN 4GM+TAZOBACTAM 500MG) 4.5GM INJ (ABBOTT),PIPERACILLIN+TAZOBACTUM,,injection,df-7435419319,ABBOTT,false,true
14588,VALPARIN,VALPARIN 200 ML SYP (SANOFI),VALPROATE SODIUM,200 ML,syrup,df-4608470948,SANOFI,false,true
8776,PTH,PTH 30MG TAB (CINACALCET HCL) (INTAS),CINACALCET 30MG,30MG,tablet,df-2929601942,INTAS,false,true
1350,METROGYL,METROGYL 400MG TAB (METRONIDAZOLE) (J B CHEMICAL),METRONIDAZOLE 400mg,400MG,tablet,df-2929601942,JB CHEMICALS,false,true
15781,METROGYL ER,METROGYL ER 600MG TAB (METRONIDAZOLE) (J.B. CHEMICAL),METRONIDAZOLE 400mg,600MG,tablet,df-2929601942,JB CHEMICALS,false,true
13107,GABANTIP AT,GABANTIP AT 300MG TAB (GABAPENTIN+AMITRIPTYLINE) (SUN),GABAPENTIN + AMITRIPTYLINE HCL,300MG,tablet,df-2929601942,SUN,false,true
2661,MNEM,MNEM (MEROPENEM) 1GM INJ (SANOFI),MEROPENEM 1000MG,,injection,df-7435419319,SANOFI,false,true
8718,MEROVAZ,MEROVAZ (MEROPENEM) 1G INJ (ZYDUS CADILA),MEROPENEM 1000MG,,injection,df-7435419319,ZYDUS CADILA,false,true
276,CARDACE,CARDACE 2.5MG TAB (RAMIPRIL) (SANOFI) {*},RAMIPRIL 2.5MG,2.5MG,tablet,df-2929601942,SANOFI,false,true
381,RAMISTAR,RAMISTAR 2.5MG TAB (RAMIPRIL) (LUPIN),RAMIPRIL 2.5MG,2.5MG,tablet,df-2929601942,LUPIN,false,true
15507,HOPACE,HOPACE 2.5MG TAB (RAMIPRIL) (MICRO),RAMIPRIL 2.5MG,2.5MG,tablet,df-2929601942,MICRO,false,true
15759,AMLONG,AMLONG 10MG TAB (AMLODIPINE) (MICRO),AMLODIPIN 10MG,10MG,tablet,df-2929601942,MICRO,false,true
3953,AMLOPRES,AMLOPRES 10MG TAB (AMLODIPINE) (CIPLA) {*},AMLODIPIN 10MG,10MG,tablet,df-2929601942,CIPLA,false,true
4067,AMLOGARD,AMLOGARD 10MG TAB (AMLODIPINE) (PFIZER),AMLODIPIN 10MG,10MG,tablet,df-2929601942,PFIZER,false,true
1178,ROCUNIUM,ROCUNIUM (ROCURONIUM)  50MG 5ML INJ (NEON),ROCURONIUM 50MG,,injection,df-7435419319,NEON,false,true
6901,GAVIR,GAVIR (GANCICLOVIR) 500MG INJ (UNITED BIOTECH),GANCICLOVIR 500MG,,injection,df-7435419319,UNITED BIOTECH,false,true
16259,LAMETEC DT,LAMETEC DT 50MG TAB (LAMOTRIGINE) (CIPLA),LAMOTRIGINE 50MG,50MG,tablet,df-2929601942,CIPLA,false,true
6832,OLVANCE AM,OLVANCE AM 20MG TAB (OLMESARTAN+AMLODIPINE) (SUN),OLMESARTAN &AMLODIPINE,20MG,tablet,df-2929601942,SUN,false,true
6833,OLVANCE AM,OLVANCE AM 40MG TAB (OLMESARTAN+AMLODIPINE) (SUN),OLMESARTAN &AMLODIPINE,40MG,tablet,df-2929601942,SUN,false,true
2872,TRIOLMEZEST,TRIOLMEZEST TAB (OLMESARTAN+AMLODIPINE+HYDROCHLOROTHIAZIDE) (SUN),OLMESARTAN &AMLODIPINE,,tablet,df-2929601942,SUN,false,true
2473,OLMEZEST AM,OLMEZEST AM 20MG TAB (OLMESARTAN+AMLODIPINE) (SUN),OLMESARTAN &AMLODIPINE,20MG,tablet,df-2929601942,SUN,false,true
256,PHENERGAN,PHENERGAN (PROMETHAZINE) 2ML INJ (ABBOTT),PROMETHAZINE THEOCLATE 25MG,,injection,df-7435419319,ABBOTT,false,true
909,FLEXURA D,FLEXURA D TAB (METAXALONE+DICLOFENAC) (SUN),METOXALONE & DICLOFENAC POTASSIUM,,tablet,df-2929601942,SUN,false,true
655,RANTAC,RANTAC 150MG TAB (RANITIDINE) (J. B. CHEMICALS)  {*},RANITIDINE 150mg,150MG,tablet,df-2929601942,JB CHEMICALS,false,true
767,CARDACE H,CARDACE H 2.5MG TAB (RAMIPRIL+HYDROCHLOROTHIAZIDE) (SANOFI),RAMIPRIL+HYDROCHLORTHIAZIDE,2.5MG,tablet,df-2929601942,SANOFI,false,true
1278,CARDACE H,CARDACE H 10MG TAB (RAMIPRIL+HYDROCHLOROTHIAZIDE) (SANOFI),RAMIPRIL+HYDROCHLORTHIAZIDE,10MG,tablet,df-2929601942,SANOFI,false,true
1425,CARDACE H,CARDACE H 5MG TAB (RAMIPRIL+HYDROCHLOROTHIAZIDE) (SANOFI),RAMIPRIL+HYDROCHLORTHIAZIDE,5MG,tablet,df-2929601942,SANOFI,false,true
5417,OMNACORTIL,OMNACORTIL 30MG TAB (PREDNISOLONE) (MACLEODS),prednisolon 30,30MG,tablet,df-2929601942,MACLEODS,false,true
11932,ZILSAR,ZILSAR 40MG TAB (AZILSARTAN) (TORRENT),AZILSARTAN,40MG,tablet,df-2929601942,TORRENT,false,true
11245,AZTRIC,AZTRIC 40MG TAB (AZILSARTAN) (INTAS),AZILSARTAN,40MG,tablet,df-2929601942,INTAS,false,true
11345,CANESTEN,CANESTEN CREAM 15GM (CLOTRIMAZOLE) (BAYER),CLOTRIMAZOLE CREAM,15GM,cream,df-3472438845,BAYER,false,true
2026,CANDID,CANDID CREAM (CLOTRIMAZOLE) (GLENMARK),CLOTRIMAZOLE CREAM,,cream,df-3472438845,GLENMARK,false,true
3510,LAMETEC DT,LAMETEC DT 100MG TAB (LAMOTRIGINE) (CIPLA),LAMOTRIGINE 25MG,100MG,tablet,df-2929601942,CIPLA,false,true
11806,LAMITOR DT,LAMITOR DT 25MG TAB (LAMOTRIGINE) (TORRENT),LAMOTRIGINE 25MG,25MG,tablet,df-2929601942,TORRENT,false,true
16260,LAMETEC DT,LAMETEC DT 25MG TAB (LAMOTRIGINE) (CIPLA),LAMOTRIGINE 25MG,25MG,tablet,df-2929601942,CIPLA,false,true
8474,RECLIDE XR,RECLIDE XR 60MG TAB (GLICLAZIDE) (DR REDDY),GLICLAZIDE 60MG,60MG,tablet,df-2929601942,DR REDDY,false,true
4112,DIAMICRON XR,DIAMICRON XR 60MG TAB (GLICLAZIDE) (SERDIA),GLICLAZIDE 60MG,60MG,tablet,df-2929601942,SERDIA,false,true
7703,MCBM 69,MCBM 69 TAB (METHYLCOBALAMIN+PYRIDOXINE HCL+FOLIC ACID) (INDOCO),METHYLCOBALAMINE+PYRIDOXINE+FOLIC ACID,,tablet,df-2929601942,INDOCO,false,true
12838,POTASSIUM PERMAGNATE,POTASSIUM PERMAGNATE POWDER 20GM (BIO LAB),POTASSIUM PEMAGNATE,20GM,powder,df-9603977956,BIO LAB,false,true
1494,ECONORM,ECONORM 250MG CAP (SACCHAROMYCES BOULARDII) (DR. REDDYS),SACCHAROMYCES BOULARDIL 250MG,250MG,capsule,df-9555626637,DR REDDY,false,true
1344,ECONORM,ECONORM SACHET (SACCHAROMYCES) (DR REDDY),SACCHAROMYCES BOULARDIL 250MG,,powder,df-9603977956,DR REDDY,false,true
627,ZYTANIX,ZYTANIX 5MG TAB (METOLAZONE) (ZYDUS),METOLAZONE 5MG,5MG,tablet,df-2929601942,ZYDUS CADILA,false,true
3036,PRAMIPEX,PRAMIPEX 0.5MG TAB (PRAMIPEXOLE) (SUN),PRAMIPEXIDOLE DIHYDROCHLORIDE,0.5MG,tablet,df-2929601942,SUN,false,true
16252,PRAMIROL,PRAMIROL 0.125MG TAB (PRAMIPEXOLE) (INTAS),PRAMIPEXIDOLE DIHYDROCHLORIDE,0.125MG,tablet,df-2929601942,INTAS,false,true
6863,XYZAL,XYZAL 60ML SYP (DR REDDY),LEVOCETIRIZINE 5MG,60ML,syrup,df-4608470948,DR REDDY,false,true
6540,XYZAL,XYZAL 5MG TAB (LEVOCETIRIZINE) (DR.REDDY),LEVOCETIRIZINE 5MG,5MG,tablet,df-2929601942,DR REDDY,false,true
4886,TARGOCID,TARGOCID (TEICOPLANIN) 200MG INJ (SANOFI),TEICOPLANIN 200MG,,injection,df-7435419319,SANOFI,false,true
2659,TECOREN,TECOREN (TEICOPLANIN) 200MG INJ (LG LIFESCIENCES),TEICOPLANIN 200MG,,injection,df-7435419319,LG LIFESCIENCES,false,true
1235,TICOCIN,TICOCIN (TEICOPLANIN) 200MG INJ (CIPLA),TEICOPLANIN 200MG,,injection,df-7435419319,CIPLA,false,true
5315,KETAMAX,KETAMAX (KETAMINE) 10MG INJ (TROIKAA),KETAMINE 10MG/ML,,injection,df-7435419319,TROIKAA,false,true
757,LOSACAR,LOSACAR 25MG TAB (LOSARTAN POTASSIUM) (ZYDUS),LOSARTAN 25MG,25MG,tablet,df-2929601942,ZYDUS CARDIVA,false,true
3456,LOSAR,LOSAR 25MG TAB (LOSARTAN) (TORRENT),LOSARTAN 25MG,25MG,tablet,df-2929601942,TORRENT,false,true
2392,ORNIDA,ORNIDA 500MG TAB (ORNIDAZOLE) (ARISTO),ORNIDAZOLE,500MG,tablet,df-2929601942,ARISTO,false,true
864,CONCOR,CONCOR 5MG TAB (BISOPROLOL) (MERCK),BISOPROLOL 5MG,5MG,tablet,df-2929601942,MERCK,false,true
15775,CORBIS,CORBIS 5MG TAB (BISOPROLOL) (TORRENT),BISOPROLOL 5MG,5MG,tablet,df-2929601942,TORRENT,false,true
14496,TELSAR CH,TELSAR CH 40/12.5MG TAB (TELMISARTAN+CHLORTHALIDONE) (TORRENT),TELMISARTAN+CHLORTHALIDONE,40/12.5MG,tablet,df-2929601942,TORRENT,false,true
14497,TELSAR CH,TELSAR CH 40/6.25MG TAB (TELMISARTAN+CHLORTHALIDONE) (TORRENT),TELMISARTAN+CHLORTHALIDONE,40/6.25MG,tablet,df-2929601942,TORRENT,false,true
14498,TELSAR CH,TELSAR CH 80/12.5MG TAB (TELMISARTAN+CHLORTHALIDONE) (TORRENT),TELMISARTAN+CHLORTHALIDONE,80/12.5MG,tablet,df-2929601942,TORRENT,false,true
13818,TELMIKIND CT,TELMIKIND CT 40MG TAB (TELMISARTAN+CHLORTHALIDONE) (MANKIND),TELMISARTAN+CHLORTHALIDONE,40MG,tablet,df-2929601942,MANKIND,false,true
16364,TELMA CT,TELMA CT 80/12.5MG TAB (TELMISARTAN+CHLORTHALIDONE) (GLENMARK),TELMISARTAN+CHLORTHALIDONE,80/12.5MG,tablet,df-2929601942,GLENMARK,false,true
17453,TAZLOC CT,TAZLOC CT 40MG TAB (TELMISARTAN+CHLORTHALIDONE) (USV),TELMISARTAN+CHLORTHALIDONE,40MG,tablet,df-2929601942,USV,false,true
17462,TELNIC CT,TELNIC CT 40MG TAB (TELMISARTAN+CHLORTHALIDONE) (ALNICHE),TELMISARTAN+CHLORTHALIDONE,40MG,tablet,df-2929601942,ALNICHE,false,true
985,TELMA CT,TELMA CT 40/12.5MG TAB(TELMISARTAN+CHLORTHALIDONE) (GLENMARK),TELMISARTAN+CHLORTHALIDONE,40/12.5MG,tablet,df-2929601942,GLENMARK,false,true
986,TELMA CT,TELMA CT 80/6.25MG TAB (TELMISARTAN+CHLORTHALIDONE) (GLENMARK),TELMISARTAN+CHLORTHALIDONE,80/6.25MG,tablet,df-2929601942,GLENMARK,false,true
2100,TELSAR H,TELSAR H TAB (TELMISARTAN+HYDROCHLOROTHIAZIDE) (TORRENT),TELMISARTAN+CHLORTHALIDONE,,tablet,df-2929601942,TORRENT,false,true
5208,ERITEL CH,ERITEL CH 80MG TAB (TELMISARTAN+CHLORTHALIDONE) (ERIS),TELMISARTAN+CHLORTHALIDONE,80MG,tablet,df-2929601942,ERIS,false,true
5194,ERITEL CH,ERITEL CH 40MG TAB (TELMISARTAN+CHLORTHALIDONE) (ERIS),TELMISARTAN+CHLORTHALIDONE,40MG,tablet,df-2929601942,ERIS,false,true
5589,NEXITO,NEXITO 20MG TAB (ESCITALOPRAM) (SUN),ESCITALOPRAM 20MG,20MG,tablet,df-2929601942,SUN,false,true
16233,LIOFEN XL,LIOFEN XL 20MG CAP (BACLOFEN) (SUN),BACLOFEN,20MG,capsule,df-9555626637,SUN,false,true
16723,BACLOF OD,BACLOF OD 20MG TAB (BACLOFEN) (INTAS),BACLOFEN,20MG,tablet,df-2929601942,INTAS,false,true
4770,BUTRUM,BUTRUM (BUTORPHANOL TARTRAE 1MG + SODIUM CHLORIDE 6.4MG) 1MG 1ML INJ (ARISTO),BUTORPHENOL 1MG/ML,,injection,df-7435419319,ARISTO,false,true
1201,OTRIVIN NASAL DROP ADULT,OTRIVIN NASAL DROP ADULT (XYLOMETAZOLINE) (GSK),XYLOMETAZOLINE,,drop,df-2859918947,GSK,false,true
1202,OTRIVIN NASAL DROP PAED,OTRIVIN NASAL DROP PAED (XYLOMETAZOLINE) (GSK),XYLOMETAZOLINE,,drop,df-2859918947,GSK,false,true
2373,NICARDIA CD RETARD,NICARDIA CD RETARD 30MG TAB (NIFEDIPINE) (J.B. CHEMICAL),NIFEDIPINE,30MG,tablet,df-2929601942,JB CHEMICALS,false,true
1450,NICARDIA RETARD,NICARDIA RETARD 20MG TAB (NIFEDIPINE) (J.B.CHEMICAL)  {*},NIFEDIPINE,20MG,tablet,df-2929601942,JB CHEMICALS,false,true
1508,NICARDIA RETARD,NICARDIA RETARD 10MG TAB (NIFEDIPINE) (J.B. CHEMICAL)  {*},NIFEDIPINE,10MG,tablet,df-2929601942,JB CHEMICALS,false,true
10031,NICARDIA XL,NICARDIA XL 30MG TAB (NIFEDIPINE) (J.B. CHEMICAL)  {*},NIFEDIPINE,30MG,tablet,df-2929601942,JB CHEMICALS,false,true
13591,LUPIVESTIN,LUPIVESTIN 500MG TAB (UNIVESTIN) (LUPIN),UNIVESTIN,500MG,tablet,df-2929601942,LUPIN,false,true
1892,LOPEZ,LOPEZ (LORAZEPAM) 2ML INJ (INTAS),LORAZEPAM 2ML,,injection,df-7435419319,INTAS,false,true
920,NAXDOM,NAXDOM 250MG TAB (DOMPERIDONE+NAPROXEN SODIUM) (SUN)  {*},DOMPERIDONE 10MG,250MG,tablet,df-2929601942,SUN,false,true
854,DOMSTAL,DOMSTAL 10MG TAB (DOMPERIDONE) (TORRENT),DOMPERIDONE 10MG,10MG,tablet,df-2929601942,TORRENT,false,true
810,DOM DT,DOM DT 10MG TAB (DOMPERIDONE) (MOREPEN),DOMPERIDONE 10MG,10MG,tablet,df-2929601942,MOREPEN,false,true
8252,IMMUTIL,IMMUTIL 500MG TAB (MYCOPHENOLATE MOFETIL) (LA RENON),MYCOPHENOLIC ACID,500MG,tablet,df-2929601942,LA RENON,false,true
7575,CELLCEPT,CELLCEPT 500MG TAB (MYCOPHENOLATE MOFETEIL) (ROCHE),MYCOPHENOLIC ACID,500MG,tablet,df-2929601942,ROCHE,false,true
5212,PREXARON,PREXARON (CITICOLIN) 4ML INJ (INTAS),CITICOLINE +PIRACETAM,,injection,df-7435419319,INTAS,false,true
7896,COLIHENZ P,COLIHENZ P 800MG TAB (CITICOLINE+PIRACETAM) (LA RENON),CITICOLINE +PIRACETAM,800MG,tablet,df-2929601942,LA RENON,false,true
2021,STROCIT PLUS,STROCIT PLUS TAB (PIRACETAM+CITICOLINE) (SUN),CITICOLINE +PIRACETAM,,tablet,df-2929601942,SUN,false,true
13296,CITELAC P,CITELAC P TAB (PIRACETAM+CITICOLINE) (ERIS),CITICOLINE +PIRACETAM,,tablet,df-2929601942,ERIS,false,true
872,THROMBOPHOB,THROMBOPHOB OINT 20GM (HEPARIN+BENZYL NICOTINATE) (ZYDUS CADILA),HEPARIN + BENZYL NICOTINATE,20GM,ointment,df-3972100204,ZYDUS CADILA,false,true
2397,LACTO CALAMINE LOTION,LACTO CALAMINE LOTION 60ML (PIRAMAL),CALAMINE,60ML,lotion,df-6941042110,PIRAMAL,false,true
1787,NUCOXIA MR,NUCOXIA MR TAB (ETORICOXIB+THIOCOLCHICOSIDE) (ZYDUS),ETORICOXIB+THIOCOLCHICOSIDE,,tablet,df-2929601942,ZYDUS CADILA,false,true
11261,TZACT MR,TZACT MR TAB (ETORICOXIB+THIOCOLCHICOSIDE) (TIMES HEALTHCARE),ETORICOXIB+THIOCOLCHICOSIDE,,tablet,df-2929601942,TIMES HEALTHCARE,false,true
7332,ETOSHINE MR,ETOSHINE MR TAB (ETORICOXIB+THIOCOLCHICOSIDE) (SUN),ETORICOXIB+THIOCOLCHICOSIDE,,tablet,df-2929601942,SUN,false,true
1907,WARF,WARF 2MG TAB (WARFARIN) (CIPLA)  {*}  {#},WARFARIN SODIUM 2MG,2MG,tablet,df-2929601942,CIPLA,false,true
1044,DILZEM,DILZEM 30MG TAB (DILTIAZEM HYDROCHLORIDE) (TORRENT),DILTIAZEM 30MG,30MG,tablet,df-2929601942,TORRENT,false,true
1236,MOXICIP,MOXICIP (MOXIFLOXACIN) 100ML INJ (CIPLA),MOXIFLOXACIN,,injection,df-7435419319,CIPLA,false,true
1515,MOXICIP EYE,MOXICIP EYE DROP 5ML (MOXIFLOXACIN) (CIPLA),MOXIFLOXACIN,5ML,drop,df-2859918947,CIPLA,false,true
1594,MOXIF,MOXIF (MOXIFLOXACIN) 100ML INJ (TORRENT),MOXIFLOXACIN,,injection,df-7435419319,TORRENT,false,true
6633,MOXIF,MOXIF 400MG TAB (MOXIFLOXACIN) (TORRENT),MOXIFLOXACIN,400MG,tablet,df-2929601942,TORRENT,false,true
8841,MOXICIP EYE,MOXICIP EYE OINT 5GM (MOXIFLOXACIN) (CIPLA),MOXIFLOXACIN,5GM,ointment,df-3972100204,CIPLA,false,true
12649,M CIN,M CIN 400MG TAB (MOXIFLOXACIN) (LUPIN),MOXIFLOXACIN,400MG,tablet,df-2929601942,LUPIN,false,true
313,VALZAAR,VALZAAR 80MG TAB (VALSARTAN) (TORRENT),VALSARTAN 80MG,80MG,tablet,df-2929601942,TORRENT,false,true
2499,ZYRCOLD,ZYRCOLD TABLET (CETIRIZINE+AMBROXOL) (DR.REDDY),CETRIZINE AMBROXOL,,tablet,df-2929601942,DR REDDY,false,true
1319,FOSOLIN,FOSOLIN (FOSPHENYTOIN SODIUM) 150MG 2ML INJ (ZYDUS CADILA),FOSPHENYTOIN SODIUM 2ML,,injection,df-7435419319,ZYDUS CADILA,false,true
16307,FOSPHEN,FOSPHEN (FOSPHENYTOIN SODIUM) 150MG 2ML INJ (INTAS),FOSPHENYTOIN SODIUM 2ML,,injection,df-7435419319,INTAS,false,true
17164,MAINTANE,MAINTANE (HYDROXY PROGESTRON) 250MG INJ (JAGSONPAL),HYDROXY PROGESTERONE 250MG,,injection,df-7435419319,JAGSONPAL,false,true
10604,LOOZ,LOOZ SYRUP (INTAS),LACTULOSE 200MG,,syrup,df-4608470948,INTAS,false,true
11391,LEVIGRESS,LEVIGRESS 750MG TAB (LEVETIRACETAM) (LA RENON),LEVETIRACETAM 750MG,750MG,tablet,df-2929601942,LA RENON,false,true
5106,LEVIPIL,LEVIPIL 750MG TAB (LEVETIRACETAM) (SUN),LEVETIRACETAM 750MG,750MG,tablet,df-2929601942,SUN,false,true
3966,TORLEVA,TORLEVA 750MG TAB (LEVETIRACETAM) (TORRENT),LEVETIRACETAM 750MG,750MG,tablet,df-2929601942,TORRENT,false,true
12975,LEVIPIL,LEVIPIL 1GM TAB (LEVETIRACETAM) (SUN),LEVETIRACETAM 750MG,1GM,tablet,df-2929601942,SUN,false,true
3333,CASFUNG,CASFUNG (CASPOFUNGIN) 70MG INJ (GLENMARK),CASPOFUNGIN 70MG,,injection,df-7435419319,GLENMARK,false,true
1878,CANCIDAS,CANCIDAS (CASPOFUNGIN) 50MG INJ (MSD),CASPOFUNGIN 70MG,,injection,df-7435419319,MSD,false,true
2474,CETAPIN XR,CETAPIN XR 500MG TAB (METFORMIN) (SANOFI),METFORMIN 500mg,500MG,tablet,df-2929601942,SANOFI,false,true
2406,GLYCOMET SR,GLYCOMET SR 500MG TAB (METFORMIN HCL) (USV),METFORMIN 500mg,500MG,tablet,df-2929601942,USV,false,true
2681,GLUFORMIN XL,GLUFORMIN XL 500MG TAB (METFORMIN HCL) (ABBOTT),METFORMIN 500mg,500MG,tablet,df-2929601942,ABBOTT,false,true
1118,GLYCOMET,GLYCOMET 500MG TAB (METFORMIN HCL) (USV),METFORMIN 500mg,500MG,tablet,df-2929601942,USV,false,true
894,GLUCONORM SR,GLUCONORM SR 500MG TAB (METFORMIN) (LUPIN),METFORMIN 500mg,500MG,tablet,df-2929601942,LUPIN,false,true
7327,OBIMET SR,OBIMET SR 500MG TAB (METFORMIN HCL) (CORONA),METFORMIN 500mg,500MG,tablet,df-2929601942,CORONA,false,true
17463,ENCELIN M SR,ENCELIN M SR 500MG TAB (METFORMIN+VILDAGLIPTIN) (TORRENT),METFORMIN 500mg,500MG,tablet,df-2929601942,TORRENT,false,true
17447,VALERA M,VALERA M 500MG TAB (EVOGLIPTIN+METFORMIN HCL) (ALKEM),METFORMIN 500mg,500MG,tablet,df-2929601942,ALKEM,false,true
16719,THYROCAB,THYROCAB 10MG TAB (CARBIMAZOLE) (CORONA),CARBIMAZOLE 10MG,10MG,tablet,df-2929601942,CORONA,false,true
1380,NEOMERCAZOLE,NEOMERCAZOLE 10MG TAB (CARBAMIZOLE) (ABBOTT),CARBIMAZOLE 10MG,10MG,tablet,df-2929601942,ABBOTT,false,true
2376,AUGEOZ,AUGEOZ (CEFEPIME 1 GM+TAZOBACTAM 125 MG) INJ (SANOFI),CEFEPIME+TAZOBACTAM,,injection,df-7435419319,SANOFI,false,true
5412,EPIME-TZ,EPIME-TZ (CEFPIME 1G+TAZOBACTAM 125MG) 1.125GM INJ (UNITED BIOTECH),CEFEPIME+TAZOBACTAM,,injection,df-7435419319,BIOTECH,false,true
11596,MAGNOVA,MAGNOVA (CEFEPIME 1GM+TAZOBACTAM 125MG) 1.125GM INJ (LUPIN),CEFEPIME+TAZOBACTAM,,injection,df-7435419319,LUPIN,false,true
12145,SEVEPIME FORTE,SEVEPIME FORTE (CEFEPIME 1GM+TAZOBACTAM 125MG) 1.125GM INJ (FOUNTIL),CEFEPIME+TAZOBACTAM,,injection,df-7435419319,FOUNTIL,false,true
14467,FLUDOT,FLUDOT (FLUMAZENIL) 5ML INJ (NEON),FLUMAZENIL,,injection,df-7435419319,NEON,false,true
11614,RANTAC OD,RANTAC OD 300MG TAB (RANITIDINE) (J B CHEMICALS),RANITIDINE 300mg,300MG,tablet,df-2929601942,JB CHEMICALS,false,true
2236,AMLOPRESS AT,AMLOPRESS AT 25MG TAB (AMLODIPINE+ATENOLOL) (CIPLA),AMLODIPIN+ATENOLOL,25MG,tablet,df-2929601942,CIPLA,false,true
2591,STAMLO BETA,STAMLO BETA TAB (AMLODIPINE+ATENOLOL) (DR. REDDY),AMLODIPIN+ATENOLOL,,tablet,df-2929601942,DR REDDY,false,true
1428,AMLOPRESS AT,AMLOPRESS AT 50MG TAB (AMLODIPINE+ATENOLOL) (CIPLA),AMLODIPIN+ATENOLOL,50MG,tablet,df-2929601942,CIPLA,false,true
12897,PREGALIN,PREGALIN 150 MG CAP (PREGABLIN) (TORRENT),PREGABALIN 150MG,150 MG,capsule,df-9555626637,TORRENT,false,true
10531,KZ LOTION,KZ LOTION 50ML (KETOCONAZOLE) (H&H),KETOCONAZOLE 200MG,50ML,lotion,df-6941042110,H&H,false,true
5224,TIDE,TIDE 5MG TAB (TORSEMIDE) (TORRENT),TORSEMIDE 5MG,5MG,tablet,df-2929601942,TORRENT,false,true
286,DYTOR,DYTOR 5MG TAB (TORSEMIDE) (CIPLA)  {*},TORSEMIDE 5MG,5MG,tablet,df-2929601942,CIPLA,false,true
8211,PHENERGAN,PHENERGAN 10MG TAB (PROMETHAZINE) (ABBOTT),PROMETHAZINE,10MG,tablet,df-2929601942,ABBOTT,false,true
1873,REFRESH TEARS EYE,REFRESH TEARS EYE DROP 10ML (CARBOXY METHYL CELLULOSE) (ALLERGAN),HYDROXYPROPYL METHYLCELLULOSE,10ML,drop,df-2859918947,ALLERGAN,false,true
2071,MOISOL EYE,MOISOL EYE DROP 5ML (HYDROXYPROPYL METHYL CELLULOSE) (FDC),HYDROXYPROPYL METHYLCELLULOSE,5ML,drop,df-2859918947,FDC,false,true
3975,CAL 360,CAL 360 TAB (CALCIUM+VITAMIN D3) (CIPLA),ELEMENTAL CALCIUM + CHOLECALCIFEROL,,tablet,df-2929601942,CIPLA,false,true
12590,MIRAGO,MIRAGO 25MG TAB (MIRABEGRON) (SUN),MIRABEGRON 25MG,25MG,tablet,df-2929601942,SUN,false,true
14430,MIRAGO,MIRAGO 50MG TAB (MIRABEGRON) (SUN),MIRABEGRON 25MG,50MG,tablet,df-2929601942,SUN,false,true
16381,LUPIN MIRA,LUPIN MIRA 50MG TAB (MIRABEGRON) (LUPIN),MIRABEGRON 25MG,50MG,tablet,df-2929601942,LUPIN,false,true
9673,ELORES,ELORES (CEFTRIAXONE 1GM+DISODIUM EDETATE 37MG +SULBACTAM 500MG) 1.5GM INJ (VENUS),CEFTRIAZONE+SULBACTAM,,injection,df-7435419319,VENUS,false,true
9762,ELORES,ELORES (CEFTRIAXONE 2GM+DISODIUM EDETATE 74MG +SULBACTAM 1GM) 3GM INJ (VENUS),CEFTRIAZONE+SULBACTAM,,injection,df-7435419319,VENUS,false,true
5248,MONOCEF-SB,MONOCEF-SB (CEFTRIAZONE 1GM+SULBACTAM 500MG) 1.5GM INJ (ARISTO),CEFTRIAZONE+SULBACTAM,,injection,df-7435419319,ARISTO,false,true
3405,EIDO FE,EIDO FE CAP (MULTIVITAMINS WITH IRON) (LA RENON),VITAMIN & MINERALS,,capsule,df-9555626637,LA RENON,false,true
2784,FERONIA XT,FERONIA XT 150ML SYP (ZUVENTUS),VITAMIN & MINERALS,150ML,syrup,df-4608470948,ZUVENTUS,false,true
1990,COBADEX CZS,COBADEX CZS TAB (VITAMINS+MINERALS) (GSK),VITAMIN & MINERALS,,tablet,df-2929601942,GSK,false,true
15068,PROSURE ORANGE,PROSURE ORANGE POWDER 400MG (ABBOTT),VITAMIN & MINERALS,400MG,powder,df-9603977956,ABBOTT,false,true
5219,AMPHOLYN,AMPHOLYN (AMPHOTERICIN-B) 50MG INJ (LYKA HEALTHCARE),AMPHOTERICIN-B 10MG/2ML,,injection,df-7435419319,LYKA HEALTHCARE,false,true
6646,FLUDAC,FLUDAC 10MG CAP (FLUOXETINE) (CADILA),FLUOXETINE HYDROCHLORIDE 10MG,10MG,capsule,df-9555626637,CADILA,false,true
6680,OLMESAR A,OLMESAR A TAB (OLMESARTAN+AMLODIPINE) (MACLEODS),OLMESARTAN 20MG+ AMLODIPIN 5MG+ HYDROCHLORTHIAZIDE 12.5MG,,tablet,df-2929601942,MACLEODS,false,true
6817,DESOWEN LOTION,DESOWEN LOTION (DESONIDE) (GALDERMA),DESONIDE,,lotion,df-6941042110,GALDERMA,false,true
12881,DESOWEN,DESOWEN CREAM 10GM (DESONIDE) (GALDERMA),DESONIDE,10GM,cream,df-3472438845,GALDERMA,false,true
13146,DOSETIL LOTION,DOSETIL LOTION 30ML (DESONIDE) (GLENMARK),DESONIDE,30ML,lotion,df-6941042110,GLENMARK,false,true
917,LIPAGLYN,LIPAGLYN TAB (SAROGLITAZAR) (ZYDUS CADILA),SAROGLITAZAR 4MG,,tablet,df-2929601942,ZYDUS CARDIVA,false,true
3266,MEGANEURON OD PLUS,MEGANEURON OD PLUS CAP (METHYLCOBALAMIN+ALPHA LIPOIC ACID+VITAMINS) (ARISTO),"ALPHA LIPOIC ACID, METHYLCOBALAMIN,FOLIC ACID &VITA D3",,capsule,df-9555626637,ARISTO,false,true
3229,NUROKIND D3,NUROKIND D3 TAB  (MANKIND),"ALPHA LIPOIC ACID, METHYLCOBALAMIN,FOLIC ACID &VITA D3",,tablet,df-2929601942,MANKIND,false,true
6563,TRINERVE,TRINERVE CAP (ALPHA LIPOIC ACID+LINOLENIC ACID+METHYLCOBALAMIN+CHROMIUM) (ALKEM),"ALPHA LIPOIC ACID, METHYLCOBALAMIN,FOLIC ACID &VITA D3",,capsule,df-9555626637,ALKEM,false,true
13836,METHYCOBAL-D,METHYCOBAL-D TAB (WOCKHARDT),"ALPHA LIPOIC ACID, METHYLCOBALAMIN,FOLIC ACID &VITA D3",,tablet,df-2929601942,WOCKHARDT,false,true
17094,B 29,B 29 TABLET (ALPHA LIPOIC ACID+FOLIC ACID+METHYLCOBALAMIN+PYRIDOXINE+VIT. D3) (CORONA),"ALPHA LIPOIC ACID, METHYLCOBALAMIN,FOLIC ACID &VITA D3",,tablet,df-2929601942,CORONA,false,true
716,MYOSTIGMIN,MYOSTIGMIN (NEOSTIGMIN) 2.5MG 5ML INJ (NEON),NEOSTIGMINE 5ML,,injection,df-7435419319,NEON,false,true
898,SYNDOPA,SYNDOPA 110MG TAB (LEVODOPA+CARBIDOPA) (SUN),LEVODOPA+CARBIDOPA,110MG,tablet,df-2929601942,SUN,false,true
899,SYNDOPA PLUS,SYNDOPA PLUS TAB (LEVODOPA+CARBIDOPA) (SUN),LEVODOPA+CARBIDOPA,,tablet,df-2929601942,SUN,false,true
3601,TIDOMET PLUS,TIDOMET PLUS TAB (LEVODOPA+CARBIDOPA) (TORRENT),LEVODOPA+CARBIDOPA,,tablet,df-2929601942,TORRENT,false,true
6040,SYNDOPA,SYNDOPA 275MG TAB (LEVODOPA+CARBIDOPA) (SUN),LEVODOPA+CARBIDOPA,275MG,tablet,df-2929601942,SUN,false,true
2589,ULTRACET SEMI,ULTRACET SEMI TAB (TRAMADOL+ACETAMINOPHEN) (J&J),ACETAMINOPHEN+TRAMADOL HCL,,tablet,df-2929601942,J&J,false,true
16099,ULTRANISE,ULTRANISE TAB (TRAMADOL+ACETAMINOPHEN) (DR REDDY),ACETAMINOPHEN+TRAMADOL HCL,,tablet,df-2929601942,DR REDDY,false,true
6437,R CIN,R CIN 600MG CAP (RIFAMPICIN) (LUPIN),RIFAMPICIN 150 MG,600MG,capsule,df-9555626637,LUPIN,false,true
9693,R CIN,R CIN 150MG CAP (RIFAMPICIN) (LUPIN),RIFAMPICIN 150 MG,150MG,capsule,df-9555626637,LUPIN,false,true
9687,OLEANZ,OLEANZ 10MG TAB (OLANZAPINE) (SUN),OLANZAPINE 10MG,10MG,tablet,df-2929601942,SUN,false,true
11620,KORAGON HP,KORAGON HP (HCG) 5000 IU INJ (FERRING),HUMAN CHORIONIC GONADOTROPINE,,injection,df-7435419319,FERRING,false,true
6635,KORAGON,KORAGON (HCG) 5000 IU INJ (FERRING),HUMAN CHORIONIC GONADOTROPINE,,injection,df-7435419319,FERRING,false,true
6603,CORION,CORION (HCG) 5000 IU INJ (WIN-MEDICARE),HUMAN CHORIONIC GONADOTROPINE,,injection,df-7435419319,WIN-MEDICARE,false,true
6865,PUBERGEN,PUBERGEN (HCG) 5000 IU INJ (SANZYME),HUMAN CHORIONIC GONADOTROPINE,,injection,df-7435419319,SANZYME,false,true
6866,PUBERGEN,PUBERGEN (HCG) 10000 IU INJ (UCB),HUMAN CHORIONIC GONADOTROPINE,,injection,df-7435419319,UCB,false,true
15650,PUBERGEN HP,PUBERGEN HP (HCG) 2000 IU INJ (UCB),HUMAN CHORIONIC GONADOTROPINE,,injection,df-7435419319,UCB,false,true
10954,LN BETA,LN BETA 5MG TAB (NEBIVOLOL+CILNIDIPINE) (ERIS),CLINDAPINE+NEBIVOLOL,5MG,tablet,df-2929601942,ERIS,false,true
5466,RITEBEAT,RITEBEAT (AMIODARONE) 150MG 3ML INJ (TORRENT),AMIODARONE 3ML,,injection,df-7435419319,TORRENT,false,true
646,CORDARONE,CORDARONE (AMIODARONE) 150MG 3ML INJ (SANOFI),AMIODARONE 3ML,,injection,df-7435419319,SANOFI,false,true
12981,TACHYRA,TACHYRA (AMIODARONE) 150MG 3ML INJ (CIPLA),AMIODARONE 3ML,,injection,df-7435419319,CIPLA,false,true
254,SERENACE,SERENACE 0.25MG TAB (HALOPERIDOL) (RPG),HALOPERIDOL 0.25MG,0.25MG,tablet,df-2929601942,RPG,false,true
827,JALRA,JALRA 50MG TAB (VILDAGLIPTIN) (USV),VILDAGLIPTIN 50MG,50MG,tablet,df-2929601942,USV,false,true
1049,GALVUS,GALVUS 50MG TAB (VILDAGLIPTIN) (NOVARTIS),VILDAGLIPTIN 50MG,50MG,tablet,df-2929601942,NOVARTIS,false,true
17162,TORGLIP,TORGLIP 50MG TAB (VILDAGLIPTIN) (TORRENT),VILDAGLIPTIN 50MG,50MG,tablet,df-2929601942,TORRENT,false,true
16406,VIBITE,VIBITE 50MG TAB (VILDAGLIPTIN) (CORONA),VILDAGLIPTIN 50MG,50MG,tablet,df-2929601942,CORONA,false,true
12930,BONVENT,BONVENT TAB (CALCIUM CITRATE+CALCITRIOL+ZINC+MAGNESIUM) (MEDVENT),CALCIUM ACETATE,,tablet,df-2929601942,MEDVENT,false,true
12602,CALCIWORTH,CALCIWORTH CAP (CALCIUM+VITAMIN K2-7+ZINC+MAGNESIUM) (WORTH),CALCIUM ACETATE,,capsule,df-9555626637,WORTH,false,true
2656,LANUM,LANUM TAB (CALCIUM ACETATE) (LA RENON),CALCIUM ACETATE,,tablet,df-2929601942,LA RENON,false,true
4964,EPTOIN,EPTOIN 50MG TAB (PHENYTOIN) (ABBOTT),PHENYTOIN SODIUM 50MG,50MG,tablet,df-2929601942,ABBOTT,false,true
12368,NIZONIDE O,NIZONIDE O TAB (NITAZOXANIDE+OFLOXACIN) (LUPIN),NITAZOXANIDE+OFLOXACIN,,tablet,df-2929601942,LUPIN,false,true
814,OMEZ,OMEZ 20MG CAP (OMEPRAZOLE) (DR.REDDYS),OMEPRAZOLE SODIUM 20MG,20MG,capsule,df-9555626637,DR REDDY,false,true
6125,PIVOHENZ,PIVOHENZ CAP (MULTIVITAMINS+MULTIMINERAL+CHOLINE) (LA RENON),MULTIVTAMIN,,capsule,df-9555626637,LA RENON,false,true
1603,TRESIBA FLEXIPEN,TRESIBA FLEXIPEN (INSULIN DEGLUDEC) 3ML INJ (NOVO NORDISK){#},INSULIN DEGLUDEC,,injection,df-7435419319,NOVO NORDISK,false,true
924,ARISTOZYME,ARISTOZYME 200ML SYP (ARISTO),DIASTASE+PEPSIN,200ML,syrup,df-4608470948,ARISTO,false,true
892,CLEXANE,CLEXANE (ENOXAPARIN SODIUM) 60MG 0.6ML INJ (SANOFI),ENOXAPARIN 60MG,,injection,df-7435419319,SANOFI,false,true
3984,LONOPIN -D,LONOPIN -D (ENOXAPARIN) 60MG 0.6ML INJ (BHARAT SERUM),ENOXAPARIN 60MG,,injection,df-7435419319,SERUM,false,true
16881,ENCLEX,ENCLEX (ENOXAPERIN) 60MG INJ (CIPLA),ENOXAPARIN 60MG,,injection,df-7435419319,CIPLA,false,true
17248,ENOXARIN,ENOXARIN (ENOXAPERIN) 60MG INJ (ZUVENTUS),ENOXAPARIN 60MG,,injection,df-7435419319,ZUVENTUS,false,true
17267,ENOXATIL,ENOXATIL (ENOXAPARIN SODIUM) 60MG 0.6ML INJ (B.E.),ENOXAPARIN 60MG,,injection,df-7435419319,B.E.,false,true
17274,ENOXATIL,ENOXATIL (ENOXAPARIN SODIUM) 40MG 0.4ML INJ (B.E.),ENOXAPARIN 60MG,,injection,df-7435419319,B.E.,false,true
17365,CUTENOX,CUTENOX (ENOXAPARIN SODIUM) 40MG 0.4ML INJ (GLAND PHARMA),ENOXAPARIN 60MG,,injection,df-7435419319,GLAND PHARMA,false,true
17392,CUTENOX,CUTENOX (ENOXAPARIN SODIUM) 60MG 0.6ML INJ (GLAND PHARMA),ENOXAPARIN 60MG,,injection,df-7435419319,GLAND PHARMA,false,true
305,CORDARONE X,CORDARONE X 200MG TAB (AMIODARONE) (SANOFI INDIA),AMIODARONE 200MG,200MG,tablet,df-2929601942,SANOFI,false,true
12651,NUMBCAIN HEAVY,NUMBCAIN HEAVY (BUPIVACAINE) 4ML INJ (SAMARTH),BUPIVACAINE HCL+DEXTROSE MONOHYDRATE,,injection,df-7435419319,SAMARTH,false,true
6048,KENADION,KENADION (PHYTOMENADIONE) 1MG INJ (SAMARTH),VITAMIN K,,injection,df-7435419319,SAMARTH,false,true
11559,KENADION,KENADION (PHYTOMENADIONE) 10MG INJ (SAMARTH),VITAMIN K,,injection,df-7435419319,SAMARTH,false,true
3138,ROPARK,ROPARK 0.5MG TAB (ROPINIROLE) (SUN),ROPINIROLE 0.5MG,0.5MG,tablet,df-2929601942,SUN,false,true
4965,ZERODOL P,ZERODOL P TAB (ACECLOFENAC+PARACETAMOL) (IPCA),ACECLOFENAC+PARACETAMOL,,tablet,df-2929601942,IPCA,false,true
812,MONOCEF,MONOCEF (CEFTRIAXONE) 2GM INJ (ARISTO),CEFTRIAXONE 2GM,,injection,df-7435419319,ARISTO,false,true
267,ECOSPRIN,ECOSPRIN 150MG TAB (ASPIRIN) (USV) {#},ASPIRIN 150MG,150MG,tablet,df-2929601942,USV,false,true
5633,CEFOPROX DT,CEFOPROX DT 100MG TAB (CEFPODOXIME) (CIPLA),CEFPODOXIM 100MG,100MG,tablet,df-2929601942,CIPLA,false,true
3143,DONEP,DONEP 5MG TAB (DONEPEZIL HCL) (ALKEM),DONEPEZIL 10MG,5MG,tablet,df-2929601942,ALKEM,false,true
16188,ARICEP,ARICEP 10MG TAB (DONEPEZIL HCL) (EISAI),DONEPEZIL 10MG,10MG,tablet,df-2929601942,EISAI,false,true
16222,DONEP,DONEP 10MG TAB (DONEPEZIL HCL) (ALKEM),DONEPEZIL 10MG,10MG,tablet,df-2929601942,ALKEM,false,true
6478,GLYNASE,GLYNASE 5MG TAB (GLIPIZIDE) (USV),GLIPIZIDE 5MG,5MG,tablet,df-2929601942,USV,false,true
10983,CALOSOFT PLUS LOTION,CALOSOFT PLUS LOTION 100ML (MICRO),ALOE VERA VITAMIN- E,100ML,lotion,df-6941042110,MICRO,false,true
1902,NMFE LOTION,NMFE LOTION 120ML (ALOEVERA+VITAMIN-E) (PALSONS),ALOE VERA VITAMIN- E,120ML,lotion,df-6941042110,PALSONS,false,true
4260,ADMENTA,ADMENTA 5MG TAB (MEMANTINE) (SUN),MEMANTINE HCL 5MG,5MG,tablet,df-2929601942,SUN,false,true
4261,DONAMEM,DONAMEM 5MG TAB (MEMANTINE HCL+DONEPEZIL) (SUN),MEMANTINE HCL 5MG,5MG,tablet,df-2929601942,SUN,false,true
15489,DONAMEM,DONAMEM 10MG TAB (MEMANTINE+DONEPEZIL) (SUN),MEMANTINE HCL 5MG,10MG,tablet,df-2929601942,SUN,false,true
6696,CABOPROST,CABOPROST (CARBOPROST) 250MCG 1ML INJ (NEON),CARBOPROST 250MCG,,injection,df-7435419319,NEON,false,true
3754,FEMIPROST,FEMIPROST (CARBOPROST) 250MCG 1ML INJ (GERMAN REMEDIES),CARBOPROST 250MCG,,injection,df-7435419319,GERMAN REMEDIES,false,true
1885,MYOSPAZ FORTE,MYOSPAZ FORTE TAB (CHLORZOXAZONE+DICLOFENAC+PARACETAMOL) (WIN-MEDICARE),CHLORZOXAZONE+PARACETAMOL,,tablet,df-2929601942,WIN-MEDICARE,false,true
3968,MAXGALIN M ER,MAXGALIN M ER 75MG TAB (PREGABALIN+MECOBALAMIN) (SUN),PREGABLIN+METHYCOBLAMIN,75MG,tablet,df-2929601942,SUN,false,true
3060,PREGEB M OD,PREGEB M OD 75MG TAB (PREGABALIN+METHYLCOBALAMIN) (TORRENT),PREGABLIN+METHYCOBLAMIN,75MG,tablet,df-2929601942,TORRENT,false,true
6691,MAXGALIN M,MAXGALIN M 75MG CAP (PREGABALIN+METHYLCOBALAMIN) (SUN),PREGABLIN+METHYCOBLAMIN,75MG,capsule,df-9555626637,SUN,false,true
12903,PREGALIN X SR,PREGALIN X SR 75MG TAB (PREGABALIN+METHYLCOBALAMIN) (TORRENT),PREGABLIN+METHYCOBLAMIN,75MG,tablet,df-2929601942,TORRENT,false,true
13016,PBREN M,PBREN M 75MG CAP (METHYLCOBALAMIN+PREGABALIN) (LA RENON),PREGABLIN+METHYCOBLAMIN,75MG,capsule,df-9555626637,LA RENON,false,true
656,VOVERAN SR,VOVERAN SR 75MG TAB (DICLOFENAC) (NOVARTIS),DICLOFENAC SODIUM,75MG,tablet,df-2929601942,NOVARTIS,false,true
657,VOVERAN SR,VOVERAN SR 100MG TAB (DICLOFENAC) (NOVARTIS),DICLOFENAC SODIUM,100MG,tablet,df-2929601942,NOVARTIS,false,true
658,VOVERAN 50 GE,VOVERAN 50 GE TAB (DICLOFENAC) (NOVARTIS),DICLOFENAC SODIUM,,tablet,df-2929601942,NOVARTIS,false,true
1176,JUSTIN,JUSTIN (DICLOFENAC) 75MG 3ML INJ (NEON),DICLOFENAC SODIUM,,injection,df-7435419319,NEON,false,true
3065,SANFENT,SANFENT (FENTANYL CITRATE) 10ML INJ (SANDOR),FENTANYL CITRATE,,injection,df-7435419319,SANDOR,false,true
2795,SANFENT,SANFENT (FENTANYL CITRATE) 2ML INJ (SANDOR),FENTANYL CITRATE,,injection,df-7435419319,SANDOR,false,true
1523,TROFENTYL,TROFENTYL (FENTANYL CITRATE) 10ML INJ (TROIKAA),FENTANYL CITRATE,,injection,df-7435419319,TROIKAA,false,true
1554,TROFENTYL,TROFENTYL (FENTANYL CITRATE) 2ML INJ (TROIKAA),FENTANYL CITRATE,,injection,df-7435419319,TROIKAA,false,true
2604,FENSTUD,FENSTUD (FENTANYL CITRATE) 2ML INJ (RUSAN),FENTANYL CITRATE,,injection,df-7435419319,RUSAN,false,true
2570,FENSTUD,FENSTUD (FENTANYL CITRATE) 10ML INJ (RUSAN),FENTANYL CITRATE,,injection,df-7435419319,RUSAN,false,true
12783,THEMIFENT,THEMIFENT (FENTANYL CITRATE) 10ML INJ (THEMIS),FENTANYL CITRATE,,injection,df-7435419319,THEMIS,false,true
12784,THEMIFENT,THEMIFENT (FENTANYL CITRATE) 2ML INJ (THEMIS),FENTANYL CITRATE,,injection,df-7435419319,THEMIS,false,true
14488,FENT,FENT (FENTANYL CITRATE) 10ML INJ (NEON),FENTANYL CITRATE,,injection,df-7435419319,NEON,false,true
14685,METADEC,METADEC (NANDROLONE DECONATE) 50MG INJ (JAGSONPAL),NANDROL0NE DECONATE 100MG,,injection,df-7435419319,JAGSONPAL,false,true
2479,DECA DURABOLIN,DECA DURABOLIN (NANDROLONE DECONATE) 100MG INJ (MSD),NANDROL0NE DECONATE 100MG,,injection,df-7435419319,MSD,false,true
11017,METADEC,METADEC (NANDROLONE DECONATE) 100MG INJ (JAGSONPAL),NANDROL0NE DECONATE 100MG,,injection,df-7435419319,JAGSONPAL,false,true
6749,ZORYL,ZORYL 1MG TAB (GLIMEPIRIDE) (INTAS),GLIMEPRIDE 1MG,1MG,tablet,df-2929601942,INTAS,false,true
1913,AZULIX,AZULIX 1MG TAB (GLIMEPRIDE) (TORRENT),GLIMEPRIDE 1MG,1MG,tablet,df-2929601942,TORRENT,false,true
844,AMARYL,AMARYL 1MG TAB (GLIMEPIRIDE) (SANOFI),GLIMEPRIDE 1MG,1MG,tablet,df-2929601942,SANOFI,false,true
3155,DESVAL ER,DESVAL ER 500MG TAB (DIVALPROEX) (ERIS),DIVALPROEX 500MG,500MG,tablet,df-2929601942,ERIS,false,true
9712,DICORATE ER,DICORATE ER 500MG TAB (DIVALPROEX) (SUN),DIVALPROEX 500MG,500MG,tablet,df-2929601942,SUN,false,true
15270,VALMAT ER,VALMAT ER 500MG TAB (DIVALPROEX) (MATTEO),DIVALPROEX 500MG,500MG,tablet,df-2929601942,MATTEO,false,true
15298,DIRESTA OD,DIRESTA OD 500MG TAB (DIVALPROEX) (ARINNA),DIVALPROEX 500MG,500MG,tablet,df-2929601942,ARINNA,false,true
6426,COMBUTOL,COMBUTOL 600MG TAB (ETHAMBUTOL HCL) (LUPIN),ETHAMBUTOL 200 MG,600MG,tablet,df-2929601942,LUPIN,false,true
2881,COMBUTOL,COMBUTOL 200MG TAB (ETHAMBUTOL HCL) (LUPIN),ETHAMBUTOL 200 MG,200MG,tablet,df-2929601942,LUPIN,false,true
6797,SAAZ,SAAZ 500MG TAB (SULFASALAZINE) (IPCA),SULFASALAZINE,500MG,tablet,df-2929601942,IPCA,false,true
14145,SAAZ DS,SAAZ DS 1GM TAB (SULFASALAZINE) (IPCA),SULFASALAZINE,1GM,tablet,df-2929601942,IPCA,false,true
14054,RL PLASTIC,RL PLASTIC 500ML (SKKL),RINGER LACTATE 500ML,500ML,infusion,df-374189216,SKKL,false,true
15991,RL PLASTIC,RL PLASTIC 500ML (REALCAD),RINGER LACTATE 500ML,500ML,infusion,df-374189216,REALCAD,false,true
8166,RL UNIBAG,RL UNIBAG 500ML (CLARIS),RINGER LACTATE 500ML,500ML,infusion,df-374189216,CLARIS,false,true
3486,RL EH PLASTIC,RL EH PLASTIC 500ML (FRESENIUS),RINGER LACTATE 500ML,500ML,infusion,df-374189216,FRESENIUS,false,true
2673,NAPRA D,NAPRA D 500MG TAB (DOMPERIDONE+NAPROXEN) (INTAS),DOMPERIDONE + NAPROXEN,500MG,tablet,df-2929601942,INTAS,false,true
926,NAXDOM,NAXDOM 500MG TAB (DOMPERIDONE+NAPROXEN) (SUN)  {*},DOMPERIDONE + NAPROXEN,500MG,tablet,df-2929601942,SUN,false,true
3723,AMLOGARD,AMLOGARD 5MG TAB (AMLODIPINE) (PFIZER),AMLODIPINE,5MG,tablet,df-2929601942,PFIZER,false,true
1503,CLAVAM,CLAVAM 625MG TAB (AMOXYCILLIN+POTASSIUM CLAVULANATE) (ALKEM),AMOXYCILLIN 500+CLAVULANIC ACID 125,625MG,tablet,df-2929601942,ALKEM,false,true
263,AUGMENTIN,AUGMENTIN 625MG TAB (AMOXYCILLIN+POT.CLAVULANATE) (GSK) {*},AMOXYCILLIN 500+CLAVULANIC ACID 125,625MG,tablet,df-2929601942,GSK,false,true
354,DUET,DUET 625MG TAB (AMOXYCILLIN+POTASSIUM CLAVULANATE) (LUPIN),AMOXYCILLIN 500+CLAVULANIC ACID 125,625MG,tablet,df-2929601942,LUPIN,false,true
8519,VENUSMIN,VENUSMIN 900MG TAB (DIOSMIN) (WALTER BUSHNELL),DIOSMIN 900,900MG,tablet,df-2929601942,WALTER BUSHNELL,false,true
7544,GEMCAL D3,GEMCAL D3 TAB (CALCIUM CARBONATE+VITAMIN D3) (ALKEM),CALCIUM CARBONATE 120ML,,tablet,df-2929601942,ALKEM,false,true
14798,TENACTIVE,TENACTIVE CAP (MUCOPOLYSACCHARIDE+COLLOGEN+VITAMIN C) (SUNDYOTA),CHONDROITIN+COLLAGEN PEPTIDE+SODIUM HYALURONATE,,capsule,df-9555626637,SUNDYOTA,false,true
5247,PREMARIN,PREMARIN 0.625MG TAB (CONJUGATED ESTROGENS) (PFIZER),ESTROGENS 0.625MG,0.625MG,tablet,df-2929601942,PFIZER,false,true
9215,PREMARIN VEGINAL,PREMARIN VEGINAL CREAM (CONJUGATED ESTROGENS) (PFIZER),ESTROGENS 0.625MG,,cream,df-3472438845,PFIZER,false,true
1199,DILZEM,DILZEM 60MG TAB (DILTIAZEM HCL) (TORRENT),DILTIAZEM 60MG,60MG,tablet,df-2929601942,TORRENT,false,true
1168,NEODROL,NEODROL (METHYLPREDNISOLONE) 500MG INJ (NEON),METHYL PREDNISOLONE SODIUM SUCCINATE 500MG,,injection,df-7435419319,NEON,false,true
2048,SOLU MEDROL,SOLU MEDROL (METHYLPREDNISOLONE) 500MG INJ (PFIZER),METHYL PREDNISOLONE SODIUM SUCCINATE 500MG,,injection,df-7435419319,PFIZER,false,true
5209,NEBICARD,NEBICARD 10MG TAB (NEBIVOLOL HCL) (TORRENT),NEBIVALOL 10,10MG,tablet,df-2929601942,TORRENT,false,true
6378,LINID,LINID 600MG TAB (LINEZOLID) (ZYDUS),LINEZOLID,600MG,tablet,df-2929601942,ZYDUS CARDIVA,false,true
1060,LINOSPAN,LINOSPAN (LINEZOLID) 100ML INJ (CIPLA),LINEZOLID,,injection,df-7435419319,CIPLA,false,true
1061,LINOSPAN,LINOSPAN (LINEZOLID) 300ML INJ (CIPLA),LINEZOLID,,injection,df-7435419319,CIPLA,false,true
1244,LINOSPAN,LINOSPAN 600MG TAB (LINEZOLID) (CIPLA),LINEZOLID,600MG,tablet,df-2929601942,CIPLA,false,true
303,LINOX,LINOX 600MG TAB (LINEZOLID) (TORRENT),LINEZOLID,600MG,tablet,df-2929601942,TORRENT,false,true
13445,LINOPLUS,LINOPLUS (LINEZOLID) 300ML INJ (ABBOTT),LINEZOLID,,injection,df-7435419319,ABBOTT,false,true
12640,LNZ,LNZ 600MG TAB (LINEZOLID) (LUPIN),LINEZOLID,600MG,tablet,df-2929601942,LUPIN,false,true
4625,ETIZOLA BETA,ETIZOLA BETA 0.25MG TAB (ETIZOLAM+PROPRANOLOL) (MACLEODS),"ETIZOLAM,PROPRANOLOL",0.25MG,tablet,df-2929601942,MACLEODS,false,true
281,AMTAS,AMTAS 2.5MG TAB (AMLODIPINE) (INTAS),AMLODIPIN 2.5MG,2.5MG,tablet,df-2929601942,INTAS,false,true
1507,AMLOPRES,AMLOPRES 2.5MG TAB (AMLODIPINE) (CIPLA) {*},AMLODIPIN 2.5MG,2.5MG,tablet,df-2929601942,CIPLA,false,true
1431,AMLOGARD,AMLOGARD 2.5MG TAB (AMLODIPINE) (PFIZER),AMLODIPIN 2.5MG,2.5MG,tablet,df-2929601942,PFIZER,false,true
974,PEDICLORYL,PEDICLORYL 30ML SYP (DR REDDY),TRICLOFOS 500MG/5ML,30ML,syrup,df-4608470948,DR REDDY,false,true
891,ALFOO,ALFOO 10MG TAB (ALFUZOSIN HCL) (DR.REDDY),ALFUZOSIN HCL 10MG,10MG,tablet,df-2929601942,DR REDDY,false,true
1993,FLOTRAL,FLOTRAL 10MG TAB (ALFUZOSIN) (SUN),ALFUZOSIN HCL 10MG,10MG,tablet,df-2929601942,SUN,false,true
7279,ALFUSIN,ALFUSIN 10MG TAB (ALFUZOSIN HCL) (CIPLA),ALFUZOSIN HCL 10MG,10MG,tablet,df-2929601942,CIPLA,false,true
1895,STUGERON,STUGERON 25MG TAB (CINNARIZINE) (J&J),CINNARIZINE,25MG,tablet,df-2929601942,J&J,false,true
3590,STUGERON FORTE,STUGERON FORTE TAB (CINNARIZINE) (J&J),CINNARIZINE,,tablet,df-2929601942,J&J,false,true
2882,HETRAZAN,HETRAZAN 100MG TAB (DIETHYLCARBAMAZINE) (PFIZER),DIETHYL CARBAMAZINE CITRATE 100MG,100MG,tablet,df-2929601942,PFIZER,false,true
14433,DIVAA OD,DIVAA OD 250MG TAB (DIVALPROEX SODIUM) (INTAS),DIVALPROEX 250MG,250MG,tablet,df-2929601942,INTAS,false,true
15904,IMEFIC PLUS,IMEFIC PLUS (IMIPENAM 500MG+CILASTIN 500MG) INJ (GUFIC),IMIPENEM+CILASTATIN,,injection,df-7435419319,GUFIC,false,true
12850,CILAREACH,CILAREACH (IMIPENEM 500MG+CILASTATIN 500MG) 500MG INJ (FUSION),IMIPENEM+CILASTATIN,,injection,df-7435419319,FUSION,false,true
13459,IMILAN,IMILAN (IMIPENAM 500MG+CILASTIN 500MG) 500MG INJ (MYLAN),IMIPENEM+CILASTATIN,,injection,df-7435419319,MYLAN,false,true
14278,ICIBI,ICIBI (IMIPENAM 500MG+CILASTIN 500MG) 500MG INJ (INDIABULLS),IMIPENEM+CILASTATIN,,injection,df-7435419319,INDIABULLS,false,true
3758,ZIENAM,ZIENAM (IMIPENEM 500MG+CILASTATIN 500MG) 500MG INJ (MSD),IMIPENEM+CILASTATIN,,injection,df-7435419319,MSD,false,true
3396,IME-CILA,IME-CILA (IMIPENEM 500MG+CILASTATIN 500MG) 500MG INJ (ABBOTT),IMIPENEM+CILASTATIN,,injection,df-7435419319,ABBOTT,false,true
5324,LUPINEM,LUPINEM (IMIPENEM 500MG+CILASTATIN 500MG) 500MG INJ (LUPIN),IMIPENEM+CILASTATIN,,injection,df-7435419319,LUPIN,false,true
2910,NEBISTAR,NEBISTAR 5MG TAB (NEBIVOLOL) (LUPIN),NEBIVOLOL 5MG,5MG,tablet,df-2929601942,LUPIN,false,true
293,NEBICARD,NEBICARD 5MG TAB (NEBIVOLOL HYDROCHLORIDE) (TORRENT),NEBIVOLOL 5MG,5MG,tablet,df-2929601942,TORRENT,false,true
14764,NEBICARD T,NEBICARD T 5MG TAB (NEBIVOLOL+TELMISARTAN) (TORRENT),NEBIVOLOL 5MG,5MG,tablet,df-2929601942,TORRENT,false,true
14769,NEXOVAS T,NEXOVAS T TAB (TELMISARTAN+CILNIDIPINE) (MACLEODS),NEBIVOLOL 5MG,,tablet,df-2929601942,MACLEODS,false,true
15437,NODON H,NODON H 5MG TAB (NEBIVOLOL HCL+HYDROCHLOROTHIAZIDE) (CADILA),NEBIVOLOL 5MG,5MG,tablet,df-2929601942,CADILA,false,true
6495,BUPRON SR,BUPRON SR 150MG TAB (BUPROPION) (SUN),BUPROPION,150MG,tablet,df-2929601942,SUN,false,true
842,MONOCEF,MONOCEF (CEFTRIAXONE) 500MG INJ (ARISTO),CEFTRIAXONE 500MG,,injection,df-7435419319,ARISTO,false,true
8386,REFZIL-O,REFZIL-O 250MG SYP (SUN),CEFPROZIL 250MG,250MG,syrup,df-4608470948,SUN,false,true
8985,REFZIL O,REFZIL O 250MG TAB (CEFPROZIL) (SUN),CEFPROZIL 250MG,250MG,tablet,df-2929601942,SUN,false,true
775,DISPRIN,DISPRIN 325MG TAB (ACETYLSALICYLIC ACID) (RECKITT),ASPIRIN 325MG,325MG,tablet,df-2929601942,RECKITT,false,true
7308,BON K2,BON K2 TABLET (CALCIUM CITRATE+CALCITRIOL+VITAMIN K2-7) (INTEGRACE),CALCIUM,,tablet,df-2929601942,INTEGRACE,false,true
7337,CORCIUM,CORCIUM TAB (CALCIUM CARBONATE) (LUPIN),CALCIUM,,tablet,df-2929601942,LUPIN,false,true
16368,CORCIUM PLUS,CORCIUM PLUS CAP (CALCIUM+VITAMINS+CURCUMA) (LUPIN),CALCIUM,,capsule,df-9555626637,LUPIN,false,true
16954,BIO D3 XT,BIO D3 XT TAB (CALCIUM CARBONATE+VITAMIN D3+METHYCOBALAMIN+ L-METHYLFOLATE+PYRIDOXAL) (MACLEODS),CALCIUM,,tablet,df-2929601942,MACLEODS,false,true
12591,LEUPROGON,LEUPROGON (LEUPRORELIN) 4MG INJ (LG LIFESCIENCES),LEUPRORELIN,,injection,df-7435419319,LG LIFESCIENCES,false,true
12587,SEPTASTERIL,SEPTASTERIL TAB (ALPHA KETOANALOGUE) (SEPTALYST),ALPHA KETOANALOGUE,,tablet,df-2929601942,,false,true
8620,KETOSAFE,KETOSAFE TAB (ALPHA KETOANALOGUE) (ALBUS),ALPHA KETOANALOGUE,,tablet,df-2929601942,ALBUS,false,true
8864,APLAZAR,APLAZAR TAB (ALPHA KETOANALOGUE) (STEADFAST),ALPHA KETOANALOGUE,,tablet,df-2929601942,STEADFAST,false,true
11463,KOGLOK,KOGLOK TABLET (ALPHA KETOANALOGUE) (AKOGNOS),ALPHA KETOANALOGUE,,tablet,df-2929601942,AKOGNOS,false,true
2172,RENOLOG,RENOLOG TAB (ALPHA KETOANALOGUE) (LA RENON),ALPHA KETOANALOGUE,,tablet,df-2929601942,LA RENON,false,true
3420,COMBUTOL,COMBUTOL 400MG TAB (ETHAMBUTOL HCL) (LUPIN),ETHAMBUTOL 400 MG,400MG,tablet,df-2929601942,LUPIN,false,true
6572,CANDITRAL,CANDITRAL 100MG CAP (ITRACONAZOLE) (GLENMARK),ITRACONAZOLE 100MG,100MG,capsule,df-9555626637,GLENMARK,false,true
13437,ITRATUF,ITRATUF 200MG CAP (ITRACONAZOLE) (ALKEM),ITRACONAZOLE 100MG,200MG,capsule,df-9555626637,ALKEM,false,true
14325,BIODRONATE,BIODRONATE (PAMIDRONATE) 60MG INJ (UNITED BIOTECH),PAMIDRONATE,,injection,df-7435419319,UNITED BIOTECH,false,true
17151,LUMENAC,LUMENAC 600MG TAB (ACETYLCYSTEINE) (LUPIN),ACETYLCYSTEINE 600MG,600MG,tablet,df-2929601942,LUPIN,false,true
6562,MUCOMIX,MUCOMIX 600MG TAB (ACETYLCYSTEINE) (SAMARTH),ACETYLCYSTEINE 600MG,600MG,tablet,df-2929601942,SAMARTH,false,true
337,MUCINAC,MUCINAC 600MG TAB (ACETYLCYSTEINE)  (CIPLA),ACETYLCYSTEINE 600MG,600MG,tablet,df-2929601942,CIPLA,false,true
4523,LIDOCAM,LIDOCAM TAB (BENZOXONIUM CHLORIDE+LIDOCAINE HCL) (AJANTA),"BENZOXONIUM CHLORIDE,LIDOCAINE HCL",,tablet,df-2929601942,AJANTA,false,true
16244,TROFAME XR,TROFAME XR CAP (TROSPIUM) (SUN),TROSPIUM CHLORIDE 60MG,,capsule,df-9555626637,SUN,false,true
2480,DECA DURABOLIN,DECA DURABOLIN (NANDROLONE DECONATE) 25MG INJ (MSD),NANDROL0NE DECONATE 25MG,,injection,df-7435419319,MSD,false,true
8221,PANIMUM BIORAL,PANIMUM BIORAL 50MG CAP (CYCLOSPORINE) (PANACEA BIOTEC),CYCLOSPORIN,50MG,capsule,df-9555626637,PANACEA,false,true
8222,PANIMUM BIORAL,PANIMUM BIORAL 25MG CAP (CYCLOSPORIN) (PANACEA BIOTECH),CYCLOSPORIN,25MG,capsule,df-9555626637,PANACEA,false,true
15871,CYCLOPHIL ME,CYCLOPHIL ME 100MG 50ML SYP (BIOCON),CYCLOSPORIN,100MG,syrup,df-4608470948,BIOCON,false,true
9964,OMNIDASE,OMNIDASE (HYLURONIDASE) INJ (SUNWAYS),HYALURONIDASE,,injection,df-7435419319,SUNWAYS,false,true
5210,HYNIDASE,HYNIDASE (HYLURONIDASE) INJ (SHREYA),HYALURONIDASE,,injection,df-7435419319,SHREYA,false,true
2664,CALPOL,CALPOL 650MG TAB (PARACETAMOL) (GSK),PARACETAMOL 650MG,650MG,tablet,df-2929601942,GSK,false,true
735,DOLO,DOLO 650MG TAB (PARACETAMOL) (MICRO) {*} {#},PARACETAMOL 650MG,650MG,tablet,df-2929601942,MICRO,false,true
12650,SUMOL,SUMOL 650MG TAB (PARACETAMOL) (ALKEM),PARACETAMOL 650MG,650MG,tablet,df-2929601942,ALKEM,false,true
15184,AZR,AZR 50MG TAB (AZATHIOPRINE) (IPCA),AZATHIOPRINE,50MG,tablet,df-2929601942,IPCA,false,true
1607,AZORAN,AZORAN 50MG TAB (AZATHIOPRINE) (RPG),AZATHIOPRINE,50MG,tablet,df-2929601942,RPG,false,true
1586,TAXIM,TAXIM (CEFOTAXIM) 250MG INJ (ALKEM),CEFOTAXIM 250MG,,injection,df-7435419319,ALKEM,false,true
6387,DUTAS T,DUTAS T CAP (TAMSULOSIN HCL+DUTASTERIDE) (DR. REDDY),DUTASTERIDE 0.5MG,,capsule,df-9555626637,DR REDDY,false,true
12266,CARNOSIN,CARNOSIN (ADENOSINE) 2ML INJ (SAMARTH),ADENOSINE 6MG/2ML,,injection,df-7435419319,SAMARTH,false,true
647,ADENOCOR,ADENOCOR (ADENOSINE) 2ML INJ (SANOFI),ADENOSINE 6MG/2ML,,injection,df-7435419319,SANOFI,false,true
1163,ADNEON,ADNEON (ADENOSINE) 2ML INJ (NEON),ADENOSINE 6MG/2ML,,injection,df-7435419319,NEON,false,true
16061,LUPRIDE DEPOT,LUPRIDE DEPOT 11.25MG INJECTION (LEUPROLIDE) (SUN),LEUPROLIDE,11.25MG,injection,df-7435419319,SUN,false,true
13967,LUPRIDE,LUPRIDE (LEUPROLIDE) 3.75MG INJ (SUN),LEUPROLIDE,,injection,df-7435419319,INTAS,false,true
15472,MAXMALA FORTE,MAXMALA FORTE CAP (MULTIVITAMINS) (SUN),METHYLCOBALAMINE+ALPHA LIPOIC ACID+FOLIC ACID+PYRIDOXINE,,capsule,df-9555626637,SUN,false,true
17459,CAPD FLUID  2LTR,CAPD FLUID 1.5% 2LTR (MITRA),capd fluid,1.5%,infusion,df-374189216,MITRA,false,true
5030,TETGLOB,TETGLOB (TETANUS IMMUNOGLOBULIN) 250 IU INJ (BHARAT SERUM),TETANUS IMMUNOGLOBULIN,,injection,df-7435419319,BHARAT SERUM,false,true
10982,EBERNET,EBERNET CREAM 15GM (EBERCONAZOLE) (DR REDDY),EBERCONAZOL,15GM,cream,df-3472438845,DR REDDY,false,true
4760,OLMEZEST CH,OLMEZEST CH 20MG TAB (OLMESARTAN+CHLORTHALIDONE) (SUN),OLMESARTAN+HYDROCHLOROTHIAZIDE,20MG,tablet,df-2929601942,SUN,false,true
6009,OLMESAR H,OLMESAR H 20MG TAB (OLMESARTAN+HYDROCHLOROTHIAZIDE) (MACLEODS),OLMESARTAN+HYDROCHLOROTHIAZIDE,20MG,tablet,df-2929601942,MACLEODS,false,true
6836,OLVANCE H,OLVANCE H 40MG TAB (OLMESARTAN+HYDROCHLOROTHAIZIDE) (SUN),OLMESARTAN+HYDROCHLOROTHIAZIDE,40MG,tablet,df-2929601942,SUN,false,true
6837,OLVANCE H,OLVANCE H 20MG TAB (OLMESARTAN+HYDROCHLOROTHIAZIDE) (SUN),OLMESARTAN+HYDROCHLOROTHIAZIDE,20MG,tablet,df-2929601942,SUN,false,true
882,OLMEZEST CH,OLMEZEST CH 40MG TAB (OLMESARTAN+CHLORTHALIDONE) (SUN),OLMESARTAN+HYDROCHLOROTHIAZIDE,40MG,tablet,df-2929601942,SUN,false,true
325,OLMEZEST H,OLMEZEST H 40MG TAB (OLMESARTAN+HYDROCHLOROTHIAZIDE) (SUN PHARMA),OLMESARTAN+HYDROCHLOROTHIAZIDE,40MG,tablet,df-2929601942,SUN,false,true
2650,OLMEZEST H,OLMEZEST H 20MG TAB (OLMESARTAN+HYDROCHLOROTHIAZIDE) (SUN),OLMESARTAN+HYDROCHLOROTHIAZIDE,20MG,tablet,df-2929601942,SUN,false,true
17063,MACPEE,MACPEE 25MG TAB (BETHANECHOL) (INTAS),BETHANECHOL 25MG,25MG,tablet,df-2929601942,INTAS,false,true
13771,LEUTERO,LEUTERO (LEUCOVERIN) 50MG INJ (HETERO),LEUCOVERIN,,injection,df-7435419319,HETERO,false,true
9846,BIOVORIN,BIOVORIN (LEUCOVERIN) 15MG 2ML INJ (BIOCHEM),LEUCOVERIN,,injection,df-7435419319,BIOCHEM,false,true
15464,RABIVAX-S,RABIVAX-S (RABIES) VACCINE (SERUM),ANTI RABIES VACCINE,,vaccine,df-5880427153,SERUM,false,true
7706,AMLONG,AMLONG 5MG TAB (AMLODIPINE) (MICRO),AMLODIPIN 5MG,5MG,tablet,df-2929601942,MICRO,false,true
285,ESLO,ESLO 5MG TAB (S(-) AMLODIPINE) (ZUVENTUS),AMLODIPIN 5MG,5MG,tablet,df-2929601942,ZUVENTUS,false,true
1536,METHIMEZ,METHIMEZ 5MG TAB (METHIMAZOLE) (SUN),METHIMAZOLE,5MG,tablet,df-2929601942,SUN,false,true
1537,METHIMEZ,METHIMEZ 10MG TAB (METHIMAZOLE) (SUN),METHIMAZOLE,10MG,tablet,df-2929601942,SUN,false,true
2920,DOLONEX DT,DOLONEX DT 20MG TAB (PIROXICAM) (PFIZER),PIROXICAM 20MG,20MG,tablet,df-2929601942,PFIZER,false,true
10483,DOLONEX RAPID,DOLONEX RAPID 20MG TAB (PIROXICAM) (PFIZER),PIROXICAM 20MG,20MG,tablet,df-2929601942,PFIZER,false,true
16941,DOLONEX,DOLONEX (PIROXICAM) 2ML INJ (PFIZER),PIROXICAM 20MG,,injection,df-7435419319,PFIZER,false,true
4971,ISTAMET XR,ISTAMET XR 100/1000MG TAB (SITAGLIPTIN+METFORMIN HCL) (SUN),SITAGLIPTIN PHOSPHATE & METFORMIN,100/1000MG,tablet,df-2929601942,SUN,false,true
4096,ISTAMET,ISTAMET 50/1000MG TAB (SITAGLIPTIN+METFORMIN HCL) (SUN),SITAGLIPTIN PHOSPHATE & METFORMIN,50/1000MG,tablet,df-2929601942,SUN,false,true
3449,ISTAMET,ISTAMET 50/500MG TAB (SITAGLIPTIN+METFORMIN) (SUN),SITAGLIPTIN PHOSPHATE & METFORMIN,50/500MG,tablet,df-2929601942,SUN,false,true
1046,JANUMET,JANUMET 50/500MG TAB (SITAGLIPTIN+METFORMIN) (MSD),SITAGLIPTIN PHOSPHATE & METFORMIN,50/500MG,tablet,df-2929601942,MSD,false,true
5391,ELIQUIS,ELIQUIS 2.5MG TAB (APIXABAN) (PFIZER),APIXABAN,2.5MG,tablet,df-2929601942,PFIZER,false,true
9665,NORMABRAIN,NORMABRAIN (PIRACETAM) 15ML INJ (TORRENT),PIRACETAM 500MG/5ML,,injection,df-7435419319,TORRENT,false,true
3992,ENCORATE CHRONO,ENCORATE CHRONO 200MG TAB (SODIUM VALPROATE+VALPROIC ACID) (SUN),SODIUM VALPORATE & VALPROIC ACID,200MG,tablet,df-2929601942,SUN,false,true
3166,VALPROL CR,VALPROL CR 200MG TAB (SODIUM VALPROATE+VALPROIC ACID) (INTAS),SODIUM VALPORATE & VALPROIC ACID,200MG,tablet,df-2929601942,INTAS,false,true
3167,VALPROL CR,VALPROL CR 300MG TAB (SODIUM VALPROATE+VALPROIC ACID) (INTAS),SODIUM VALPORATE & VALPROIC ACID,300MG,tablet,df-2929601942,INTAS,false,true
3168,VALPROL CR,VALPROL CR 500MG TAB (SODIUM VALPROATE+VALPROIC ACID) (INTAS),SODIUM VALPORATE & VALPROIC ACID,500MG,tablet,df-2929601942,INTAS,false,true
2254,ENCORATE CHRONO,ENCORATE CHRONO 500MG TAB (SODIUM VALPROATE+VALPROIC ACID) (SUN),SODIUM VALPORATE & VALPROIC ACID,500MG,tablet,df-2929601942,SUN,false,true
16205,VALPARIN CHRONO,VALPARIN CHRONO 200MG TAB (SODIUM VALPROATE+VALPROIC ACID) (SANOFI),SODIUM VALPORATE & VALPROIC ACID,200MG,tablet,df-2929601942,SANOFI,false,true
16206,VALPARIN CHRONO,VALPARIN CHRONO 500MG TAB (SODIUM VALPROATE+VALPROIC ACID) (SANOFI),SODIUM VALPORATE & VALPROIC ACID,500MG,tablet,df-2929601942,SANOFI,false,true
16207,VALPARIN CHRONO,VALPARIN CHRONO 300MG TAB (SODIUM VALPROATE+VALPROIC ACID) (SANOFI),SODIUM VALPORATE & VALPROIC ACID,300MG,tablet,df-2929601942,SANOFI,false,true
12813,VALPARIN,VALPARIN 200MG TAB (SODIUM VALPROATE) (SANOFI),SODIUM VALPORATE & VALPROIC ACID,200MG,tablet,df-2929601942,SANOFI,false,true
15855,ER 24,ER 24 CAP (OMEGA-3 FATTY ACID+GREEN TEA EXTRACT+MULTIVITAMINS) (DR DUKE),OMEGA- 3 FATTY ACIDS,,capsule,df-9555626637,DR DUKE,false,true
1216,HEPARIN,HEPARIN (HEPARIN) 25000 IU 5ML INJ (GLAND PHARMA),HEPARIN 25000 IU 5ML,,injection,df-7435419319,GLAND PHARMA,false,true
546,HEP,HEP (HEPARIN) 25000 IU 5ML INJ (GLAND PHARMA),HEPARIN 25000 IU 5ML,,injection,df-7435419319,GLAND PHARMA,false,true
4929,BEPARIN,BEPARIN ( HEPARINE) 25000 IU INJ (B.E.),HEPARIN 25000 IU 5ML,,injection,df-7435419319,B.E.,false,true
11586,THYROCAB,THYROCAB 20MG TAB (CARBIMAZOLE) (CORONA),CARBIMAZOLE 20MG,20MG,tablet,df-2929601942,CORONA,false,true
1381,NEOMERCAZOLE,NEOMERCAZOLE 20MG TAB (CARBIMAZOLE) (ABBOTT),CARBIMAZOLE 20MG,20MG,tablet,df-2929601942,ABBOTT,false,true
6253,DEPSOL,DEPSOL 25MG TAB (IMIPRAMINE HCL) (INTAS),IMIPRAMINE 25MG,25MG,tablet,df-2929601942,INTAS,false,true
11027,UFRAG,UFRAG (UROKINASE) 5000 IU INJ (BHARAT SERUM),UROKINASE,,injection,df-7435419319,BHARAT SERUM,false,true
1336,UFRAG,UFRAG (UROKINASE) 500000 IU INJ (BHARAT SERUM),UROKINASE,,injection,df-7435419319,BHARAT SERUM,false,true
700,LOX,LOX (LIGNOCAINE) 2% 30ML INJ (NEON),LIGNOCAINE 2% 30ML,,injection,df-7435419319,NEON,false,true
718,LOX,LOX (LIGNOCAINE HCL) 2% 30ML INJ (NEON),LIGNOCAINE 2% 30ML,,injection,df-7435419319,NEON,false,true
12424,THEMICAINE,THEMICAINE 2% (LIGNOCAINE HCL) 30ML INJ (THEMIS),LIGNOCAINE 2% 30ML,2%,injection,df-7435419319,THEMIS,false,true
12307,LIDFAST,LIDFAST 2% (LIGNOCAINE HCL) 30ML INJ (SAMARTH),LIGNOCAINE 2% 30ML,2%,injection,df-7435419319,SAMARTH,false,true
334,MAXIFLO  INHALER,MAXIFLO 250MG INHALER (FLUTICASONE+FORMOTEROL) (CIPLA),FLUTICASONE PROPIONATE+SALMETEROL,250MG,inhaler,df-6760636010,CIPLA,false,true
336,SEROFLO  INHALER,SEROFLO 250MG INHALER (SALMETEROL+FLUTICASONE) (CIPLA),FLUTICASONE PROPIONATE+SALMETEROL,250MG,inhaler,df-6760636010,CIPLA,false,true
10579,TENEZA,TENEZA 20MG TAB (TENELIGLIPTIN) (TORRENT),TENELIGLIPTIN,20MG,tablet,df-2929601942,TORRENT,false,true
8148,AFOGLIP,AFOGLIP 20MG TAB (TENELIGLIPTIN) (TORRENT),TENELIGLIPTIN,20MG,tablet,df-2929601942,TORRENT,false,true
9005,TENDIA,TENDIA 20MG TAB (TENELIGLIPTIN) (ERIS),TENELIGLIPTIN,20MG,tablet,df-2929601942,ERIS,false,true
7663,TENIVA,TENIVA 20MG TAB (TENELIGLIPTIN) (INTAS),TENELIGLIPTIN,20MG,tablet,df-2929601942,INTAS,false,true
7847,TENEPURE,TENEPURE 20MG TAB (TENELIGLIPTIN) (TORRENT),TENELIGLIPTIN,20MG,tablet,df-2929601942,TORRENT,false,true
7331,TGLIP,TGLIP 20MG TAB (TENELIGLIPTIN) (INTAS),TENELIGLIPTIN,20MG,tablet,df-2929601942,INTAS,false,true
6834,ZITEN,ZITEN 20MG TAB (TENELIGLIPTIN) (GLENMARK),TENELIGLIPTIN,20MG,tablet,df-2929601942,GLENMARK,false,true
12899,TENEPURE M 20/500,TENEPURE M 20/500 TAB (TENELIGLIPTIN+METFORMIN HCL) (TORRENT),TENELIGLIPTIN,,tablet,df-2929601942,TORRENT,false,true
7920,GRILINCTUS,GRILINCTUS 100ML SYP (FRANCO),"TERBUTALIN SULPHATE,BROMHEXIN HCL,GUAIPHENSIN&MENTHOL SYRUP",100ML,syrup,df-4608470948,FRANCO,false,true
953,FORCAN,FORCAN 50MG TAB (FLUCONAZOLE) (CIPLA),FLUCONAZOLE,50MG,tablet,df-2929601942,CIPLA,false,true
954,FORCAN,FORCAN 150MG TAB (FLUCONAZOLE) (CIPLA),FLUCONAZOLE,150MG,tablet,df-2929601942,CIPLA,false,true
955,FORCAN,FORCAN 200MG TAB (FLUCONAZOLE) (CIPLA),FLUCONAZOLE,200MG,tablet,df-2929601942,CIPLA,false,true
1325,BENADON,BENADON 40MG TAB (PYRIDOXINE) (PIRAMAL),PYRIDOXIN,40MG,tablet,df-2929601942,PIRAMAL,false,true
2456,DALACIN C,DALACIN C 300MG CAP (CLINDAMYCIN) (PFIZER),CLINDAMCYIN 300MG,300MG,capsule,df-9555626637,PFIZER,false,true
5169,MONDESLOR,MONDESLOR TABLET (MONTELUKAST+DESLORATADINE) (SUN),MONTELUKAST & DESLORTADIN,,tablet,df-2929601942,SUN,false,true
5107,INVOKANA,INVOKANA 100MG TAB (CANAGLIFLOZIN) (JANSSEN),CANAGLIFLOZIN 100MG,100MG,tablet,df-2929601942,JANSEEN,false,true
11322,SULISENT,SULISENT 100MG TAB (CANAGLIFLOZIN) (USV),CANAGLIFLOZIN 100MG,100MG,tablet,df-2929601942,USV,false,true
12835,PROMINAD,PROMINAD 100MG TAB (CANAGLIFLOZIN) (CIPLA),CANAGLIFLOZIN 100MG,100MG,tablet,df-2929601942,CIPLA,false,true
15829,REMO,REMO 100MG TAB (REMOGLIFLOZIN) (GLENMARK),CANAGLIFLOZIN 100MG,100MG,tablet,df-2929601942,GLENMARK,false,true
16018,EPTUS T,EPTUS T 10MG TAB (EPLERENONE+TORSEMIDE) (GLENMARK),EPLERENON+TORSEMIDE,10MG,tablet,df-2929601942,GLENMARK,false,true
13221,PLANEP T 10 KIT,PLANEP T 10 KIT TAB (EPLERENONE+TORSEMIDE) (LUPIN),EPLERENON+TORSEMIDE,,tablet,df-2929601942,LUPIN,false,true
16676,DYTOR E  COMBIKIT,DYTOR E 10MG COMBIKIT TAB (EPLERENONE+TORSEMIDE) (CIPLA),EPLERENON+TORSEMIDE,10MG,tablet,df-2929601942,CIPLA,false,true
17125,CITELEC,CITELEC 500MG TAB (CITICOLINE) (ERIS),CITICOLINE,500MG,tablet,df-2929601942,ERIS,false,true
13609,CITIZAC,CITIZAC (CITICOLINE) 2ML INJ (LEOCON),CITICOLINE,,injection,df-7435419319,LEOCON,false,true
12532,COLIHENZ,COLIHENZ (CITICOLINE) 4ML INJ (LA RENON),CITICOLINE,,injection,df-7435419319,LA RENON,false,true
12472,CITILIN,CITILIN (CITICOLINE) 2ML INJ (TORRENT),CITICOLINE,,injection,df-7435419319,TORRENT,false,true
11137,CEHAM,CEHAM (CITICOLINE) 2ML INJ (ALKEM),CITICOLINE,,injection,df-7435419319,ALKEM,false,true
12298,COLIHENZ,COLIHENZ (CITICOLINE) 2ML INJ (LA RENON),CITICOLINE,,injection,df-7435419319,LA RENON,false,true
5217,PREXARON,PREXARON (CITICOLINE) 2ML INJ (INTAS),CITICOLINE,,injection,df-7435419319,INTAS,false,true
2651,STROCIT,STROCIT (CITICOLINE) 4ML INJ (SUN),CITICOLINE,,injection,df-7435419319,SUN,false,true
3951,STROCIT,STROCIT (CITICOLINE ) 2ML INJ (SUN),CITICOLINE,,injection,df-7435419319,SUN,false,true
3967,STROCIT,STROCIT 500MG TAB (CITICOLINE) (SUN),CITICOLINE,500MG,tablet,df-2929601942,SUN,false,true
2703,TENOVATE,TENOVATE CREAM 30GM (CLOBETASOL) (GSK),CLOBETASOL,30GM,cream,df-3472438845,GSK,false,true
9225,PROPYNATE-NF,PROPYNATE-NF CREAM 20GM (BECLOMETHASONE) (H&H),CLOBETASOL,20GM,cream,df-3472438845,H&H,false,true
14163,ECZINIL,ECZINIL CREAM 30GM (CLOBETASOL) (DERMONT),CLOBETASOL,30GM,cream,df-3472438845,DERMONT,false,true
15357,AVAS,AVAS 80MG TAB (ATORVASTATIN) (MICRO),ATORVASTATIN 80MG,80MG,tablet,df-2929601942,MICRO,false,true
364,STORVAS,STORVAS 80MG TAB (ATORVASTATIN) (SUN PHARMA),ATORVASTATIN 80MG,80MG,tablet,df-2929601942,SUN,false,true
758,ATORVA,ATORVA 80MG TAB (ATORVASTATIN) (ZYDUS),ATORVASTATIN 80MG,80MG,tablet,df-2929601942,ZYDUS,false,true
641,TONACT,TONACT 80MG TAB (ATORVASTATIN) (LUPIN),ATORVASTATIN 80MG,80MG,tablet,df-2929601942,LUPIN,false,true
1108,PANTOCID L,PANTOCID L CAP (PANTOPRAZOLE+LEVOSULPIRIDE) (SUN),PANTOPRAZOLE+LEVOSULPIRIDE,,capsule,df-9555626637,SUN,false,true
9600,PAN L,PAN L CAP (PANTOPRAZOLE+LEVOSULPIRIDE) (ALKEM),PANTOPRAZOLE+LEVOSULPIRIDE,,capsule,df-9555626637,ALKEM,false,true
10563,IT MAC,IT MAC 100MG CAP (ITRACONAZOLE) (MACLEODS),ITRACONAZOLE CAPSULES,100MG,capsule,df-9555626637,MACLEODS,false,true
10564,IT MAC,IT MAC 200MG CAP (ITRACONAZOLE) (MACLEODS),ITRACONAZOLE CAPSULES,200MG,capsule,df-9555626637,MACLEODS,false,true
16614,GLAZIATER,GLAZIATER 200MG TAB (ITRACONAZOLE) (DERMAGLAZE),ITRACONAZOLE CAPSULES,200MG,tablet,df-2929601942,DERMAGLAZE,false,true
11526,MESACOL OD,MESACOL OD 1.2GM TAB (MESALAMINE) (SUN),MESALAMINE,1.2GM,tablet,df-2929601942,SUN,false,true
8147,ONCOSID,ONCOSID (ETOPOSIDE) 100MG INJ (UNITED BIOTECH),ETOPOSIDE 100,,injection,df-7435419319,UNITED BIOTECH,false,true
12889,BIOPOSIDE,BIOPOSIDE (ETOPOSIDE) 100MG INJ (BIOCHEM),ETOPOSIDE 100,,injection,df-7435419319,BIOCHEM,false,true
851,METROGYL IV,METROGYL IV (METRONIDAZOLE) 100ML (JB CHEMICAL),METRONIDAZOLE 100ML,,injection,df-7435419319,JB CHEMICAL,false,true
7406,COMBUNEX,COMBUNEX 800MG TAB (ETHAMBUTOL HCL +ISONIAZID) (LUPIN),ETHAMBUTOL+ISONIAZID,800MG,tablet,df-2929601942,LUPIN,false,true
8000,DEPO PROVERA,DEPO PROVERA (MEDROXYPROGESTERONE ACETATE) 150MG INJ (PFIZER),MEDROXY PROGESTERONE ACETATE 150MG,,injection,df-7435419319,PFIZER,false,true
12337,DEVIRY,DEVIRY 10MG TAB (MEDROXYPROGESTERONE) (TORRENT),MEDROXY PROGESTERONE ACETATE 150MG,10MG,tablet,df-2929601942,TORRENT,false,true
13906,MAINTANE,MAINTANE( MEDROXY PROGESTERON ) 500MG INJ (JAGSONPAL),MEDROXY PROGESTERONE ACETATE 150MG,,injection,df-7435419319,JAGSONPAL,false,true
2921,CIPLOX-D EYE,CIPLOX-D EYE DROP (CIPROFLOXACIN+DEXAMETHASONE) (CIPLA),CIPROFLOXACIN + DEXAMETHASONE,,drop,df-2859918947,CIPLA,false,true
10994,BRINZOTIM EYE,BRINZOTIM EYE DROP 5ML (BRINZOLAMIDE+TIMOLOL) (SUN),BRINZOLAMIDE,5ML,drop,df-2859918947,SUN,false,true
12834,AZOPT  EYE,AZOPT 1% EYE DROP 5ML (BRINZOLAMIDE) (ALCON),BRINZOLAMIDE,1%,drop,df-2859918947,ALCON,false,true
3157,SIBELIUM,SIBELIUM 10MG TAB (FLUNARIZINE) (J & J),FLUNARIZINE 10MG,10MG,tablet,df-2929601942,J&J,false,true
2148,METHYCOBAL,METHYCOBAL (METHYLCOBALAMINE) 500MCG 1ML INJ (WOCKHARDT),METHYLCOBALAMINE / MECOBOLAMINE,,injection,df-7435419319,WOCKHARDT,false,true
2149,METHYCOBAL,METHYCOBAL 500MCG TAB (MECOBALAMIN) (WOCKHARDT),METHYLCOBALAMINE / MECOBOLAMINE,500MCG,tablet,df-2929601942,WOCKHARDT,false,true
4942,NUROKIND OD,NUROKIND OD TAB (MECOBALAMIN) (MANKIND),METHYLCOBALAMINE / MECOBOLAMINE,,tablet,df-2929601942,MANKIND,false,true
1158,POTKLOR,POTKLOR 200ML SYP (WALTER BUSHNELL),POTASSIUM CHLORIDE,200ML,syrup,df-4608470948,WALTER BUSHNELL,false,true
949,THYRONORM,THYRONORM 75MCG TAB (THYROXINE) (ABBOTT) {#},THYROXINE SODIUM,75MCG,tablet,df-2929601942,ABBOTT,false,true
2971,THYRONORM,THYRONORM 12.5MCG TAB (THYROXINE) (ABBOTT) {#},THYROXINE SODIUM,12.5MCG,tablet,df-2929601942,ABBOTT,false,true
5566,THYRONORM,THYRONORM 88MCG TAB (THYROXINE) (ABBOTT) {#},THYROXINE SODIUM,88MCG,tablet,df-2929601942,ABBOTT,false,true
6915,THYRONORM,THYRONORM 125MCG TAB (THYROXINE) (ABBOTT) {#},THYROXINE SODIUM,125MCG,tablet,df-2929601942,ABBOTT,false,true
11667,THYRONORM,THYRONORM 62.5MCG TAB (THYROXINE) (ABBOTT) {#},THYROXINE SODIUM,62.5MCG,tablet,df-2929601942,ABBOTT,false,true
12530,THYROX,THYROX 75MCG TAB (THYROXINE) (MACLEODS),THYROXINE SODIUM,75MCG,tablet,df-2929601942,MACLEODS,false,true
16075,THYRONORM,THYRONORM 112MCG TAB (THYROXINE) (ABBOTT) {#},THYROXINE SODIUM,112MCG,tablet,df-2929601942,ABBOTT,false,true
15598,THYRONORM,THYRONORM 37.5MCG TAB (THYROXINE) (ABBOTT) {#},THYROXINE SODIUM,37.5MCG,tablet,df-2929601942,ABBOTT,false,true
16365,ELTROXIN,ELTROXIN 75MCG TABLET (THYROXINE) (GSK),THYROXINE SODIUM,75MCG,tablet,df-2929601942,GSK,false,true
16366,THYRONORM,THYRONORM 150MCG TAB (THYROXINE) (ABBOTT) {#},THYROXINE SODIUM,150MCG,tablet,df-2929601942,ABBOTT,false,true
13716,FLAVOSPAS,FLAVOSPAS 200MG TAB (FLAVOXATE) (TORRENT),FLAVOXATE HCL 200MG,200MG,tablet,df-2929601942,TORRENT,false,true
5176,FLAVOCIP,FLAVOCIP 200MG TAB (FLAVOXATE) (CIPLA),FLAVOXATE HCL 200MG,200MG,tablet,df-2929601942,CIPLA,false,true
1343,URISPAS,URISPAS 200MG TAB (FLAVOXATE) (WALTER BUSHNELL),FLAVOXATE HCL 200MG,200MG,tablet,df-2929601942,WALTER BUSHNELL,false,true
15116,OMNIGEL,OMNIGEL SPRAY (DICLOFENAC) 78.6GM (CIPLA),VOLINI SPRAY,,spray,df-3667869230,CIPLA,true,true
14880,OMNIGEL,OMNIGEL SPRAY (DICLOFENAC) 20GM (CIPLA),VOLINI SPRAY,,spray,df-3667869230,CIPLA,true,true
14770,RANTAC MPS,RANTAC MPS SYP (JB CHEMICAL),ANTACID GEL,,syrup,df-4608470948,JB CHEMICAL,false,true
341,MUCAINE GEL,MUCAINE GEL 200ML SYP (PFIZER),ANTACID GEL,200ML,syrup,df-4608470948,PFIZER,false,true
342,DIGENE GEL,DIGENE GEL 170ML SYP (ABBOTT),ANTACID GEL,170ML,syrup,df-4608470948,ABBOTT,false,true
1890,DIGENE,DIGENE TABLET (ABBOTT),ANTACID GEL,,tablet,df-2929601942,ABBOTT,false,true
1968,RANTAC MPS,RANTAC MPS 170ML SYP (JB CHEMICAL),ANTACID GEL,170ML,syrup,df-4608470948,JB CHEMICAL,false,true
9280,DIGENE GEL,DIGENE GEL 200ML SYP (ABBOTT),ANTACID GEL,200ML,syrup,df-4608470948,ABBOTT,false,true
261,LANOXIN,LANOXIN 0.25MG TAB (DIGOXIN) (GSK),DIGOXIN 0.25MG,0.25MG,tablet,df-2929601942,GSK,false,true
329,PROLOMET XL,PROLOMET XL 12.5MG TAB (METOPROLOL) (SUN PHARMA),METOPROLOL 12.5MG,12.5MG,tablet,df-2929601942,SUN,false,true
1065,METOCARD XL,METOCARD XL 12.5MG TAB (METOPROLOL) (TORRENT),METOPROLOL 12.5MG,12.5MG,tablet,df-2929601942,TORRENT,false,true
14993,PROLUTON DEPOT,PROLUTON DEPOT(HYDROXYPROGESTRON) 250MG INJ (GERMAN REMEDIES),HYDROXY PROGESTERONE 500MG,,injection,df-7435419319,GERMAN REMEDIES,false,true
12989,PROLUTON DEPOT,PROLUTON DEPOT (HYDROXY PROGESTRON) 500MG INJ (GERMAN REMEDIES),HYDROXY PROGESTERONE 500MG,,injection,df-7435419319,GERMAN REMEDIES,false,true
1362,XAMDEX,XAMDEX (DEXMETADOMINE) 1ML INJ (ABBOTT),DEXMETADOMINE,,injection,df-7435419319,ABBOTT,false,true
11381,DEXMEDINE,DEXMEDINE (DEXMEDETOMIDIN) 2ML INJ (SAMARTH),DEXMETADOMINE,,injection,df-7435419319,SAMARTH,false,true
5555,DEXEM,DEXEM (DEXMEDETOMIDIN) 2ML INJ (THEMIS),DEXMETADOMINE,,injection,df-7435419319,THEMIS,false,true
7297,DEXEM,DEXEM (DEXMEDETOMIDIN) 1ML INJ (THEMIS),DEXMETADOMINE,,injection,df-7435419319,THEMIS,false,true
7298,DEXEM,DEXEM (DEXMEDETOMIDIN) 0.5ML INJ (THEMIS),DEXMETADOMINE,,injection,df-7435419319,THEMIS,false,true
2093,SOMPRAZ,SOMPRAZ 20MG TAB (ESOMEPRAZOLE) (SUN),ESOMEPERAZOLE 20MG,20MG,tablet,df-2929601942,SUN,false,true
16727,NEXPRO,NEXPRO 20MG TAB (ESOMEPRAZOLE) TORRENT,ESOMEPERAZOLE 20MG,20MG,tablet,df-2929601942,TORRENT,false,true
5323,DOXINATE,DOXINATE TAB (DOXYLAMINE+PYRIDOXINE HCL) (MANEESH),DOXYLAMINE +PYRIDOXINE HCL,,tablet,df-2929601942,MANEESH,false,true
3988,MEGAHEAL,MEGAHEAL CREAM 15GM (AMORPHOUS HYDROGEL) (ARISTO),AMORPHOUS HYDROGEL,15GM,cream,df-3472438845,ARISTO,false,true
262,STEMETIL MD,STEMETIL MD TAB (PROCHLORPERAZINE MALEATE) (ABBOTT),PROCHLORPERAZINE 5MG,,tablet,df-2929601942,ABBOTT,false,true
12988,ACUVERT,ACUVERT 5MG TAB (PROCHLORPERAZINE MALEATE) (ABBOTT),PROCHLORPERAZINE 5MG,5MG,tablet,df-2929601942,ABBOTT,false,true
16283,LONAZEP MD,LONAZEP MD 0.5MG TAB (CLONAZEPAM) (SUN),CLONAZEPAM 0.5MG,0.5MG,tablet,df-2929601942,SUN,false,true
852,CLONOTRIL,CLONOTRIL 0.5MG TAB (CLONAZEPAM) (TORRENT),CLONAZEPAM 0.5MG,0.5MG,tablet,df-2929601942,TORRENT,false,true
2968,PLACIDA,PLACIDA TAB (FLUPENTIXOL+MELITRACEN) (MANKIND),CLONAZEPAM 0.5MG,,tablet,df-2929601942,MANKIND,false,true
2370,RIVOTRIL,RIVOTRIL 0.5MG TAB (CLONAZEPAM) (ABBOTT),CLONAZEPAM 0.5MG,0.5MG,tablet,df-2929601942,ABBOTT,false,true
5205,CLONAFIT MD,CLONAFIT MD 0.5MG TAB (CLONAZEPAM) (MANKIND),CLONAZEPAM 0.5MG,0.5MG,tablet,df-2929601942,MANKIND,false,true
12430,LONAZEP,LONAZEP 0.5MG TAB (CLONAZEPAM) (SUN),CLONAZEPAM 0.5MG,0.5MG,tablet,df-2929601942,SUN,false,true
9499,TICACLAV,TICACLAV (TICARCILLIN 3GM + CLAVULANIC ACID 100MG ) 3.1GM INJ (MEDNIX),TICARCILLIN+CLAVULANIC ACID,,injection,df-7435419319,MEDNIX,false,true
16454,TICARNIC,TICARNIC (TICARCILLIN 3GM+CLAVULANIC ACID 100MG) 3.1GM INJ (UNITED BIOTECH),TICARCILLIN+CLAVULANIC ACID,,injection,df-7435419319,BIOTECH,false,true
16455,TICARSET 3.1,TICARSET 3.1 (TICARCILLIN 3GM+CLAVULANIC ACID 100MG) INJ (ALNICHE),TICARCILLIN+CLAVULANIC ACID,,injection,df-7435419319,ALNICHE,false,true
15720,TICARMENTIN,TICARMENTIN (TICARCILLIN 3GM+CLAVULANIC ACID 100MG) 3.1GM INJ (ANG),TICARCILLIN+CLAVULANIC ACID,,injection,df-7435419319,ANG,false,true
15966,CRITICAR,CRITICAR (TICARCILLIN 3GM+CLAVULANIC ACID 100MG) 3.1GM INJ  (CRITIPACE),TICARCILLIN+CLAVULANIC ACID,,injection,df-7435419319,CRITIPACE,false,true
906,VERTIN,VERTIN 16MG TAB (BETAHISTINE) (ABBOTT),BETAHISTINE 16MG,16MG,tablet,df-2929601942,ABBOTT,false,true
12425,CTD T,CTD T 40/6.25MG TAB (CHLORTHALIDONE+TELMISARTAN) (IPCA),CILNIDIPINE+TELMISARTAN,40/6.25MG,tablet,df-2929601942,IPCA,false,true
10877,CETANIL-T,CETANIL-T TAB (CILINIDIPINE+TELMISARTAN) (ALEMBIC),CILNIDIPINE+TELMISARTAN,,tablet,df-2929601942,ALEMBIC,false,true
15271,TORCILIN T,TORCILIN T 40MG TAB (TELMISARTAN+CILNIDIPINE) (TORRENT),CILNIDIPINE+TELMISARTAN,40MG,tablet,df-2929601942,TORRENT,false,true
15408,CILNIPINE T,CILNIPINE T TAB (CILINIDIPINE+TELMISARTAN) (JUBILANT),CILNIDIPINE+TELMISARTAN,,tablet,df-2929601942,JUBILENT,false,true
12630,CILACAR T,CILACAR T 40MG TAB (CILNIDIPINE+TELMISARTAN) (J.B.CHEMICALS),CILNIDIPINE+TELMISARTAN,40MG,tablet,df-2929601942,JB CHEMICALS,false,true
16501,CILACAR TC,CILACAR TC 6.25MG TAB (CILNIDIPINE+TELMISARTAN+CHLORTHALIDONE) (J.B. CHEMICAL),CILNIDIPINE+TELMISARTAN,6.25MG,tablet,df-2929601942,JB CHEMICALS,false,true
16502,CILACAR TC,CILACAR TC 12.5MG TAB (CILNIDIPINE+TELMISARTAN+CHLORTHALIDONE) (J.B. CHEMICAL),CILNIDIPINE+TELMISARTAN,12.5MG,tablet,df-2929601942,JB CHEMICALS,false,true
8624,TAZZLE,TAZZLE 20MG TAB (TADALAFIL) (DR. REDDY),TADALAFIL 20MG,20MG,tablet,df-2929601942,DR REDDY,false,true
2007,PULMOPRES,PULMOPRES 20MG TAB (TADALAFIL) (CIPLA),TADALAFIL 20MG,20MG,tablet,df-2929601942,CIPLA,false,true
2965,GLYCOMET GP2 FORTE,GLYCOMET GP2 FORTE TAB (METFORMIN HCL+GLIMEPIRIDE) (USV),METFORMIN + GLIMEPIRIDE,,tablet,df-2929601942,USV,false,true
3407,GLYCOMET GP,GLYCOMET GP 0.5MG TAB (METFORMIN HCL S.R.+GLIMEPIRIDE) (USV),METFORMIN + GLIMEPIRIDE,0.5MG,tablet,df-2929601942,USV,false,true
5351,GLYCOMET GP1 FORTE,GLYCOMET GP1 FORTE TAB (METFORMIN HCL+GLIMEPIRIDE) (USV),METFORMIN + GLIMEPIRIDE,,tablet,df-2929601942,USV,false,true
4916,GLYCOMET GP 0.5 FORTE,GLYCOMET GP 0.5 FORTE TAB (METFORMIN HCL+GLIMEPIRIDE) (USV),METFORMIN + GLIMEPIRIDE,,tablet,df-2929601942,USV,false,true
15853,DIAPRIDE M1,DIAPRIDE M1 TAB (METFORMIN HCL+GLIMEPIRIDE) (MICRO),METFORMIN + GLIMEPIRIDE,,tablet,df-2929601942,MICRO,false,true
15854,DIAPRIDE M2,DIAPRIDE M2 TABLET (METFORMIN+GLIMEPIRIDE) (MICRO),METFORMIN + GLIMEPIRIDE,,tablet,df-2929601942,MICRO,false,true
14597,EFFICAN Q10,EFFICAN Q10 CAP (UBIQUINOL) (AKOGNOS),UBIQUINOL 100MG,,capsule,df-9555626637,AKOGNOS,false,true
1659,INVANZ,INVANZ (ERTAPENEM) 1GM INJ (MSD),ERTAPENEM 1GM,,injection,df-7435419319,MSD,false,true
2657,EMESET,EMESET 4MG TAB (ONDANSETRON) (CIPLA) {#},ONDANSETRON 4MG,4MG,tablet,df-2929601942,CIPLA,false,true
967,ZOFER MD,ZOFER MD 4MG TAB (ONDANSETRON) (SUN),ONDANSETRON 4MG,4MG,tablet,df-2929601942,SUN,false,true
1234,EMESET,EMESET (ONDANSETRON) 4ML INJ (CIPLA) {#},ONDANSETRON 4MG,,injection,df-7435419319,CIPLA,false,true
659,EMESET,EMESET (ONDANSETRON) 2ML INJ (CIPLA) {#},ONDANSETRON 4MG,,injection,df-7435419319,CIPLA,false,true
4100,ONDEM MD,ONDEM MD 4MG TAB (ONDANSETRON) (ALKEM),ONDANSETRON 4MG,4MG,tablet,df-2929601942,ALKEM,false,true
10580,EMESET ODT,EMESET ODT 4MG TAB (ONDANSETRON) (CIPLA),ONDANSETRON 4MG,4MG,tablet,df-2929601942,CIPLA,false,true
5016,GUTCLEAR,GUTCLEAR SYP (ZUVENTUS),LACTILOL MONOHYDRATE,,syrup,df-4608470948,ZUVENTUS,false,true
1161,LACTIHEP,LACTIHEP 200ML SYP (SUN) {*},LACTILOL MONOHYDRATE,200ML,syrup,df-4608470948,SUN,false,true
284,ESLO,ESLO 2.5MG TAB (S-AMLODIPINE) (ZUVENTUS),S-AMLODIPIN 2.5MG,2.5MG,tablet,df-2929601942,ZUVENTUS,false,true
2917,S NUMLO,S NUMLO 2.5MG TAB (S-AMLODIPINE) (EMCURE),S-AMLODIPIN 2.5MG,2.5MG,tablet,df-2929601942,EMCURE,false,true
13645,EUTHYROX,EUTHYROX 50MG TAB (LEVOTHYROXIN) (MERCK),LEVOTHYROXIME SODIUM 50MCG,50MG,tablet,df-2929601942,MERCK,false,true
1860,AKT 4 KIT,AKT 4 KIT TAB (ETHAMBUTOL+ISONIAZID+PYRAZINAMIDE+RIFAMPICIN) (LUPIN),"RIFAMPICIN,ISONIAZID,PYRAZINAMIDE & ETHAMBUTOL",,tablet,df-2929601942,LUPIN,false,true
1864,AKT 3 KIT,AKT 3 KIT (ETHAMBUTOL HCL+ISONIAZID+RIFAMPICIN) (LUPIN),"RIFAMPICIN,ISONIAZID,PYRAZINAMIDE & ETHAMBUTOL",,tablet,df-2929601942,LUPIN,false,true
1349,FORECOX,FORECOX TAB (RIFAMPICIN+ISONIAZID+PYRAZINAMIDE+ETHAMBUTOL HCL) (MACLEODS),"RIFAMPICIN,ISONIAZID,PYRAZINAMIDE & ETHAMBUTOL",,tablet,df-2929601942,MACLEODS,false,true
10325,DUBINOR,DUBINOR TAB (PREGABALIN+METHYLCOBALAMIN+NORTRIPTYLINE) (INTEGRACE),"PREGABALIN,NORTRIPTYLINE+MECOBLAMIN",,tablet,df-2929601942,INTEGRACE,false,true
16288,PREGABID NT,PREGABID NT 50MG TAB (PREGABALIN+NORTRIPTYLINE) (INTAS),"PREGABALIN,NORTRIPTYLINE+MECOBLAMIN",50MG,tablet,df-2929601942,INTAS,false,true
676,PROTA,PROTA (PROTAMINE) 50MG 5ML INJ (SAMARTH),PROTAMINE SULPHATE,,injection,df-7435419319,SAMARTH,false,true
2477,NEUTRAHEP,NEUTRAHEP (PROTAMINE) 50MG 5ML INJ (GLAND PHARMA),PROTAMINE SULPHATE,,injection,df-7435419319,GLAND PHARMA,false,true
5407,OPV,OPV (POLIOMYLITIS) VACCINE (BIOMED),ORAL POLIO VACCINE,,vaccine,df-5880427153,BIOMED,false,true
7681,EVION,EVION 600MG CAP (TOCOPHERYL ACETATE) (MERCK),VITAMIN E,600MG,capsule,df-9555626637,MERCK,false,true
836,EVION LC,EVION LC TAB (VITAMIN E ACETATE+LEVOCARNITINE) (MERCK),VITAMIN E,,tablet,df-2929601942,MERCK,false,true
862,EVION,EVION 400MG CAP (VITAMIN-E) (MERCK),VITAMIN E,400MG,capsule,df-9555626637,MERCK,false,true
863,EVION,EVION 200MG CAP (TOCOPHERYL ACETATE) (MERCK),VITAMIN E,200MG,capsule,df-9555626637,MERCK,false,true
972,STARPRESS XL,STARPRESS XL 25MG TAB (METOPROLOL) (LUPIN),METOPROLOL 25MG,25MG,tablet,df-2929601942,LUPIN,false,true
939,MET XL,MET XL 25MG TAB (METOPROLOL) (AJANTA),METOPROLOL 25MG,25MG,tablet,df-2929601942,AJANTA,false,true
1383,PROLOMET XL,PROLOMET XL 25MG TAB (METOPROLOL) (SUN),METOPROLOL 25MG,25MG,tablet,df-2929601942,SUN,false,true
753,METOCARD XL,METOCARD XL 25MG TAB (METOPROLOL) (TORRENT),METOPROLOL 25MG,25MG,tablet,df-2929601942,TORRENT,false,true
355,BETALOC,BETALOC 25MG TAB (METOPROLOL) (ASTRA ZENECA),METOPROLOL 25MG,25MG,tablet,df-2929601942,ASTRA ZENECA,false,true
357,SELOKEN XL,SELOKEN XL 25MG TAB (METOPROLOL) (ASTRA ZENECA),METOPROLOL 25MG,25MG,tablet,df-2929601942,ASTRA ZENECA,false,true
1506,METOLAR XR,METOLAR XR 25MG CAP (METOPROLOL) (CIPLA),METOPROLOL 25MG,25MG,capsule,df-9555626637,CIPLA,false,true
5202,STARCAD BETA,STARCAD BETA 25MG TAB (S-METOPROLOL) (LUPIN),METOPROLOL 25MG,25MG,tablet,df-2929601942,LUPIN,false,true
13461,METWON XR,METWON XR 25MG TAB (METOPROLOL) (WALRON),METOPROLOL 25MG,25MG,tablet,df-2929601942,WALRON,false,true
14966,CILAMET XL,CILAMET XL 10/50MG TAB (CILNIDIPINE+METOPROLOL) (AJANTA),METOPROLOL 25MG,10/50MG,tablet,df-2929601942,AJANTA,false,true
8917,STAHA,STAHA 5MG TAB (MINOXIDIL) (LA RENON),MINOXIDIL 5MG,5MG,tablet,df-2929601942,LA RENON,false,true
11474,LONITAB,LONITAB 5MG TAB (MINOXIDIL) (INTAS),MINOXIDIL 5MG,5MG,tablet,df-2929601942,INTAS,false,true
9781,ROXID M,ROXID M TAB (ROXITHROMYCIN+AMBROXOL) (ALEMBIC),ROXITHROMYCIN+AMBROXYL,,tablet,df-2929601942,ALEMBIC,false,true
2721,BIFILAC,BIFILAC SACHET (PRE&PROBIOTIC) (TABLETS INDIA),"STREPTOCOCCUS,CLOSTRIDIUM,BACILLUS,LACTIC ACID",,powder,df-9603977956,TABLETS INDIA,false,true
15840,LOBUN FORTE,LOBUN FORTE CAP (STREPTOCOCCUS+BIFIDOBACTERIUM+BACILLUS COAGULANS) (SANZYME),"STREPTOCOCCUS,CLOSTRIDIUM,BACILLUS,LACTIC ACID",,capsule,df-9555626637,SANZYME,false,true
271,MINIPRESS XL,MINIPRESS XL 2.5MG TAB (PRAZOSIN HCL) (PFIZER),PRAZOSIN 2.5MG,2.5MG,tablet,df-2929601942,PFIZER,false,true
12242,CALSID,CALSID TABLET (CALCIUM CARBONATE+VITAMIN D3) (DM PHARMA),CAL.CARBONATE+CHOLECALCIFEROL,,tablet,df-2929601942,DM PHARMA,false,true
1909,WARF,WARF 5MG TAB (WARFARIN) (CIPLA),WARFARIN SODIUM 5MG,5MG,tablet,df-2929601942,CIPLA,false,true
314,VALZAAR,VALZAAR 160MG TAB (VALSARTAN) (TORRENT),VALSARTAN 160MG,160MG,tablet,df-2929601942,TORRENT,false,true
2773,TRENTAL,TRENTAL 400MG TAB (PENTOXIFYLLINE) (SANOFI),PENTAZOCIN 25MG,400MG,tablet,df-2929601942,SANOFI,false,true
7021,KEPHAZON TZ,KEPHAZON TZ (CEFOPERAZONE 1GM+TAZOBACTUM 125MG) 1.125GM INJ (UNITED BIOTECH),CEFOPERAZONE 1GM+TAZOBACTUM 125,,injection,df-7435419319,BIOTECH,false,true
15756,CEFO XP,CEFO XP (CEFOPERAZONE 1GM+TAZOBACTUM 125MG) 1.125GM INJ (ARVINCARE),CEFOPERAZONE 1GM+TAZOBACTUM 125,,injection,df-7435419319,ARVINCARE,false,true
1003,FOLVITE,FOLVITE TAB (FOLIC ACID) (PFIZER),FOLIC ACID,,tablet,df-2929601942,PFIZER,false,true
7636,GONABLOK,GONABLOK 100MG CAP (DANAZOL) (WIN-MEDICARE),DANOZOL 100MG,100MG,capsule,df-9555626637,WIN-MEDICARE,false,true
7405,HUMINSULIN NPH,HUMINSULIN NPH (ISOPHANE INSULIN) 40IU/ML 10ML INJ (ELI LILLY),ISOPHANE INSULIN 40IU/ML,,injection,df-7435419319,ELI LILLY,false,true
10134,RANITIN,RANITIN (RANITIDINE) 2ML INJ (TORRENT),RANITIDINE,,injection,df-7435419319,TORRENT,false,true
665,RANTAC,RANTAC (RANITIDINE) 2ML INJ (J.B. CHEMICALS)  {*},RANITIDINE,,injection,df-7435419319,JB CHEMICALS,false,true
684,NITROPLUS,NITROPLUS (NITROGLYCERIN) 25MG 5ML INJ (NEON),NITROGLYCERINE 25MG,,injection,df-7435419319,NEON,false,true
10494,NITROCIN,NITROCIN (NITROGLYCERIN) 5ML INJ (SAMARTH),NITROGLYCERINE 25MG,,injection,df-7435419319,SAMARTH,false,true
4870,TARGOCID,TARGOCID (TEICOPLANIN) 400MG INJ (SANOFI),TEICOPLANIN 400MG,,injection,df-7435419319,SANOFI,false,true
5612,TICODAY,TICODAY (TEICOPLANIN) 400MG INJ (DR. DAYI),TEICOPLANIN 400MG,,injection,df-7435419319,DAYI,false,true
869,TICOCIN,TICOCIN (TEICOPLANIN) 400MG INJ (CIPLA),TEICOPLANIN 400MG,,injection,df-7435419319,CIPLA,false,true
3325,T PLANIN,T PLANIN (TEICOPLANIN) 400MG INJ (GLENMARK),TEICOPLANIN 400MG,,injection,df-7435419319,GLENMARK,false,true
16400,TELANIN,TELANIN (TEICOPLANIN) 400MG INJ (MYLAN),TEICOPLANIN 400MG,,injection,df-7435419319,MYLAN,false,true
2457,SILVEREX IONIC,SILVEREX IONIC CREAM 240GM (SILVER NITRATE) (SUN),SILVER SULPHADIAZINE,240GM,cream,df-3472438845,SUN,false,true
6649,SILVEREX IONIC,SILVEREX IONIC CREAM 10GM (SILVER NITRATE) (SUN),SILVER SULPHADIAZINE,10GM,cream,df-3472438845,SUN,false,true
8475,SILVEREX IONIC,SILVEREX IONIC CREAM 20GM (SILVER NITRATE) (SUN),SILVER SULPHADIAZINE,20GM,cream,df-3472438845,SUN,false,true
7541,RUBIRED,RUBIRED TAB (FERROUS ASCORBET+FOLIC ACID+CYANOCOBALAMIN) (MACLEODS),FERROUS FUMARATE + FOLIC ACID,,tablet,df-2929601942,MACLEODS,false,true
3488,LIVOGEN,LIVOGEN  TAB (FERROUS FUMARATE+FOLIC ACID) (MERCK),FERROUS FUMARATE + FOLIC ACID,,tablet,df-2929601942,MERCK,false,true
13122,FERONIA-XT,FERONIA-XT DROP 15ML (EMCURE),FERROUS FUMARATE + FOLIC ACID,15ML,drop,df-2859918947,EMCURE,false,true
2379,INDOCAP SR,INDOCAP SR 75MG CAP (INDOMETHACIN) (JAGSONPAL),INDOMETHACIN 75MG,75MG,capsule,df-9555626637,JAGSONPAL,false,true
8884,CRANFIT,CRANFIT TAB (CRANBERRY+D-MANNOSE) (CIPLA),CRANBERRY EXTRACT,,tablet,df-2929601942,CIPLA,false,true
2369,METROGYL P,METROGYL P OINT 20GM (METRONIDAZILE+POVIDONE IODINE) (JB CHEMICAL),METRONIDAZILE+POVIDONE IODINE,20GM,ointment,df-3972100204,JB CHEMICAL,false,true
2208,STORVAS,STORVAS 10MG TAB (ATORVASTATIN) (SUN),ATORVASTATIN 10MG,10MG,tablet,df-2929601942,SUN,false,true
3248,MODLIP,MODLIP 10MG TAB (ATORVASTATIN) (TORRENT),ATORVASTATIN 10MG,10MG,tablet,df-2929601942,TORRENT,false,true
637,TONACT,TONACT 10MG TAB (ATORVASTATIN) (LUPIN),ATORVASTATIN 10MG,10MG,tablet,df-2929601942,LUPIN,false,true
759,ATORVA,ATORVA 10MG TAB (ATORVASTATIN) (ZYDUS) {*},ATORVASTATIN 10MG,10MG,tablet,df-2929601942,ZYDUS CARDIVA,false,true
788,AZTOR,AZTOR 10MG TAB (ATORVASTATIN) (SUN PHARMA),ATORVASTATIN 10MG,10MG,tablet,df-2929601942,SUN,false,true
14603,AVAS,AVAS 20MG TAB (ATORVASTATIN) (MICRO),ATORVASTATIN 10MG,20MG,tablet,df-2929601942,MICRO,false,true
14390,AVAS,AVAS 10MG TAB (ATORVASTATIN) (MICRO),ATORVASTATIN 10MG,10MG,tablet,df-2929601942,MICRO,false,true
17213,GERIPOD,GERIPOD 8MG CAP (SILODOSIN) (ALEMBIC),SILODOSIN 8MG,8MG,capsule,df-9555626637,ALEMBIC,false,true
1358,SILOFAST,SILOFAST 8MG CAP (SILODOSIN) (CIPLA),SILODOSIN 8MG,8MG,capsule,df-9555626637,CIPLA,false,true
10177,SILDOO,SILDOO 8MG CAP (SILODOSIN) (DR REDDY),SILODOSIN 8MG,8MG,capsule,df-9555626637,DR REDDY,false,true
5177,SILOFAST D,SILOFAST D 8MG TAB (SILODOSIN+DUTASTERIDE) (CIPLA),SILODOSIN 8MG,8MG,tablet,df-2929601942,CIPLA,false,true
9963,CARPINOL,CARPINOL (PILOCARPINE) 1ML INJ (SUNWAYS),PILOCARPINE,,injection,df-7435419319,SUNWAYS,false,true
10936,FONYL,FONYL (FOSFOMYCIN) 4GM INJ (GLENMARK),FOSFOMYCIN,,injection,df-7435419319,GLENMARK,false,true
12206,FOSIROL,FOSIROL 3GM SACHET (FOSFOMYCIN) (CIPLA),FOSFOMYCIN,3GM,powder,df-9603977956,CIPLA,false,true
17131,MURINACT,MURINACT (FOSFOMYCIN) 4GM INJ (FUSION),FOSFOMYCIN,,injection,df-7435419319,FUSION,false,true
16563,LUPIFOS,LUPIFOS 3GM SACHET (FOSFOMYCIN) (LUPIN),FOSFOMYCIN,3GM,powder,df-9603977956,LUPIN,false,true
5437,VANLID,VANLID (VANCOMYCIN) 250MG INJ (CIPLA),VANCOMYCIN 250MG,,injection,df-7435419319,CIPLA,false,true
940,KORANDIL,KORANDIL 10MG TAB (NICORANDIL) (SUN),NICORANDIL 10MG,10MG,tablet,df-2929601942,SUN,false,true
302,NIKORAN,NIKORAN 10MG TAB (NICORANDIL) (TORRENT),NICORANDIL 10MG,10MG,tablet,df-2929601942,TORRENT,false,true
370,FRUSELAC,FRUSELAC TAB (FRUSEMIDE+SPIRONOLACTONE) (LUPIN),FRUSEMIDE+SPIRONOLACTONE,,tablet,df-2929601942,LUPIN,false,true
950,LASILACTONE,LASILACTONE 50MG TAB (FRUSEMIDE+SPIRONOLACTONE) (SANOFI),FRUSEMIDE+SPIRONOLACTONE,50MG,tablet,df-2929601942,SANOFI,false,true
925,MONIT SR,MONIT SR 30MG TAB (ISOSORBIDE MONONITRATE) (INTAS),ISOSORBIDE 5-MONONITRATE,30MG,tablet,df-2929601942,INTAS,false,true
12049,RANTAC D OM,RANTAC D OM TABLET (RANITIDINE HCL+DOMPERIDONE) (J.B.CHEMICALS),RANITIDINE & DOMPERIDON,,tablet,df-2929601942,JB CHEMICALS,false,true
16185,ROPARK,ROPARK 1MG TAB (ROPINIROLE) (SUN),ROPINIROLE 1MG,1MG,tablet,df-2929601942,SUN,false,true
5432,MONOCEF,MONOCEF (CEFTRIAXONE) 250MG INJ (ARISTO),CEFTRIAXONE 250MG,,injection,df-7435419319,ARISTO,false,true
9617,DEXTROSE,DEXTROSE 50% 100 ML (K K LAB),DEXTROSE 50%,50%,infusion,df-374189216,K K LAB,false,true
9618,DEXTROSE,DEXTROSE 50% 100 ML INJ (K K LAB),DEXTROSE 50%,50%,infusion,df-374189216,K K LAB,false,true
3823,DEXTROSE,DEXTROSE 50% 100ML INJ (RUSOMA LAB),DEXTROSE 50%,50%,infusion,df-374189216,RUSOMA LAB,false,true
13061,DEXTROSE,DEXTROSE 50% 100 ML (DENIS),DEXTROSE 50%,50%,infusion,df-374189216,DENIS,false,true
16104,NATCLOVIR,NATCLOVIR (GANCICLOVIR) 500MG INJ (NATCO),GANCICLOVIR 250MG,,injection,df-7435419319,NATCO,false,true
316,PANTOCID,PANTOCID 20MG TAB (PANTOPRAZOLE) (SUN),PANTOPRAZOLE 20MG,20MG,tablet,df-2929601942,SUN,false,true
1535,OMNIKACIN,OMNIKACIN (AMIKACIN) 250MG INJ (CIPLA),AMIKACIN 250MG,,injection,df-7435419319,CIPLA,false,true
13694,MIKACIN,MIKACIN (AMIKACIN) 250MG INJ (ARISTO),AMIKACIN 250MG,,injection,df-7435419319,ARISTO,false,true
8111,ETOSYS,ETOSYS TAB (ETHAMSYLATE+TRANEXAMIC ACID) (SYSTOPIC),ETHAMSYLATE+TRANEXAMIC ACID,,tablet,df-2929601942,SYSTOPIC,false,true
16251,PRAMIROL,PRAMIROL 0.5MG TAB (PRAMIPEXOLE) (INTAS),PRAMIPEXOLE 0.5MG,0.5MG,tablet,df-2929601942,INTAS,false,true
384,R-CINEX,R-CINEX 600MG TAB (RIFAMPICIN+ISONIAZID) (LUPIN),RIFAMPICIN 600MG+ISONIAZID 300MG,600MG,tablet,df-2929601942,LUPIN,false,true
737,SORBITRATE,SORBITRATE 5MG TAB (ISOSORBIDE DINITRATE) (ABBOTT),ISOSORBIDE DINITRATE  5MG,5MG,tablet,df-2929601942,ABBOTT,false,true
5352,FORXIGA,FORXIGA 10MG TAB (DAPAGLIFLOZIN) (ASTRA ZENECA),DAPAGLIFLOZIN,10MG,tablet,df-2929601942,ASTRA ZENECA,false,true
17464,GLUCRETA,GLUCRETA 10MG TAB (DAPAGLIFLOZIN) (TORRENT),DAPAGLIFLOZIN,10MG,tablet,df-2929601942,TORRENT,false,true
17465,GLUCREATA M 10+,GLUCREATA M 10+500MG TAB (DAPAGLIFLOZIN+METFORMIN) (TORRENT),DAPAGLIFLOZIN,500MG,tablet,df-2929601942,TORRENT,false,true
17466,GLUCRETA M 10+,GLUCRETA M 10+1000MG TAB (DAPAGLIFLOZIN+METFORMIN) (TORRENT),DAPAGLIFLOZIN,1000MG,tablet,df-2929601942,TORRENT,false,true
17450,DAPAVEL,DAPAVEL 10MG TAB (DAPAGLIFLOZIN) (INTAS),DAPAGLIFLOZIN,10MG,tablet,df-2929601942,INTAS,false,true
17448,GLEDEPA,GLEDEPA 10MG TAB (DAPAGLIFLOZIN) (ABBOTT),DAPAGLIFLOZIN,10MG,tablet,df-2929601942,ABBOTT,false,true
17368,DAPAGLYN,DAPAGLYN 5MG TAB (DAPAGLIFLOZIN) (ZYDUS),DAPAGLIFLOZIN,5MG,tablet,df-2929601942,ZYDUS,false,true
17369,DAPAGLYN,DAPAGLYN 10MG TAB (DAPAGLIFLOZIN) (ZYDUS),DAPAGLIFLOZIN,10MG,tablet,df-2929601942,ZYDUS MEDICA,false,true
15052,OXRAMET XR,OXRAMET XR 10/500MG TAB (DAPAGLIFLOZIN+METFORMIN HCL) (SUN),DAPAGLIFLOZIN,10/500MG,tablet,df-2929601942,SUN,false,true
15151,OXRAMET XR,OXRAMET XR 10/1000MG TAB (DAPAGLIFLOZIN+METFORMIN) (SUN),DAPAGLIFLOZIN,10/1000MG,tablet,df-2929601942,SUN,false,true
15152,OXRAMET IR,OXRAMET IR 5/1000MG TAB (DAPAGLIFLOZIN+METFORMIN HCL) (SUN),DAPAGLIFLOZIN,5/1000MG,tablet,df-2929601942,SUN,false,true
6851,TOSSEX,TOSSEX 100ML SYP (ABBOTT),CODEINE PHOSPHATE+CHLORPHENIRAMINE MALEATE,100ML,syrup,df-4608470948,ABBOTT,false,true
375,STABLON,STABLON 12.5MG TAB (TIANEPTINE) (SERDIA),TIANEPTINE 12.5MG,12.5MG,tablet,df-2929601942,SERDIA,false,true
5765,AKUMINIC,AKUMINIC 60ML SYP (AKUMENTIS),PCM+PHENYLEPHRINE+CAFFINE,60ML,syrup,df-4608470948,AKUMENTIS,false,true
9778,ZOSERT,ZOSERT 50MG TAB (SERTRALINE) (SUN),SERTRALINE HCL 50MG,50MG,tablet,df-2929601942,SUN,false,true
876,SERTA,SERTA 50MG TAB (SERTRALINE) (TORRENT),SERTRALINE HCL 50MG,50MG,tablet,df-2929601942,TORRENT,false,true
3149,DAXID,DAXID 50MG TAB (SERTRALINE) (PFIZER),SERTRALINE HCL 50MG,50MG,tablet,df-2929601942,PFIZER,false,true
2722,BISPEC,BISPEC 5MG TAB (SOLIFENACIN) (DR. REDDY),SOLIFENACIN 5MG,5MG,tablet,df-2929601942,DR REDDY,false,true
3986,LONOPIN -D,LONOPIN -D (ENOXAPARIN) 40MG 0.4ML INJ (BHARAT SERUM),ENOXAPARIN 40MG,,injection,df-7435419319,SERUM,false,true
702,CLEXANE,CLEXANE (ENOXAPARIN SODIUM) 40MG 0.4ML INJ (SANOFI),ENOXAPARIN 40MG,,injection,df-7435419319,SANOFI,false,true
17363,FLOHEP,FLOHEP (ENOXAPERIN) 40MG INJ (FUSION),ENOXAPARIN 40MG,,injection,df-7435419319,FUSION,false,true
17165,ENCLEX,ENCLEX (ENOXAPERIN) 40MG INJ (CIPLA),ENOXAPARIN 40MG,,injection,df-7435419319,CIPLA,false,true
15982,ALDOPAM,ALDOPAM (PARLIDOXIM IODIDE) 500MG 20ML INJ (SAMARTH),PARLIDOXIME IODIDE,,injection,df-7435419319,SAMARTH,false,true
774,BECOSULES,BECOSULES CAP (B-COMPLEX+VITAMIN C) (PFIZER),VITAMIN-B COMPLEX,,capsule,df-9555626637,PFIZER,false,true
820,NEUROBION FORTE,NEUROBION FORTE TAB (VITAMIN B COMPLEX+B12) (MERCK),VITAMIN-B COMPLEX,,tablet,df-2929601942,MERCK,false,true
1226,BG PROT,BG PROT 200ML SYP (DR REDDY),VITAMIN-B COMPLEX,200ML,syrup,df-4608470948,DR REDDY,false,true
1230,NEUROBION PLUS,NEUROBION PLUS TAB (MECOBALAMIN+PYRIDOXINE+NICOTINAMIDE) (MERCK),VITAMIN-B COMPLEX,,tablet,df-2929601942,MERCK,false,true
1204,BECOSULE,BECOSULE 120ML SYP (PFIZER),VITAMIN-B COMPLEX,120ML,syrup,df-4608470948,PFIZER,false,true
1205,BECOSULES Z,BECOSULES Z CAP (VITAMIN-B COMPLEX+VITAMIN C+ZINC) (PFIZER),VITAMIN-B COMPLEX,,capsule,df-9555626637,PFIZER,false,true
2947,NUROKIND LC,NUROKIND LC TAB (L-CARNITINE L-TARTRATE+MECOBALAMIN+FOLIC ACID) (MANKIND),VITAMIN-B COMPLEX,,tablet,df-2929601942,MANKIND,false,true
315,PRAX,PRAX 10MG TAB (PRASUGREL HCL) (TORRENT),PRASUGREL 10MG,10MG,tablet,df-2929601942,TORRENT,false,true
347,AZEE,AZEE 250MG TAB (AZITHROMYCIN) (CIPLA),AZITHROMYCIN 250MG,250MG,tablet,df-2929601942,CIPLA,false,true
16842,AZIMAX,AZIMAX 250MG TAB (AZITHROMYCIN) (CIPLA),AZITHROMYCIN 250MG,250MG,tablet,df-2929601942,CIPLA,false,true
13444,RASCASE,RASCASE (RASBURICASE) 1.5MG INJ (SAYER),RASBURICASE,,injection,df-7435419319,SAYER,false,true
12217,RASBY,RASBY (RASBURICASE) 1.5MG INJ (INTAS),RASBURICASE,,injection,df-7435419319,INTAS,false,true
13127,NOVALE-CT SCALP LOTION,NOVALE-CT SCALP LOTION 75ML (KETOCONAZOLE) (PALSONS),"KETOCONAZOLE,ZINC PYRITHIONE",75ML,lotion,df-6941042110,PALSONS,false,true
6693,STARPRESS R XL,STARPRESS R XL 50MG TAB (METOPROLOL+RAMIPRIL) (LUPIN),METOPROLOL SUCCINATE,50MG,tablet,df-2929601942,LUPIN,false,true
850,EMBETA XR,EMBETA XR 25MG TAB (METOPROLOL) (INTAS),METOPROLOL SUCCINATE,25MG,tablet,df-2929601942,INTAS,false,true
1897,ZENTEL,ZENTEL 400MG TAB (ALBENDAZOLE) (GSK),ALBENDAZOLE 400MG,400MG,tablet,df-2929601942,GSK,false,true
3054,STALOPAM,STALOPAM 10MG TAB (ESCITALOPRAM) (LUPIN),ESCITALOPRAM 10MG,10MG,tablet,df-2929601942,LUPIN,false,true
3972,FELIZ-S,FELIZ-S 10MG TAB (ESCITALOPRAM OXALATE) (TORRENT),ESCITALOPRAM 10MG,10MG,tablet,df-2929601942,TORRENT,false,true
6432,SZETALO,SZETALO 10MG TAB (ESCITALOPRAM) (ABBOTT),ESCITALOPRAM 10MG,10MG,tablet,df-2929601942,ABBOTT,false,true
5193,NEXITO,NEXITO 10MG TAB (ESCITALOPRAM) (SUN),ESCITALOPRAM 10MG,10MG,tablet,df-2929601942,SUN,false,true
16249,REXIPRA,REXIPRA 10MG TAB (ESCITALOPRAM) (INTAS),ESCITALOPRAM 10MG,10MG,tablet,df-2929601942,INTAS,false,true
16722,DEPRAN,DEPRAN 10MG TAB (ESCITALOPRAM+CLONAZEPAM) (INTAS),ESCITALOPRAM 10MG,10MG,tablet,df-2929601942,INTAS,false,true
1998,BUDECORT  RESPULES,BUDECORT 1MG RESPULES (BUDESONIDE) (CIPLA),BUDESONIDE 100MCG,1MG,respule,df-9534758258,CIPLA,false,true
704,BUDECORT  RESPULES,BUDECORT 0.5MG RESPULES (BUDESONIDE) (CIPLA),BUDESONIDE 100MCG,0.5MG,respule,df-9534758258,CIPLA,false,true
652,CLOPIVAS,CLOPIVAS 75MG TAB (CLOPIDOGREL) (CIPLA),CLOPIDOGREL 75MG,75MG,tablet,df-2929601942,CIPLA,false,true
306,CLAVIX,CLAVIX 75MG TAB (CLOPIDOGREL) (INTAS),CLOPIDOGREL 75MG,75MG,tablet,df-2929601942,INTAS,false,true
853,DEPLATT,DEPLATT 75MG TAB (CLOPIDOGREL) (TORRENT),CLOPIDOGREL 75MG,75MG,tablet,df-2929601942,TORRENT,false,true
2497,CLOPITAB,CLOPITAB 75MG TAB (CLOPIDOGREL) (LUPIN),CLOPIDOGREL 75MG,75MG,tablet,df-2929601942,LUPIN,false,true
5088,NEOCUF,NEOCUF 100ML SYP (NEOLINA),DEXOMETHORPHENE+CPM+PHYNILEPHERENE,100ML,syrup,df-4608470948,NEOLINA,false,true
11102,BETA NICARDIA,BETA NICARDIA CAP (ATENOLOL+NIFEDIPINE) (J.B. CHEMICAL),ATENOLOL+NIFEDIPINE,,capsule,df-9555626637,JB CHEMICALS,false,true
10090,PRED FORTE EYE,PRED FORTE EYE DROP (PREDNISOLONE) (ALLERGAN),PREDNISOLONE,,drop,df-2859918947,ALLERGAN,false,true
8210,OMNACORTIL,OMNACORTIL 60ML SYP (MACLEODS),PREDNISOLONE,60ML,syrup,df-4608470948,MACLEODS,false,true
3247,WYSOLONE DT,WYSOLONE DT 5MG TAB (PREDNISOLONE) (PFIZER),PREDNISOLONE,5MG,tablet,df-2929601942,PFIZER,false,true
1429,"METROGYL  TAB, 1 X 20,","METROGYL 200MG TAB, 1 X 20, (METRONIDAZOLE) (J.B.CHEMICAL)",METRONIDAZOLE 200mg,200MG,tablet,df-2929601942,JB CHEMICALS,false,true
3156,SIBELIUM,SIBELIUM 5MG TAB (FLUNARIZINE) (J & J),FLUNARIZINE 5MG,5MG,tablet,df-2929601942,J&J,false,true
238,DERIPHYLLIN,DERIPHYLLIN (ETOPHYLLIN+THEOPHYLLIN) 2ML INJ (GERMAN REMEDIES) {#},ETOPHYLLINE+THEOPHYLLIN,,injection,df-7435419319,GERMAN REMEDIES,false,true
369,DERIPHYLLIN RETARD,DERIPHYLLIN RETARD 150MG TAB (ETOPHYLLINE+THEOPHYLLINE) (GERMAN) {#},ETOPHYLLINE+THEOPHYLLIN,150MG,tablet,df-2929601942,GERMAN REMEDIES,false,true
352,TRYPTOMER,TRYPTOMER 10MG TAB (AMITRIPTYLINE) (DR.REDDY),AMITRIPTYLINE 10MG,10MG,tablet,df-2929601942,DR REDDY,false,true
13041,PLADASE A,PLADASE A TAB (ACECLOFENAC+PARACETAMOL+SERRATIOPEPTIDOSE) (PLA),ACECLOFENAC+PARACETAMOL+SERRATIOPEPTIDASE,,tablet,df-2929601942,PLA,false,true
14468,LACTIHEP PLUS,LACTIHEP PLUS 250ML SYP (SUN) {*},SODIUM PICOSULPHATE 5MG/5ML,250ML,syrup,df-4608470948,SUN,false,true
2707,PRILOX,PRILOX CREAM 30GM (PRILOCAINE+LIDOCAINE) (NEON),LIDOCAINE+PRILOCAINE,30GM,cream,df-3472438845,NEON,false,true
8010,ZIFI CV,ZIFI CV 200MG TAB (CEFIXIME+CLAVULANIC ACID) (FDC),CEFIXIME+CLAVALUNIC ACID,200MG,tablet,df-2929601942,FDC,false,true
12457,TAXIM O CV,TAXIM O CV 200MG TAB (CEFIXIME+POTASSIUM CLAVULANATE) (ALKEM),CEFIXIME+CLAVALUNIC ACID,200MG,tablet,df-2929601942,ALKEM,false,true
9648,COVATIL CV,COVATIL CV 500MG TAB (CEFUROXIME+CLAVULANIC ACID) (MACLEODS),CEFUROXIME+CLAVULANIC ACID,500MG,tablet,df-2929601942,MACLEODS,false,true
9818,CHYMORAL FORTE DS,CHYMORAL FORTE DS TAB (TRYPSIN-CHYMOTRYPSIN) (TORRENT),TRYPSIN-CHYMOTRYPSIN,,tablet,df-2929601942,TORRENT,false,true
738,CHYMORAL FORTE,CHYMORAL FORTE TAB (TRYPSIN-CHYMOTRYPSIN) (TORRENT),TRYPSIN-CHYMOTRYPSIN,,tablet,df-2929601942,TORRENT,false,true
1346,HUMAN MIXTARD 30/70,HUMAN MIXTARD 30/70  (INSULIN) 40IU/ML INJ (NOVO NORDISK)   {#},INSULIN 40IU,,injection,df-7435419319,NOVO NORDISK,false,true
1437,HUMAN ACTRAPID,HUMAN ACTRAPID (INSULIN) 40IU/ML INJ (NOVO NORDISK)   {#},INSULIN 40IU,,injection,df-7435419319,NOVO NORDISK,false,true
5325,HUMINSULIN R,HUMINSULIN R (BIPHASIC ISOPHANE) 10ML INJ (ELI LILLY),INSULIN 40IU,,injection,df-7435419319,ELI LILLY,false,true
13643,INSUGEN -R,INSUGEN -R (INSULIN) 40IU/ML INJ (BIOCON),INSULIN 40IU,,injection,df-7435419319,BIOCON,false,true
12112,LARINATE,LARINATE (ARTESUNATE) 120MG INJ (IPCA),ARTESUNATE 60MG,,injection,df-7435419319,IPCA,false,true
764,FALCIGO,FALCIGO (ARTESUNATE) 60MG INJ (ZYDUS CADILA),ARTESUNATE 60MG,,injection,df-7435419319,ZYDUS CADILA,false,true
1888,BROZEDEX SF,BROZEDEX SF 100ML SYP (DR REDDY),"TERBUTALINE,BROMOHEXINEHCL,GUAIPHENSIN",100ML,syrup,df-4608470948,DR REDDY,false,true
1876,REBAGEN,REBAGEN 100MG TAB (REBAMIPIDE) (MACLEODS),REBAMIPIDE,100MG,tablet,df-2929601942,MACLEODS,false,true
3487,GEMER DS,GEMER DS 2MG TAB (METFORMIN+GLIMEPIRIDE) (SUN),GLIMEPRIDE 2MG+METFORMIN 1000MG,2MG,tablet,df-2929601942,SUN,false,true
1320,FOSOLIN,FOSOLIN (FOSPHENYTOIN SODIUM) 750MG 10ML INJ (ZYDUS CADILA),FOSPHENYTOIN SODIUM 10ML,,injection,df-7435419319,ZYDUS CADILA,false,true
639,IVABRAD,IVABRAD 5MG TAB (IVABRADINE) (LUPIN),IVABRADINE 5MG,5MG,tablet,df-2929601942,LUPIN,false,true
635,INAPURE,INAPURE 5MG TAB (IVABRADINE) (SUN PHARMA),IVABRADINE 5MG,5MG,tablet,df-2929601942,SUN,false,true
12855,IVANODE,IVANODE 5MG TAB (IVABRADINE) (TORRENT),IVABRADINE 5MG,5MG,tablet,df-2929601942,TORRENT,false,true
13358,MOXICIP KT EYE,MOXICIP KT EYE DROP 5ML (MOXIFLOXACIN+KETOROLAC) (CIPLA),MOXIFLOXACIN+KETOROLAC,5ML,drop,df-2859918947,CIPLA,false,true
2774,ETIZOLA PLUS,ETIZOLA PLUS 10MG TAB (ETIZOLAM+ESCITALOPRAM) (MACLEODS),ETIZOLAM + ESCITALOPRAM,10MG,tablet,df-2929601942,MACLEODS,false,true
2583,ETIZOLA PLUS,ETIZOLA PLUS 5MG TAB (ETIZOLAM+ESCITALOPRAM) (MACLEODS),ETIZOLAM + ESCITALOPRAM,5MG,tablet,df-2929601942,MACLEODS,false,true
5159,PLACIDA PLUS,PLACIDA PLUS TAB (ETIZOLAM+ESCITALOPRAM) (MANKIND),ETIZOLAM + ESCITALOPRAM,,tablet,df-2929601942,MANKIND,false,true
4766,SOLOPOSE PLUS,SOLOPOSE PLUS TAB (ETIZOLAM+ESCITALOPRAM) (MANKIND),ETIZOLAM + ESCITALOPRAM,,tablet,df-2929601942,MANKIND,false,true
6222,FLUTIVATE,FLUTIVATE CREAM 10GM (FLUTICASONE) (GSK),FLUTICASONE,10GM,cream,df-3472438845,GSK,false,true
1288,VENOFUNDIN,VENOFUNDIN (HYDROXYETHYL STARCH) 500ML INJ (B. BRAUN),HYDROXYETHYL STARCH 6% 500ML,,injection,df-7435419319,B. BRAUN,false,true
6196,BETADINE,BETADINE POWDER 10GM (POVIDONE IODINE) (WIN-MEDICARE),POVIDONE IODINE POWDER,10GM,powder,df-9603977956,WIN-MEDICARE,false,true
6283,MENACTRA,MENACTRA (MENINGOCOCCAL) VACCINE (SANOFI),VACCINE,,vaccine,df-5880427153,SANOFI,false,true
6284,ROTARIX,ROTARIX (ROTAVIRUS) VACCINE (GSK),VACCINE,,vaccine,df-5880427153,GSK,false,true
5409,TRESIVAC,TRESIVAC (MEASLES+MUMPS+RUBELLA) VACCINE (SERUM),VACCINE,,vaccine,df-5880427153,SERUM,false,true
11011,HEXAXIM VACCINE,HEXAXIM VACCINE (SANOFI),VACCINE,,vaccine,df-5880427153,SANOFI,false,true
10389,VARILRIX,VARILRIX (VERICELLA) VACCINE (GSK),VACCINE,,vaccine,df-5880427153,GSK,false,true
9413,ROTATEQ,ROTATEQ (ROTAVIRUS) VACCINE (MSD),VACCINE,,vaccine,df-5880427153,MSD,false,true
13357,ENTEROSHIELD PFS,ENTEROSHIELD PFS (SIMONELLA TYPHI) VACCINE (ABBOTT),VACCINE,,vaccine,df-5880427153,ABBOTT,false,true
14095,JEEV,JEEV (JAPANI ENCEPHALITIS) VACCINE (B.E.),VACCINE,,vaccine,df-5880427153,B.E.,false,true
14374,INFANRIX HEXA VACCINE,INFANRIX HEXA VACCINE (GSK),VACCINE,,vaccine,df-5880427153,GSK,false,true
16148,MANNITOL  PLASTIC,MANNITOL 20% PLASTIC 100ML (REALCAD),MANNITOL 20% 100ML,20%,infusion,df-374189216,REALCAD,false,true
9782,MANNITOL  GLASS,MANNITOL 20% GLASS 100ML,MANNITOL 20% 100ML,20%,infusion,df-374189216,K K LAB,false,true
11621,MANNITOL  PLASTIC,MANNITOL 20% PLASTIC 100ML (K K LAB),MANNITOL 20% 100ML,20%,infusion,df-374189216,K K LAB,false,true
175,MANNITOL SP 20 PLASTIC,MANNITOL SP 20 PLASTIC 100ML (AMANTA),MANNITOL 20% 100ML,100ML,infusion,df-374189216,AMANTA,false,true
5628,ALERID,ALERID 60ML SYP (CIPLA),CETIRIZINE,60ML,syrup,df-4608470948,CIPLA,false,true
3460,SMUTH,SMUTH CREAM 30GM (CALCIUM DOBESILATE+LIDOCAINE+HYDROCORTISONE+ZINC) (ARISTO),"CALCIUM DOBESILATE,LIGNOCAINE,HYDROCORTISONE,ZINC",30GM,cream,df-3472438845,ARISTO,false,true
781,CONCOR COR,CONCOR COR 1.25MG TAB (BISOPROLOL) (MERCK),BISOPROLOL,1.25MG,tablet,df-2929601942,MERCK,false,true
835,CONCOR,CONCOR 10MG TAB (BISOPROLOL) (MERCK),BISOPROLOL,10MG,tablet,df-2929601942,MERCK,false,true
15776,BISOTAB,BISOTAB 2.5MG TAB (BISOPROLOL) (J.B. CHEMICAL),BISOPROLOL,2.5MG,tablet,df-2929601942,JB CHEMICALS,false,true
15777,BISOTAB,BISOTAB 5MG TAB (BISOPROLOL) (J.B. CHEMICAL),BISOPROLOL,5MG,tablet,df-2929601942,JB CHEMICALS,false,true
16652,CORBIS,CORBIS 1.25MG TAB (BISOPROLOL) (TORRENT),BISOPROLOL,1.25MG,tablet,df-2929601942,TORRENT,false,true
17093,CORBIS,CORBIS 10MG TAB (BISOPROLOL) (TORRENT),BISOPROLOL,10MG,tablet,df-2929601942,TORRENT,false,true
16215,ZENOXA,ZENOXA 150MG TAB (OXCARBAZEPINE) (INTAS),OXCARBAZEPINE 150MG,150MG,tablet,df-2929601942,INTAS,false,true
16216,ZENOXA,ZENOXA 300MG TAB (OXCARBAZEPINE) (INTAS),OXCARBAZEPINE 150MG,300MG,tablet,df-2929601942,INTAS,false,true
16217,ZENOXA 450,ZENOXA 450 TAB (OXCARBAZEPINE) (INTAS),OXCARBAZEPINE 150MG,,tablet,df-2929601942,INTAS,false,true
16218,ZENOXA,ZENOXA 600MG TAB (OXCARBAZEPINE) (INTAS),OXCARBAZEPINE 150MG,600MG,tablet,df-2929601942,INTAS,false,true
16219,ZENOXA OD,ZENOXA OD 300MG TAB (OXCARBAZEPINE) (INTAS),OXCARBAZEPINE 150MG,300MG,tablet,df-2929601942,INTAS,false,true
16220,ZENOXA OD,ZENOXA OD 600MG TAB (OXCARBAZEPINE) (INTAS),OXCARBAZEPINE 150MG,600MG,tablet,df-2929601942,INTAS,false,true
16221,ZENOXA OD,ZENOXA OD 450MG TAB (OXCARBAZEPINE) (INTAS),OXCARBAZEPINE 150MG,450MG,tablet,df-2929601942,INTAS,false,true
16192,VINLEP,VINLEP 300MG TAB (OXCARBAZEPINE) (SANOFI),OXCARBAZEPINE 150MG,300MG,tablet,df-2929601942,SANOFI,false,true
3162,OXETOL,OXETOL 150MG TAB (OXCARBAZEPINE) (SUN),OXCARBAZEPINE 150MG,150MG,tablet,df-2929601942,SUN,false,true
3165,OXETOL XR,OXETOL XR 150MG TAB (OXCARBAZEPINE) (SUN),OXCARBAZEPINE 150MG,150MG,tablet,df-2929601942,SUN,false,true
3332,CASFUNG,CASFUNG (CASPOFUNGIN) 50MG INJ (GLENMARK),CASPOFUNGIN 50MG,,injection,df-7435419319,GLENMARK,false,true
1877,CANCIDAS,CANCIDAS (CASPOFUNGIN) 70MG INJ (MSD),CASPOFUNGIN 50MG,,injection,df-7435419319,MSD,false,true
16702,BENZAC AC,BENZAC AC 2.5% GEL 15GM (BENZOYL PEROXIDE ) (GALDERMA),BENZOYL PEROXIDE,2.5%,cream,df-3472438845,GALDERMA,false,true
14523,BENZER 2.5,BENZER 2.5 GEL 15GM (TALENT),BENZOYL PEROXIDE,15GM,cream,df-3472438845,TALENT,false,true
3820,PRAX A,PRAX A 75MG CAP (PRASUGREL HCL+ASPIRIN) (TORRENT),PRASUGREL & ASPRIN,75MG,capsule,df-9555626637,TORRENT,false,true
5524,OVRAL G,OVRAL G TAB (NORGESTREL+ETHINYL ESTRADIOL) (PYIZER),NORGESTROL AND ETHINYLOESTRADIOL,,tablet,df-2929601942,PFIZER,false,true
17100,EXTRALAST,EXTRALAST 30MG TAB (DAPOXETINE) (LUPIN),DAPOXETINE 30MG,30MG,tablet,df-2929601942,LUPIN,false,true
17426,TFTAVAC,TFTAVAC (TETANUS TOXOID) 0.5ML VACCINE (BETT),TETANUS TOXOID,,vaccine,df-5880427153,BETT,false,true
12269,TETANUS TOXOID MULTIDOSE  VACCINE,TETANUS TOXOID MULTIDOSE 5ML VACCINE (SERUM),TETANUS TOXOID,5ML,vaccine,df-5880427153,SERUM,false,true
875,TETANUS  VACCINE,TETANUS 0.5ML VACCINE (BETT),TETANUS TOXOID,0.5ML,vaccine,df-5880427153,BETT,false,true
4879,NEOSPORIN-H EYE,NEOSPORIN-H EYE OINT (GSK),NEOMYCINE AND HYDROCORTISONE,,ointment,df-3972100204,GSK,false,true
17458,NEOSPORIN-H EAR,NEOSPORIN-H EAR DROP (NEOMYCIN+POLYMYXIN B) (GSK),NEOMYCINE AND HYDROCORTISONE,,drop,df-2859918947,GSK,false,true
376,NATRILIX SR,NATRILIX SR 1.5MG TAB (INDAPAMIDE) (SERDIA),INDAPAMIDE 1.5MG,1.5MG,tablet,df-2929601942,SERDIA,false,true
377,FLAVEDON MR,FLAVEDON MR 35MG TAB (TRIMETAZIDINE) (SERDIA),TRIMETAZIDINE 35MG,35MG,tablet,df-2929601942,SERDIA,false,true
9265,NAPROSYN,NAPROSYN 250MG TAB (NAPROXEN) (RPG)  {*},NAPROXEN 250MG,250MG,tablet,df-2929601942,RPG,false,true
8862,KABIMOL FREEFLEX,KABIMOL FREEFLEX (PARACETAMOL) 100ML INJ (FRESENIUS),PARACETAMOL,,injection,df-7435419319,FRESENIUS,false,true
5435,FEVAGO DS,FEVAGO DS SYP (CIPLA),PARACETAMOL,,syrup,df-4608470948,CIPLA,false,true
5436,FEVAGO,FEVAGO DROP (PARACETAMOL) (CIPLA),PARACETAMOL,,drop,df-2859918947,CIPLA,false,true
16140,CALPOL,CALPOL 250MG SYP (GSK),PARACETAMOL,250MG,syrup,df-4608470948,GSK,false,true
15852,PRECIMOL,PRECIMOL (PARACETAMOL) 100ML INJ (PREMEDIUM),PARACETAMOL,,injection,df-7435419319,PREMEDIUM,false,true
6887,ALPHAGAN-P EYE,ALPHAGAN-P EYE DROP (ALLERGAN),BRIMONIDINE,,drop,df-2859918947,ALLERGAN,false,true
1397,HUMAN MIXTARD,HUMAN MIXTARD (INSULIN) 50/50 INJ (ABBOTT),INSULIN,,injection,df-7435419319,ABBOTT,false,true
2573,GLYNASE MF,GLYNASE MF TAB (GLIPIZIDE+METFORMIN HCL) (USV),GLIPIZIDE+METFORMIN,,tablet,df-2929601942,USV,false,true
2679,RENOSAVE,RENOSAVE TAB (N-ACETYLCYSTEINE+TAURINE) (ALNICHE),N-ACETYLCYSTEINE 150MG TAURINE 500MG,,tablet,df-2929601942,ALNICHE,false,true
8965,NEFROSAVE,NEFROSAVE TAB (TAURINE+ACETYLCYSTEINE) (FOURRTS),N-ACETYLCYSTEINE 150MG TAURINE 500MG,,tablet,df-2929601942,FOURRTS,false,true
14345,RENOSTEAD,RENOSTEAD TAB (N-ACETYLCYSTEINE+TAURINE) (STEADFAST),N-ACETYLCYSTEINE 150MG TAURINE 500MG,,tablet,df-2929601942,STEADFAST,false,true
12509,AMINOVEN INFANT,AMINOVEN INFANT 10% (AMINO ACID) 100ML INJ (FRESENIUS KABI),AMINO ACID,10%,injection,df-7435419319,FRESENIUS,false,true
11765,HEPTAGON,HEPTAGON TAB (LECITHIN+SILYMARIN+ZINC+AMINO ACID+VITAMINS) (SUN),AMINO ACID,,tablet,df-2929601942,SUN,false,true
7670,LAMINO HEPA,LAMINO HEPA 8% (AMINO ACID) INJ (LA RENON),AMINO ACID,8%,injection,df-7435419319,LA RENON,false,true
1813,OMEGAVEN,OMEGAVEN (EICOSAPENTAENOIC ACID+DOCOSAHEXAENOIC ACID(DHA)) 50ML INJ (FRESENIUS KABI),AMINO ACID,,injection,df-7435419319,FRESENIUS,false,true
1814,DIPEPTIVEN,DIPEPTIVEN (L-ALANYL+ L-GLUTAMINE) 50ML INJ (FRESENIUS KABI),AMINO ACID,,injection,df-7435419319,FRESENIUS,false,true
1811,AMINOSTERIL N HEPA,AMINOSTERIL N HEPA (AMINO ACID 8% W/V) 500ML INJ (FRESENIUS KABI),AMINO ACID,,injection,df-7435419319,FRESENIUS,false,true
7582,VENUSMIN,VENUSMIN 300MG TAB (DIOSMIN) (WALTER BUSHNELL),DIOSMIN 300MG,300MG,tablet,df-2929601942,WALTER BUSHNELL,false,true
255,SERENACE,SERENACE (HALOPERIDOL) 1ML INJ (RPG),HALOPERIDOL 5MG,,injection,df-7435419319,RPG,false,true
2086,NETSPAN,NETSPAN (NETILMICIN) 50MG INJ (CIPLA),NETILMICIN 50MG,,injection,df-7435419319,CIPLA,false,true
7339,ETILNIX,ETILNIX (NETILMICIN) 300MG INJ (MEDNIX),NETILMICIN 50MG,,injection,df-7435419319,MEDNIX,false,true
6717,O2,O2 TAB (OFLOXACIN+ORNIDAZOLE) (MEDLEY),OFLOXACIN+ORNIDAZOLE,,tablet,df-2929601942,MEDLEY,false,true
4969,ZENFLOX-OZ,ZENFLOX-OZ (OFLOXACIN+ORNIDAZOLE) INJ (MANKIND),OFLOXACIN+ORNIDAZOLE,,injection,df-7435419319,MANKIND,false,true
1563,OFLOX OZ,OFLOX OZ TAB (OFLOXACIN+ORNIDAZOLE) (CIPLA),OFLOXACIN+ORNIDAZOLE,,tablet,df-2929601942,CIPLA,false,true
9333,NOXAFIL,NOXAFIL SYP (MSD),POSACONAZOL,,syrup,df-4608470948,MSD,false,true
631,NISE,NISE 100MG TAB (NIMESULIDE) (DR.REDDY),NIMESULIDE 100MG,100MG,tablet,df-2929601942,DR REDDY,false,true
941,RABLET D,RABLET D CAP (RABEPRAZOLE+DOMPERIDONE) (LUPIN),RABEPRAZOLE+DOMPERIDONE,,capsule,df-9555626637,LUPIN,false,true
3310,RABICIP D,RABICIP D CAP (RABEPRAZOLE+DOMPERIDONE) (CIPLA),RABEPRAZOLE+DOMPERIDONE,,capsule,df-9555626637,CIPLA,false,true
9498,FYCARE D,FYCARE D CAP (RABEPRAZOLE+DOMPERIDONE) (FIDUS),RABEPRAZOLE+DOMPERIDONE,,capsule,df-9555626637,FIDUS,false,true
9084,RABEMAC DSR,RABEMAC DSR CAP (RABEPRAZOLE+DOMPERIDONE) (MACLEODS),RABEPRAZOLE+DOMPERIDONE,,capsule,df-9555626637,MACLEODS,false,true
7949,RABIUM DSR,RABIUM DSR CAP (RABEPRAZOLE+DOMPERIDONE) (INTAS),RABEPRAZOLE+DOMPERIDONE,,capsule,df-9555626637,INTAS,false,true
4798,VELOZ D,VELOZ D CAP (RABEPRAZOLE+DOMPERIDONE) (TORRENT),RABEPRAZOLE+DOMPERIDONE,,capsule,df-9555626637,TORRENT,false,true
12819,REKOOL D,REKOOL D CAP (RABEPRAZOLE+DOMPERIDONE) (ALEMBIC),RABEPRAZOLE+DOMPERIDONE,,capsule,df-9555626637,ALEMBIC,false,true
6092,SUSTEN,SUSTEN 200MG CAP (PROGESTERONE) (SUN),PROGESTRON,200MG,capsule,df-9555626637,SUN,false,true
6600,SUSTEN,SUSTEN (PROGESTRON) 100MG INJ (SUN),PROGESTRON,,injection,df-7435419319,SUN,false,true
6601,SUSTEN,SUSTEN (PROGESTRON) 200MG INJ (SUN),PROGESTRON,,injection,df-7435419319,SUN,false,true
3163,OXETOL,OXETOL 600MG TAB (OXCARBAZEPINE) (SUN),OXCARBAZEPINE 600MG,600MG,tablet,df-2929601942,SUN,false,true
16424,QUTIPIN,QUTIPIN 100MG TAB (QUETIAPINE) (SUN),QUETIAPINE FUMARATE 100MG,100MG,tablet,df-2929601942,SUN,false,true
17269,CLARGER,CLARGER (CLARITHROMYCIN) 500MG INJ (ZYDUS CADILA),CLARITHROMYCIN 500MG,,injection,df-7435419319,ZYDUS CADILA,false,true
12652,CLARIWOK,CLARIWOK (CLARITHROMYCIN) 500MG INJ (WOCKHARDT),CLARITHROMYCIN 500MG,,injection,df-7435419319,WOCKHARDT,false,true
2974,KLACID,KLACID (CLARITHROMYCIN) 500MG INJ (ABBOTT),CLARITHROMYCIN 500MG,,injection,df-7435419319,ABBOTT,false,true
1372,CLARIMIN,CLARIMIN (CLARITHROMYCIN) 500MG INJ (UNITED BIOTECH),CLARITHROMYCIN 500MG,,injection,df-7435419319,UNITED BIOTECH,false,true
1262,CLARIBID,CLARIBID 500MG TAB (CLARITHROMYCIN) ABBOTT,CLARITHROMYCIN 500MG,500MG,tablet,df-2929601942,ABBOTT,false,true
12041,CLARIGARD,CLARIGARD 500MG TAB (CLARITHROMYCIN) (MACLEODS),CLARITHROMYCIN 500MG,500MG,tablet,df-2929601942,MACLEODS,false,true
8107,TAZLOC H,TAZLOC H TABLET (TELMISARTAN+HYDROCHLOROTHIAZIDE) (USV),TELMISARTAN+HYDROCHOLORTHIAZIDE,,tablet,df-2929601942,USV,false,true
987,TELMA H,TELMA H 80MG TAB (TELMISARTAN+HYDROCHLOROTHIAZIDE) (GLENMARK),TELMISARTAN+HYDROCHOLORTHIAZIDE,80MG,tablet,df-2929601942,GLENMARK,false,true
983,TELMA H,TELMA H 40MG TAB (TELMISARTAN+HYDROCHLORTHIAZIDE) (GLENMARK),TELMISARTAN+HYDROCHOLORTHIAZIDE,40MG,tablet,df-2929601942,GLENMARK,false,true
880,TELSAR 80-H,TELSAR 80-H TAB (TELMISARTAN+HYDROCHLOROTHIAZIDE) (TORRENT),TELMISARTAN+HYDROCHOLORTHIAZIDE,,tablet,df-2929601942,TORRENT,false,true
368,TELISTA H,TELISTA H 40MG TAB (TELMISARTAN+HYDROCHLOROTHIAZIDE) (LUPIN),TELMISARTAN+HYDROCHOLORTHIAZIDE,40MG,tablet,df-2929601942,LUPIN,false,true
4061,TELISTA H,TELISTA H 80MG TAB (TELMISARTAN+HYDROCHLOROTHIAZIDE) (LUPIN),TELMISARTAN+HYDROCHOLORTHIAZIDE,80MG,tablet,df-2929601942,LUPIN,false,true
3450,ERITEL H,ERITEL H 40MG TAB (TELMISARTAN+HYDROCHLOROTHIAZIDE) (ERIS),TELMISARTAN+HYDROCHOLORTHIAZIDE,40MG,tablet,df-2929601942,ERIS,false,true
13817,TELMIKIND H,TELMIKIND H 80MG TAB (TELMISARTAN+HYDROCHLOROTHIAZIDE) (MANKIND),TELMISARTAN+HYDROCHOLORTHIAZIDE,80MG,tablet,df-2929601942,MANKIND,false,true
15783,TELMIKIND H,TELMIKIND H 40MG TAB (TELMISARTAN+HYDROCHLOROTHIAZIDE) (MANKIND),TELMISARTAN+HYDROCHOLORTHIAZIDE,40MG,tablet,df-2929601942,MANKIND,false,true
14658,TELLZY H,TELLZY H 40MG TAB (TELMISARTAN+HYDROCHLOROTHIAZIDE) (ALEMBIC),TELMISARTAN+HYDROCHOLORTHIAZIDE,40MG,tablet,df-2929601942,ALEMBIC,false,true
14782,LAURTEL H,LAURTEL H 80MG TAB (TELMISARTAN+HYDROCHLOROTHIAZIDE) (LAURES),TELMISARTAN+HYDROCHOLORTHIAZIDE,80MG,tablet,df-2929601942,LAURES,false,true
4062,TAZZLE,TAZZLE 10MG TAB (TADALAFIL) (DR. REDDY),TADALAFIL 10MG,10MG,tablet,df-2929601942,DR REDDY,false,true
855,SPASMO PROXYVON,SPASMO PROXYVON (DICYCLOMINE) 2ML INJ (WOCKHARDT),DICYCLOMINE,,injection,df-7435419319,WOCKHARDT,false,true
4097,SPASMO PROXYVON FORTE,SPASMO PROXYVON FORTE (DICYCLOMINE) 2ML INJ (WOCKHARDT),DICYCLOMINE,,injection,df-7435419319,WOCKHARDT,false,true
1033,PENIDURE LA,PENIDURE LA (BENZATHINE PENICILLIN) 12 INJ (PFIZER),BENZATHINE PENICILLIN-G,,injection,df-7435419319,PFIZER,false,true
1037,PENIDURE LA,PENIDURE LA (BENZATHINE PENICILLIN) 6 INJ (PFIZER),BENZATHINE PENICILLIN-G,,injection,df-7435419319,PFIZER,false,true
14416,PENIBEN LA,PENIBEN LA (BENZATHINE PENICILLIN) 12LAC INJ (VYSALI),BENZATHINE PENICILLIN-G,,injection,df-7435419319,VYSALI,false,true
2087,NETSPAN,NETSPAN (NETILMICIN) 10MG INJ (CIPLA),NETILMICIN,,injection,df-7435419319,CIPLA,false,true
2088,NETSPAN,NETSPAN (NETILMICIN) 25MG INJ (CIPLA),NETILMICIN,,injection,df-7435419319,CIPLA,false,true
2090,NETSPAN,NETSPAN (NETILMICIN) 300MG INJ (CIPLA),NETILMICIN,,injection,df-7435419319,CIPLA,false,true
3249,MODLIP,MODLIP 20MG TAB (ATORVASTATIN) (TORRENT),ATORVASTATIN 20MG,20MG,tablet,df-2929601942,TORRENT,false,true
365,STORVAS,STORVAS 20MG TAB (ATORVASTATIN) (SUN PHARMA),ATORVASTATIN 20MG,20MG,tablet,df-2929601942,SUN,false,true
638,TONACT,TONACT 20MG TAB (ATORVASTATIN) (LUPIN),ATORVASTATIN 20MG,20MG,tablet,df-2929601942,LUPIN,false,true
789,AZTOR,AZTOR 20MG TAB (ATORVASTATIN) (SUN PHARMA),ATORVASTATIN 20MG,20MG,tablet,df-2929601942,SUN,false,true
761,ATORVA,ATORVA 20MG TAB (ATORVASTATIN) (ZYDUS),ATORVASTATIN 20MG,20MG,tablet,df-2929601942,ZYDUS CARDIVA,false,true
6302,LIPIKIND,LIPIKIND 20MG TAB (ATORVASTATIN) (MANKIND),ATORVASTATIN 20MG,20MG,tablet,df-2929601942,MANKIND,false,true
648,AVIL,AVIL (PHENIRAMINE MALEATE) 2ML INJ (SANOFI) {#},PHENIRAMINE MALEATE 50MG,,injection,df-7435419319,SANOFI,false,true
1561,AVIL,AVIL 50MG TAB (PHENIRAMINE MALEATE) (SANOFI),PHENIRAMINE MALEATE 50MG,50MG,tablet,df-2929601942,SANOFI,false,true
1903,OTSKI,OTSKI (TRACE ELEMENTS) 3ML INJ (LA RENON),TRACE ELEMENTS,,injection,df-7435419319,LA RENON,false,true
4029,CELECEL,CELECEL (TRACE ELEMENTS) 3ML INJ (CLARIS),TRACE ELEMENTS,,injection,df-7435419319,CLARIS,false,true
12703,FLEXBUMIN,FLEXBUMIN (HUMAN ALBUMIN) 20% 100ML INJ (BAXTER),HUMAN ALBUMIN,,injection,df-7435419319,BAXTER,false,true
12499,HEMALB,HEMALB (HUMAN ALBUMIN) 20% 100ML INJ (HEMARUS),HUMAN ALBUMIN,,injection,df-7435419319,HEMARUS,false,true
5788,VACOSTEO,VACOSTEO (ZOLDRONIC ACID) 5MG 100ML INJ (PANACEA),ZOLEDRONIC ACID,,injection,df-7435419319,PANACEA,false,true
10573,HHFUDIC,HHFUDIC CREAM 10GM (MOMETASONE+FUSIDIC ACID) (H&H),MOMETASONE + FUSIDIC,10GM,cream,df-3472438845,H&H,false,true
12487,MOMATE-F,MOMATE-F CREAM 15GM (MOMETASONE+FUSIDIC ACID) (GLENMARK),MOMETASONE + FUSIDIC,15GM,cream,df-3472438845,GLENMARK,false,true
13947,ECZMATE-F,ECZMATE-F CREAM 15GM (MOMETASONE+SALICYLIC ACID) (SALVE),MOMETASONE + FUSIDIC,15GM,cream,df-3472438845,SALVE,false,true
14513,METASONE-F,METASONE-F CREAM 10GM (MOMETASONE+FUSIDIC ACID) (TALENT),MOMETASONE + FUSIDIC,10GM,cream,df-3472438845,TALENT,false,true
343,TIOVA  INHALER,TIOVA 9MCG INHALER (TIOTROPIUM) (CIPLA),TIOTROPIUM BROMIDE 9MCG,9MCG,inhaler,df-6760636010,CIPLA,false,true
1448,CIPLOX,CIPLOX 500MG TAB (CIPROFLOXACIN) (CIPLA),CIPROFLOXACIN 500MG,500MG,tablet,df-2929601942,CIPLA,false,true
2478,DECA DURABOLIN,DECA DURABOLIN (NANDROLONE DECONATE) 50MG INJ (MSD),NANDROL0NE DECONATE 50MG,,injection,df-7435419319,MSD,false,true
2103,NUROKIND PLUS,NUROKIND PLUS CAP (MECOBALAMIN+ALPHA LIPOIC ACID+PYRIDOXINE+FOLIC ACID) (MANKIND),MECOBALAMIN+FA+LIPOIC ACID,,capsule,df-9555626637,MANKIND,false,true
1423,MATILDA FORTE,MATILDA FORTE CAP (MECOBALAMIN+ALPHA LIPOIC ACID+FOLIC ACID+PYRIDOXINE+BIOTIN) (LUPIN),MECOBALAMIN+FA+LIPOIC ACID,,capsule,df-9555626637,LUPIN,false,true
10955,REMYLIN D,REMYLIN D TAB (ERIS),MECOBALAMIN+FA+LIPOIC ACID,,tablet,df-2929601942,ERIS,false,true
11382,COBASOFT,COBASOFT (MECOBALAMIN) 500MCG INJ (TORRENT),MECOBALAMIN+FA+LIPOIC ACID,,injection,df-7435419319,TORRENT,false,true
11592,NEUROFY-D,NEUROFY-D TAB (METHYLCOBALAMIN+PYRIDOXIN+FOLIC ACID+VITAMIN D3) (FIDUS),MECOBALAMIN+FA+LIPOIC ACID,,tablet,df-2929601942,FIDUS,false,true
6530,MEGACOBAL,MEGACOBAL CAP (METHYLCOBALAMIN+ALPHA LIPOIC ACID+FOLIC ACID) (M.M. HEALTH CARE),MECOBALAMIN+FA+LIPOIC ACID,,capsule,df-9555626637,M.M. HEALTH CARE,false,true
14530,REJUNEX CD3,REJUNEX CD3 TAB (MULTIVITAMINS+CALCIUM+FOLIC ACID) (INTAS),MECOBALAMIN+FA+LIPOIC ACID,,tablet,df-2929601942,INTAS,false,true
16616,MECONERV-Z,MECONERV-Z SYP (MICRO),MECOBALAMIN+FA+LIPOIC ACID,,syrup,df-4608470948,MICRO,false,true
320,NITREST,NITREST 10MG TAB (ZOLPIDEM) (SUN PHARMA),ZOLPIDEM 10MG,10MG,tablet,df-2929601942,SUN,false,true
922,ZOLFRESH,ZOLFRESH 10MG TAB (ZOLPIDEM) (ABBOTT),ZOLPIDEM 10MG,10MG,tablet,df-2929601942,ABBOTT,false,true
4080,CYNOMYCIN,CYNOMYCIN 50MG CAP (MINOCYCLINE) (PFIZER),MINOCYCLINE 50MG,50MG,capsule,df-9555626637,PFIZER,false,true
12208,ZYCILLIN,ZYCILLIN (AMPICILLIN) 500MG INJ (ZYDUS CADILA),AMPICILLIN 500MG,,injection,df-7435419319,ZYDUS CADILA,false,true
1666,CITRALKA,CITRALKA 100ML SYP (PFIZER),DISODIUM HYDROGEN CITRATE 100ML,100ML,syrup,df-4608470948,PFIZER,false,true
3290,ISOLAZINE,ISOLAZINE TAB (ISOSORBIDE DINITRATE+HYDRALAZINE HCL) (LUPIN),"ISOSORBIDE DINITRATE 20MG,HYDRALAZINE HYDROCLORIE 37.5MG",,tablet,df-2929601942,LUPIN,false,true
10282,MOXOVAS,MOXOVAS 0.2MG TAB (MOXONIDINE) (MACLEODS),MOXONIDINE 0.2MG,0.2MG,tablet,df-2929601942,MACLEODS,false,true
6993,FONDAFLO,FONDAFLO (FONDAPERINUX) 2.5MG INJ ( LUPIN),FONDAPERINUX,,injection,df-7435419319,LUPIN,false,true
6983,FONDARED,FONDARED (FONDAPERINUX) 7.5MG INJ (DR REDDY),FONDAPERINUX,,injection,df-7435419319,DR REDDY,false,true
7629,FONDARED,FONDARED (FONDAPERINUX) 2.5MG INJ (DR REDDY),FONDAPERINUX,,injection,df-7435419319,DR REDDY,false,true
2020,NADOXIN,NADOXIN CREAM 10GM (NADIFLOXACIN) (DR REDDY),NADIFLOXACIN,10GM,cream,df-3472438845,DR REDDY,false,true
299,RANOLAZ OD,RANOLAZ OD 1000MG TAB (RANOLAZINE) (TORRENT),RANOLAZINE 1000MG,1000MG,tablet,df-2929601942,TORRENT,false,true
304,CORDARONE,CORDARONE 100MG TAB (AMIODARONE) (SANOFI),AMIODARONE 100MG,100MG,tablet,df-2929601942,SANOFI,false,true
6376,FLUR EYE,FLUR EYE DROP 10ML (FLURBIPROFEN) (ALLERGAN),FLURBIPROFEN 100MG,10ML,drop,df-2859918947,ALLERGAN,false,true
16224,SYMBAL,SYMBAL 60MG TAB (DULOXETINE) (TORRENT),DULOXETINE 60MG,60MG,tablet,df-2929601942,TORRENT,false,true
16261,VASOCON,VASOCON (ADRENALINE) 1ML INJ (NEON),ADRENALINE 1ML,,injection,df-7435419319,NEON,false,true
7422,ADRENALINE,ADRENALINE 1ML INJ (REGAN),ADRENALINE 1ML,1ML,injection,df-7435419319,REGAN,false,true
485,ADRENALINE,ADRENALINE 1ML INJ (RATHI LAB),ADRENALINE 1ML,1ML,injection,df-7435419319,RATHI LAB,false,true
297,LEVOFLOX,LEVOFLOX 500MG TAB (LEVOFLOXACIN) (CIPLA)   {#},LEVOFLOXACIN 500MG,500MG,tablet,df-2929601942,CIPLA,false,true
6558,LEON,LEON 500MG TAB (LEVOFLOXACIN) (DR REDDY),LEVOFLOXACIN 500MG,500MG,tablet,df-2929601942,DR REDDY,false,true
1426,SILOFAST,SILOFAST 4MG CAP (SILODOSIN) (CIPLA),SILODOSIN 4MG,4MG,capsule,df-9555626637,CIPLA,false,true
15723,ACIBOFIL DM,ACIBOFIL DM TAB (ACEBROPHYLLINE+MONTELUKAST+DESLORATADINE) (GLOBUS),"MONTELUKAST,LEVOCETIRIZINE,ACEBROPHYLLINE",,tablet,df-2929601942,GLOBUS LABS,false,true
2922,ANGIOMAX,ANGIOMAX (BIVALIRUDIN) 250MG INJ (THE MEDICINE COMPANY),BIVALIRUDIN 250MG,,injection,df-7435419319,THE MEDICINE COMPANY,false,true
5625,BIVASTAT,BIVASTAT (BIVALIRUDIN) INJ (CIPLA),BIVALIRUDIN 250MG,,injection,df-7435419319,CIPLA,false,true
6815,TONACT TG,TONACT TG TAB (ATORVASTATIN+FENOFIBRATE) (LUPIN),ATORVASTATIN+FENOFIBRATE,,tablet,df-2929601942,LUPIN,false,true
956,ASTHALIN  INHALER,ASTHALIN 100MCG INHALER (SALBUTAMOL) (CIPLA),SALBUTAMOL,100MCG,inhaler,df-6760636010,CIPLA,false,true
5153,VANSAFE CP,VANSAFE CP (VANCOMYCINE) 500MG INJ (V.H.B.),VANCOMYCIN 500MG,,injection,df-7435419319,V.H.B.,false,true
12186,VANTOX-CP,VANTOX-CP (VANCOMYCIN) 1GM INJ (SAMARTH),VANCOMYCIN 500MG,,injection,df-7435419319,SAMARTH,false,true
11555,VANLID,VANLID (VANCOMYCIN) 500MG INJ (CIPLA),VANCOMYCIN 500MG,,injection,df-7435419319,CIPLA,false,true
12730,VANCOGEN,VANCOGEN (VANCOMYCIN) 500MG INJ (ALKEM),VANCOMYCIN 500MG,,injection,df-7435419319,ALKEM,false,true
6835,FUCIBET,FUCIBET CREAM 15GM (BETAMETHASONE+FUSIDIC ACID) (SUN),FUCIDIC ACID+BETAMETHASON,15GM,cream,df-3472438845,SUN,false,true
6560,MONTEK LC,MONTEK LC TAB (MONTELUKAST SOD.+LEVOCETIRIZINE HCL) (SUN),MONTELUKAST+LEVOCETRIZINE,,tablet,df-2929601942,SUN,false,true
5434,MONTAIR LC KID,MONTAIR LC KID TAB (MONTELUKAST+LEVOCETIRIZINE) (CIPLA),MONTELUKAST+LEVOCETRIZINE,,tablet,df-2929601942,CIPLA,false,true
1106,TELEKAST L,TELEKAST L TAB (MONTELUKAST+LEVOCETIRIZINE) (LUPIN),MONTELUKAST+LEVOCETRIZINE,,tablet,df-2929601942,LUPIN,false,true
280,MONTAIR LC,MONTAIR LC TAB (MONTELUKAST+LEVOCETIRIZINE) CIPLA,MONTELUKAST+LEVOCETRIZINE,,tablet,df-2929601942,CIPLA,false,true
17073,MONTAIR AB,MONTAIR AB TABLET (MONTELUKAST+ACEBROPHYLLINE) (CIPLA),MONTELUKAST+LEVOCETRIZINE,,tablet,df-2929601942,CIPLA,false,true
16963,MONTEMAC AL,MONTEMAC AL TAB (LEVOCETIRIZINE+MONTELUKAST+AMBROXOL HCL) (MACLEODS),MONTELUKAST+LEVOCETRIZINE,,tablet,df-2929601942,MACLEODS,false,true
6657,CYP-L,CYP-L 200ML SYP (ALBERT DAVID),CYPROHEPTADINE,200ML,syrup,df-4608470948,ALBERT DAVID,false,true
14524,HIZET,HIZET 10MG TAB (HYDROXYZINE HCL) (TALENT INDIA),HYDROXYZINE 10 MG,10MG,tablet,df-2929601942,TALENT INDIA,false,true
6548,NOOTROPIL,NOOTROPIL (PIRACETAM) 60ML INJ (DR REDDY),PIRACETAM,,injection,df-7435419319,DR REDDY,false,true
7382,NEUROFIT,NEUROFIT (PIRACETAM) 200MG/ML 15ML INJ (SHINE),PIRACETAM,,injection,df-7435419319,SHINE,false,true
4095,NOOTROPIL,NOOTROPIL 100ML SYP (DR REDDY),PIRACETAM,100ML,syrup,df-4608470948,DR REDDY,false,true
2250,NOOTROPIL,NOOTROPIL (PIRACETAM) 200MG/ML 15ML INJ (DR REDDY),PIRACETAM,,injection,df-7435419319,DR REDDY,false,true
7583,KANAMAC,KANAMAC (KANAMYCIN) 500MG INJ (MACLEODS),KANAMYCIN 500MG,,injection,df-7435419319,MACLEODS,false,true
2706,DOM DT,DOM DT 20MG TAB (DOMPERIDONE) (MOREPEN),DOMPERIDONE 20MG,20MG,tablet,df-2929601942,MOREPEN,false,true
1533,ACITROM,ACITROM 0.5MG TAB (NICOUMALONE) (ABBOTT) {*} {#},NICOUMALONE,0.5MG,tablet,df-2929601942,ABBOTT,false,true
12410,NAPROX D,NAPROX D 250MG TAB (NAPROXEN+DOMPERIDONE) (SYSTEMIC),NAPROXEN+DOMPERIDON,250MG,tablet,df-2929601942,SYSTEMIC,false,true
1282,PNEUMOVAX 23 VACCINE,PNEUMOVAX 23 VACCINE (MSD),INFLUENZA VACCINE,,vaccine,df-5880427153,MSD,false,true
1283,INFLUVAC VACCINE,INFLUVAC VACCINE (ABBOTT),INFLUENZA VACCINE,,vaccine,df-5880427153,ABBOTT,false,true
15669,FLUQUADRI,FLUQUADRI (INFLUENZA) PAEDIATRIC 0.25ML VACCINE (SANOFI),INFLUENZA VACCINE,,vaccine,df-5880427153,SANOFI,false,true
14096,FLUQUADRI  VACCINE,FLUQUADRI 0.5ML VACCINE (INFLUENZA)  (SANOFI),INFLUENZA VACCINE,0.5ML,vaccine,df-5880427153,SANOFI,false,true
16330,INFLUVAC TETRA VACCINE,INFLUVAC TETRA VACCINE (ABBOTT),INFLUENZA VACCINE,,vaccine,df-5880427153,ABBOTT,false,true
2509,ASTHALIN,ASTHALIN 100ML SYRUP (SALBUTAMOL 2MG/5ML) (CIPLA),SALBUTAMOL 100ML,100ML,syrup,df-4608470948,CIPLA,false,true
3019,TAXIM O,TAXIM O SYP (ALKEM),CEFIXIME SYP,,syrup,df-4608470948,ALKEM,false,true
1531,JUNIOR LANZOL,JUNIOR LANZOL TAB (LANSOPRAZOLE) (CIPLA),LANSOPARAZOLE 15MG,,tablet,df-2929601942,CIPLA,false,true
3034,EPTOIN,EPTOIN 100MG TAB (PHENYTOIN) (ABBOTT) {#},PHENYTOIN SODIUM,100MG,tablet,df-2929601942,ABBOTT,false,true
232,EPSOLIN,EPSOLIN (PHENYTOIN SODIUM) 2ML INJ (ZYDUS CADILA) {#},PHENYTOIN SODIUM,,injection,df-7435419319,ZYDUS CADILA,false,true
6344,EPTOIN,EPTOIN 200ML SYP (ABBOTT),PHENYTOIN SODIUM,200ML,syrup,df-4608470948,ABBOTT,false,true
6571,UDILIV,UDILIV 150MG TAB (URSODEOXYCHOLIC ACID) (ABBOTT),URSODESOXYCHOLIC ACID 150MG,150MG,tablet,df-2929601942,ABBOTT,false,true
1957,URSOCOL,URSOCOL 150MG TAB (URSODEOXYCHOLIC ACID) (SUN),URSODESOXYCHOLIC ACID 150MG,150MG,tablet,df-2929601942,SUN,false,true
3770,LOSAR H,LOSAR H TAB (LOSARTAN+HYDROCHLOROTHIAZIDE) (TORRENT),LOSARTAN+HYDROCHLOROTHIAZIDE,,tablet,df-2929601942,TORRENT,false,true
288,DYTOR,DYTOR 20MG TAB (TORSEMIDE) (CIPLA)  {*},TORSEMIDE 20MG,20MG,tablet,df-2929601942,CIPLA,false,true
13715,TIDE,TIDE (TORSEMIDE) 2ML INJ (TORRENT),TORSEMIDE 20MG,,injection,df-7435419319,TORRENT,false,true
13753,TORSIMID,TORSIMID (TORSEMIDE) 2ML INJ (JOHNLEE),TORSEMIDE 20MG,,injection,df-7435419319,JOHNLEE,false,true
13355,TAZLOC BETA,TAZLOC BETA 25MG TAB (TELMISARTAN+METOPROLOL) (USV),TELMISERTAN & METOPRALOL,25MG,tablet,df-2929601942,USV,false,true
12674,TELSAR BETA,TELSAR BETA 25MG TAB (TELMISARTAN+METOPROLOL) (TORRENT),TELMISERTAN & METOPRALOL,25MG,tablet,df-2929601942,TORRENT,false,true
16114,METPURE TEL,METPURE TEL 20MG TAB (S-METOPROLOL+TELMISARTAN) (EMCURE),TELMISERTAN & METOPRALOL,20MG,tablet,df-2929601942,EMCURE,false,true
6630,TELISTA MT,TELISTA MT 50MG TAB (TELMISARTAN+METOPROLOL) (LUPIN),TELMISERTAN & METOPRALOL,50MG,tablet,df-2929601942,LUPIN,false,true
6814,TELISTA MT,TELISTA MT 25MG TAB (TELMISARTAN+METOPROLOL) (LUPIN),TELMISERTAN & METOPRALOL,25MG,tablet,df-2929601942,LUPIN,false,true
6104,TELSAR BETA,TELSAR BETA 50MG TAB (TELMISARTAN+METOPROLOL) (TORRENT),TELMISERTAN & METOPRALOL,50MG,tablet,df-2929601942,TORRENT,false,true
12432,TAZLOC BETA,TAZLOC BETA 50MG TAB (TELMISARTAN+METOPROLOL) (USV),TELMISERTAN & METOPRALOL,50MG,tablet,df-2929601942,USV,false,true
13206,BRILINTA,BRILINTA 60MG TABLET (TICAGRELOR) (ASTRA ZENECA),TICAGRELOR,60MG,tablet,df-2929601942,ASTRA ZENECA,false,true
16561,VASOGLOR,VASOGLOR 90MG TABLET (TICAGRELOR) (INTAS),TICAGRELOR,90MG,tablet,df-2929601942,INTAS,false,true
16537,XYGREL,XYGREL 90MG TAB (TICAGRELOR) (INTAS),TICAGRELOR,90MG,tablet,df-2929601942,INTAS,false,true
17134,XYGREL AS,XYGREL AS TAB (TICAGRELOR+ASPIRIN) (INTAS),TICAGRELOR,,tablet,df-2929601942,INTAS,false,true
17161,FLODART,FLODART TAB (TAMSULOSIN) (ARISTO),TAMSULOSIN 0.4MG,,tablet,df-2929601942,ARISTO,false,true
16562,TAMLOCEPT,TAMLOCEPT 0.4MG CAP (TAMSULOSIN HCL) (LUPIN),TAMSULOSIN 0.4MG,0.4MG,capsule,df-9555626637,LUPIN,false,true
12629,VELTAM,VELTAM 0.4MG TAB (TAMSULOSIN) (INTAS),TAMSULOSIN 0.4MG,0.4MG,tablet,df-2929601942,INTAS,false,true
1012,URIMAX,URIMAX 0.4MG CAP (TAMSULOSIN HCL) (CIPLA),TAMSULOSIN 0.4MG,0.4MG,capsule,df-9555626637,CIPLA,false,true
12336,REUNION,REUNION TAB (DALBERGIA SISSOO+CISSUS QUADRANGULARIS EXTRACT) (ERIS),DELBERGIA+CISSUS EXTRECT,,tablet,df-2929601942,ERIS,false,true
7902,COLYMONAS,COLYMONAS (COLISTIMETHATE SODIUM) 4.5MIU INJ (GLENMARK),COLISTIMETHATE SODIUM 4.5MIU,,injection,df-7435419319,GLENMARK,false,true
12735,XYLISTIN,XYLISTIN (COLISTIMETHATE SODIUM) 4.5MIU INJ (CIPLA),COLISTIMETHATE SODIUM 4.5MIU,,injection,df-7435419319,CIPLA,false,true
16646,GUFICOL,GUFICOL (COLISTIMETHATE SODIUM) 4.5MIU INJ (GUFIC),COLISTIMETHATE SODIUM 4.5MIU,,injection,df-7435419319,GUFIC,false,true
16149,MUCOMIX,MUCOMIX (STERILE ACETYLCYSTEINE) 2ML INJ (SAMARTH),ACETYLCYSTEINE 2ML,,injection,df-7435419319,SAMARTH,false,true
11236,MUCOTROY,MUCOTROY (STERILE N ACETYLCYSTEINE) 5ML INJ (TROIKAA),ACETYLCYSTEINE 2ML,,injection,df-7435419319,TROIKAA,false,true
679,MUCYST,MUCYST (STERILE ACETYLCYSTEINE) 2ML INJ (NEON),ACETYLCYSTEINE 2ML,,injection,df-7435419319,NEON,false,true
11831,UNIPHOS,UNIPHOS (CYCLOPHOSPHAMIDE) 200MG INJ (UNITED BIOTECH),CYCLOPHOSPHAMIDE,,injection,df-7435419319,UNITED BIOTECH,false,true
12012,CYCLOXAN,CYCLOXAN (CYCLOPHOSPHAMIDE) 1GM INJ (BIOCHEM),CYCLOPHOSPHAMIDE,,injection,df-7435419319,BIOCHEM,false,true
12013,CYCLOXAN,CYCLOXAN (CYCLOPHOSPHAMIDE) 500MG INJ (BIOCHEM),CYCLOPHOSPHAMIDE,,injection,df-7435419319,BIOCHEM,false,true
9514,ENDOXAN,ENDOXAN (CYCLOPHOSPHAMIDE) 200MG INJ (ZYDUS CADILA),CYCLOPHOSPHAMIDE,,injection,df-7435419319,ZYDUS CADILA,false,true
9517,ENDOXAN N,ENDOXAN N (CYCLOPHOSPHAMIDE) 500MG INJ (ZYDUS CADILA),CYCLOPHOSPHAMIDE,,injection,df-7435419319,ZYDUS CADILA,false,true
4747,ENDOXAN N,ENDOXAN N (CYCLOPHOSPHAMIDE) 1GM INJ (ZYDUS CADILA),CYCLOPHOSPHAMIDE,,injection,df-7435419319,ZYDUS CADILA,false,true
17322,ROMY,ROMY (ROMIPLOSTIM) 250MCG INJ (INTAS),CYCLOPHOSPHAMIDE,,injection,df-7435419319,INTAS,false,true
14123,LACOSET,LACOSET (LACOSAMIDE) 20ML INJ (SUN),LACOSAMIDE 200,,injection,df-7435419319,SUN,false,true
6364,LACOSAM,LACOSAM 200MG TAB (LACOSAMIDE) (TORRENT),LACOSAMIDE 200,200MG,tablet,df-2929601942,TORRENT,false,true
7921,LACOSAM,LACOSAM (LACOSAMIDE ) 20ML INJ (TORRENT),LACOSAMIDE 200,,injection,df-7435419319,TORRENT,false,true
4038,LAM PLUS,LAM PLUS TAB (ALPRAZOLAM+PROPRANOLOL) (TAS MED),PROPRANOLOL+ALPRAZOLAM,,tablet,df-2929601942,TAS MED,false,true
7864,TRIOLMESAR,TRIOLMESAR 40MG TAB (OLMESARTAN+AMLODIPINE+HYDROCHLOROTHIAZIDE) (MACLEODS),OLMESARTAN 40MG + AMLODIPIN 5MG+ HYDROCHLORTHIAZIDE 12.5MG,40MG,tablet,df-2929601942,MACLEODS,false,true
6681,OLMESAR A,OLMESAR A 40MG TAB (OLMESARTAN+AMLODIPINE) (MACLEODS),OLMESARTAN 40MG + AMLODIPIN 5MG+ HYDROCHLORTHIAZIDE 12.5MG,40MG,tablet,df-2929601942,MACLEODS,false,true
7303,OLMIN TRIO,OLMIN TRIO 40MG TAB (OLMESARTAN+CILNIDIPINE+CHLORTHALIDONE) (ERIS),OLMESARTAN 40MG + AMLODIPIN 5MG+ HYDROCHLORTHIAZIDE 12.5MG,40MG,tablet,df-2929601942,ERIS,false,true
13067,TAPFREE ER,TAPFREE ER 50MG TAB (TAPENTADOL) (MSN),TAPENTADOL HCL + PARACETAMOL,50MG,tablet,df-2929601942,MSN,false,true
13015,PBREN,PBREN 75MG CAP (PREGABALIN) (LA RENON),PREGABALIN 75MG,75MG,capsule,df-9555626637,LA RENON,false,true
17203,EMAXGALIN,EMAXGALIN TAB (PREGABALIN+ETORICOXIB) (SUN),PREGABALIN 75MG,,tablet,df-2929601942,SUN,false,true
16955,NEUGATRIP,NEUGATRIP TAB (PREGABALIN+AMITRIPTYLINE HCL) (SUN),PREGABALIN 75MG,,tablet,df-2929601942,SUN,false,true
4079,PREGATOR,PREGATOR CAP (PREGABALIN+METHYLCOBALAMIN+FOLIC ACID+PYRIDOXINE) (MICRO),PREGABALIN 75MG,,capsule,df-9555626637,MICRO,false,true
8106,PREGALIN SR,PREGALIN SR 75MG TAB (PREGABALIN) (TORRENT),PREGABALIN 75MG,75MG,tablet,df-2929601942,TORRENT,false,true
8114,MAXGALIP AT,MAXGALIP AT TAB (PREGABALIN+AMITRIPTYLINE) (SUN),PREGABALIN 75MG,,tablet,df-2929601942,SUN,false,true
12098,PREGALIN,PREGALIN 75MG CAP (PREGABALIN) (TORRENT),PREGABALIN 75MG,75MG,capsule,df-9555626637,TORRENT,false,true
11359,LYRICA,LYRICA 75MG CAP (PREGABALIN) (PFIZER),PREGABALIN 75MG,75MG,capsule,df-9555626637,PFIZER,false,true
3158,MAXGALIN,MAXGALIN 75MG CAP (PREGABALIN) (SUN),PREGABALIN 75MG,75MG,capsule,df-9555626637,SUN,false,true
3159,MAXGALIN,MAXGALIN 50MG CAP (PREGABALIN) (SUN),PREGABALIN 75MG,50MG,capsule,df-9555626637,SUN,false,true
3160,MAXGALIN ER,MAXGALIN ER 75MG TAB (PREGABALIN) (SUN),PREGABALIN 75MG,75MG,tablet,df-2929601942,SUN,false,true
1562,PREGABID,PREGABID 75MG CAP (PREGABALIN) (INTAS),PREGABALIN 75MG,75MG,capsule,df-9555626637,INTAS,false,true
2094,PREGEB M,PREGEB M 75MG CAP (PREGABALIN+METHYLCOBALAMIN) (TORRENT),PREGABALIN 75MG,75MG,capsule,df-9555626637,TORRENT,false,true
5002,BENFOMET PLUS,BENFOMET PLUS TAB (BENFOTIAMINE+ALFA LIPOIC ACID) (SUN),BENFOTAMINE,,tablet,df-2929601942,SUN,false,true
15407,JUBINERV,JUBINERV CAP (ALPHA LIPOIC ACID+MECOBALAMIN+VITAMIN+FOLIC ACID) (JUBILENT),BENFOTAMINE,,capsule,df-9555626637,JUBILENT,false,true
15801,CYNOMYCIN,CYNOMYCIN 100MG CAP (MINOCYCLINE) (PFIZER),MINOCYCLINE 100MG,100MG,capsule,df-9555626637,PFIZER,false,true
12362,EPLEHEF,EPLEHEF 25MG TAB (EPLERENONE) (SUN),EPLERENONE 25MG,25MG,tablet,df-2929601942,SUN,false,true
265,EPTUS,EPTUS 25MG TAB (EPLERENONE) (GLENMARK),EPLERENONE 25MG,25MG,tablet,df-2929601942,GLENMARK,false,true
378,PLANEP,PLANEP 25MG TAB (EPLERENONE) (LUPIN),EPLERENONE 25MG,25MG,tablet,df-2929601942,LUPIN,false,true
1509,PLETOZ,PLETOZ 100MG TAB (CILOSTAZOL) (CIPLA),CILOSTAZOL 100MG,100MG,tablet,df-2929601942,CIPLA,false,true
3459,LEVOLIN,LEVOLIN 100ML SYRUP (LEVOSALBUTAMOL 1MG/5ML) (CIPLA),LEVOSALBUTAMOL SULPHATE,100ML,syrup,df-4608470948,CIPLA,false,true
5086,LEVOLIN INHALER 200,LEVOLIN INHALER 200 (LEVOSALBUTAMOL) CIPLA,LEVOSALBUTAMOL SULPHATE,,inhaler,df-6760636010,CIPLA,false,true
16039,LEVOLIN PLUS,LEVOLIN PLUS 100ML SYP (CIPLA),LEVOSALBUTAMOL SULPHATE,100ML,syrup,df-4608470948,CIPLA,false,true
15505,ESOFAG D,ESOFAG D CAP (ESOMEPRAZOLE+DOMPERIDONE) (MICRO),ESOMEPERAZOLE+DOMPERIDONE,,capsule,df-9555626637,MICRO,false,true
6062,NEXPRO RD,NEXPRO RD 40MG TAB (ESOMEPRAZOLE+DOMPERIDONE) (TORRENT),ESOMEPERAZOLE+DOMPERIDONE,40MG,tablet,df-2929601942,TORRENT,false,true
7882,ESOGRESS D,ESOGRESS D 40MG CAP (ESOMEPRAZOLE+DOMPERIDONE) (LA RENON),ESOMEPERAZOLE+DOMPERIDONE,40MG,capsule,df-9555626637,LA RENON,false,true
8622,ESOMAC D,ESOMAC D 40MG CAP (ESOMEPRAZOLE+DOMPERIDONE) (CIPLA),ESOMEPERAZOLE+DOMPERIDONE,40MG,capsule,df-9555626637,CIPLA,false,true
3822,ESOZ D,ESOZ D 20MG CAP (ESOMEPRAZOLE+DOMPERIDONE) (INTEGRACE),ESOMEPERAZOLE+DOMPERIDONE,20MG,capsule,df-9555626637,INTEGRACE,false,true
2080,SOMPRAZ D,SOMPRAZ D 40MG CAP (ESOMEPRAZOLE+DOMPERIDONE) (SUN),ESOMEPERAZOLE+DOMPERIDONE,40MG,capsule,df-9555626637,SUN,false,true
2081,SOMPRAZ D,SOMPRAZ D 20MG CAP (ESOMEPRAZOLE+DOMPERIDONE) (SUN),ESOMEPERAZOLE+DOMPERIDONE,20MG,capsule,df-9555626637,SUN,false,true
815,OMEZ DSR,OMEZ DSR CAP (ESOMEPRAZOLE+DOMPERIDONE) (DR REDDYS),ESOMEPERAZOLE+DOMPERIDONE,,capsule,df-9555626637,DR REDDY,false,true
12351,ANCOOL,ANCOOL SYRUP (ZUVENTUS),luminium hydroxide 300 MG+Magnesium hydroxide 150 MG+Oxetacaine,,syrup,df-4608470948,ZUVENTUS,false,true
9666,FAROALFA,FAROALFA 200MG TAB (FAROPENEM) (AUXILIARE),FAROPENEM 200MG,200MG,tablet,df-2929601942,AUXILIARE,false,true
9185,ORPENEM,ORPENEM 200MG TAB (FAROPENEM) (MACLEODS),FAROPENEM 200MG,200MG,tablet,df-2929601942,MACLEODS,false,true
9898,MEROSURE O,MEROSURE O 200MG TAB (FAROPENEM) (ALKEM),FAROPENEM 200MG,200MG,tablet,df-2929601942,ALKEM,false,true
2652,FARONEM,FARONEM 200MG TAB (FAROPENEM) (SUN),FAROPENEM 200MG,200MG,tablet,df-2929601942,SUN,false,true
15955,FAROBACT ER,FAROBACT ER 300MG TAB (FAROPENEM) (CIPLA),FAROPENEM 200MG,300MG,tablet,df-2929601942,CIPLA,false,true
15503,MEROSURE O ER,MEROSURE O ER 300MG TAB (FAROPENEM) (ALKEM),FAROPENEM 200MG,300MG,tablet,df-2929601942,ALKEM,false,true
3055,STALOPAM,STALOPAM 5MG TAB (ESCITALOPRAM) (LUPIN),ESCITALOPRAM 5MG,5MG,tablet,df-2929601942,LUPIN,false,true
7571,NEXITO,NEXITO 5MG TAB (ESCITALOPRAM) (SUN),ESCITALOPRAM 5MG,5MG,tablet,df-2929601942,SUN,false,true
6926,OXCARB,OXCARB 300MG TAB (OXCARBAZEPINE) (CIPLA),OXCARBAZEPINE 300MG,300MG,tablet,df-2929601942,CIPLA,false,true
9847,OXMAZETOL,OXMAZETOL 300MG TAB (OXCARBAZEPINE) (ABBOTT),OXCARBAZEPINE 300MG,300MG,tablet,df-2929601942,ABBOTT,false,true
3164,OXETOL XR,OXETOL XR 300MG TAB (OXCARBAZEPINE) (SUN),OXCARBAZEPINE 300MG,300MG,tablet,df-2929601942,SUN,false,true
3582,OLEPTAL OD,OLEPTAL OD 300MG TAB (OXCARBAZEPINE) (TORRENT),OXCARBAZEPINE 300MG,300MG,tablet,df-2929601942,TORRENT,false,true
16190,OLEPTAL OD,OLEPTAL OD 150MG TAB (OXCARBAZEPINE) (TORRENT),OXCARBAZEPINE 300MG,150MG,tablet,df-2929601942,TORRENT,false,true
14347,SELZIC,SELZIC 150MG TAB (OXCARBAZEPINE) (SUN),OXCARBAZEPINE 300MG,150MG,tablet,df-2929601942,SUN,false,true
16257,OXCARB,OXCARB 450MG TAB (OXCARBAZEPINE) (CIPLA),OXCARBAZEPINE 300MG,450MG,tablet,df-2929601942,CIPLA,false,true
16258,OXCARB,OXCARB 150MG TAB (OXCARBAZEPINE) (CIPLA),OXCARBAZEPINE 300MG,150MG,tablet,df-2929601942,CIPLA,false,true
3753,ROLITEN,ROLITEN 1MG TAB (TOLTERODINE TARTRATE) (SUN),TOLTERODINE 1MG,1MG,tablet,df-2929601942,SUN,false,true
5565,DUPHASTON,DUPHASTON 10MG TAB (DYDROGESTERONE) (ABBOTT),DYDROGESTERONE 10MG,10MG,tablet,df-2929601942,ABBOTT,false,true
1604,LEVEMIR FLEXPEN,LEVEMIR FLEXPEN (INSULIN DETEMIR) 3ML (NOVO NORDISK),INSULIN DETEMIR,,injection,df-7435419319,NOVO NORDISK,false,true
6733,PROGYNOVA,PROGYNOVA 1MG TAB (ESTRADIOL) (ZYDUS),OESTRADIOL,1MG,tablet,df-2929601942,ZYDUS,false,true
6734,PROGYNOVA,PROGYNOVA 2MG TAB (ESTRADIOL) (ZYDUS),OESTRADIOL,2MG,tablet,df-2929601942,ZYDUS,false,true
1433,DEPO MEDROL,DEPO MEDROL (METHYLPREDNISOLONE) 40MG 1ML INJ (PFIZER),METHYL PREDNISOLONE SODIUM SUCCINATE 40MG,,injection,df-7435419319,PFIZER,false,true
2110,SOLU MEDROL,SOLU MEDROL (METHYLPREDNISOLONE) 40MG INJ (PFIZER),METHYL PREDNISOLONE SODIUM SUCCINATE 40MG,,injection,df-7435419319,PFIZER,false,true
17157,ANSOLONE,ANSOLONE (METHYLPREDNISOLONE) 40MG INJ (ANG),METHYL PREDNISOLONE SODIUM SUCCINATE 40MG,,injection,df-7435419319,ANG,false,true
17146,CELOPRED,CELOPRED (METHYLPREDNISOLONE) 40MG INJ (CELON),METHYL PREDNISOLONE SODIUM SUCCINATE 40MG,,injection,df-7435419319,CELON,false,true
14187,NEODROL,NEODROL (METHYLPREDNISOLONE) 40MG INJ (NEON),METHYL PREDNISOLONE SODIUM SUCCINATE 40MG,,injection,df-7435419319,NEON,false,true
13796,LIVATIRA,LIVATIRA (LEVETIRACETAM) 5ML INJ (WOCKHARDT),LEVETIRACETAM,,injection,df-7435419319,WOCKHARDT,false,true
12675,LEVIGRESS,LEVIGRESS 1000MG TAB (LEVETIRACETAM) (LA RENON),LEVETIRACETAM,1000MG,tablet,df-2929601942,LA RENON,false,true
12742,LEVERA,LEVERA 100ML SYP (INTAS),LEVETIRACETAM,100ML,syrup,df-4608470948,INTAS,false,true
15353,LEVROXA,LEVROXA 1000MG TAB (LEVETIRACETAM) (ERIS),LEVETIRACETAM,1000MG,tablet,df-2929601942,ERIS,false,true
12628,ALCOLIV,ALCOLIV 500MG TAB (METADOXINE) (SUN),METADOXIN,500MG,tablet,df-2929601942,SUN,false,true
12263,LIVGENE 9,LIVGENE 9 TAB (METADOXINE+SILYMARIN+LOLA) (FOUNTIL),METADOXIN,,tablet,df-2929601942,FOUNTIL,false,true
7907,ALASPAN AM,ALASPAN AM TAB (LORATADINE+AMBROXOL HCL) (BAYER),LORTADIN+AMBROXOL,,tablet,df-2929601942,BAYER,false,true
9085,CEFBACT-T,CEFBACT-T (CEFTRIAXONE 1GM+TAZOBACTAM 125MG) 1.125GM INJ (CIPLA),CEFTRIAXONE+TAZOBATUM,,injection,df-7435419319,CIPLA,false,true
957,CEFOPROX XP,CEFOPROX XP (CEFTRIAXONE+TAZOBACTAM) 1.125GM INJ (CIPLA),CEFTRIAXONE+TAZOBATUM,,injection,df-7435419319,CIPLA,false,true
1174,THIOSOL,THIOSOL (THIOPENTONE) 500MG INJ (NEON),THIOPENTONE SODIUM 500MG,,injection,df-7435419319,NEON,false,true
7277,AZITHRAL JUNIOR,AZITHRAL JUNIOR DROP 7.5ML (AZITHROMYCIN) (ALEMBIC),AZITHROMYCIN 100MG,7.5ML,drop,df-2859918947,ALEMBIC,false,true
5630,AZEE,AZEE 200MG SYP (CIPLA),AZITHROMYCIN 100MG,200MG,syrup,df-4608470948,CIPLA,false,true
5631,AZEE,AZEE 100MG SYP (CIPLA),AZITHROMYCIN 100MG,100MG,syrup,df-4608470948,CIPLA,false,true
16139,AZEE XL,AZEE XL 100MG SYP (CIPLA),AZITHROMYCIN 100MG,100MG,syrup,df-4608470948,CIPLA,false,true
1329,LIBRIUM,LIBRIUM 10MG TAB (CHLORDIAZEPOXIDE) (ABBOTT),CHLORDIZEPOXIDE 10MG,10MG,tablet,df-2929601942,ABBOTT,false,true
3627,KIVIZA,KIVIZA (SULBACTAM) 1GM INJ (LA RENON),SULBACTAM,,injection,df-7435419319,LA RENON,false,true
11923,KIVIZA,KIVIZA (SULBACTAM) 2GM INJ (LA RENON),SULBACTAM,,injection,df-7435419319,LA RENON,false,true
12465,FERIUM 1K,FERIUM 1K (FERRIC CARBOXYMALTOSE) 20ML INJ (EMCURE),FERRIC CARBOXY MALTOSE,,injection,df-7435419319,EMCURE,false,true
13285,REVOFER,REVOFER (FERRIC CARBOXYMALTOSE) 500MG 10ML INJ (LUPIN),FERRIC CARBOXY MALTOSE,,injection,df-7435419319,LUPIN,false,true
13717,FERIUM,FERIUM (FERRIC CARBOXYMALTOSE) 500MG 10ML INJ (EMCURE),FERRIC CARBOXY MALTOSE,,injection,df-7435419319,EMCURE,false,true
14045,TRICAINE MPS,TRICAINE MPS 200ML SYP (RPG),ALUMINIUM HYDROXIDE+MAGNESIUM ALUMINIUM SILICATEHYDRATE+MAGNESIUM HYDROXIDE+ACTIVATED POLYDIMETHYLSI,200ML,syrup,df-4608470948,RPG,false,true
1328,LIBRIUM,LIBRIUM 25MG TAB (CHLORDIAZEPOXIDE) (ABBOTT),CHLORDIZEPOXIDE 25MG,25MG,tablet,df-2929601942,ABBOTT,false,true
11730,ENZICTRA DS,ENZICTRA DS TAB (TRYPSIN+BROMELAIN+RUTOSIDE+PAPAIN) (ALEMBIC),TRYSIN+BROMELAIN+RUTOSIDE,,tablet,df-2929601942,ALEMBIC,false,true
8169,CHYMORAL BR,CHYMORAL BR TAB (TRYPSIN CHYMOTRYPSIN+BROMELAIN+RUTOSIDE) (TORRENT),TRYSIN+BROMELAIN+RUTOSIDE,,tablet,df-2929601942,TORRENT,false,true
10451,LEFRA,LEFRA 20MG TAB (LEFLUNOMIDE) (TORRENT),LEFLUNOMIDE 20MG,20MG,tablet,df-2929601942,TORRENT,false,true
11482,AXOVIR,AXOVIR (ACYCLOVIR) 500MG INJ (SAMARTH),ACYCLOVIR,,injection,df-7435419319,SAMARTH,false,true
6760,ACIVIR DT,ACIVIR DT 400MG TAB (ACYCLOVIR) (CIPLA),ACYCLOVIR,400MG,tablet,df-2929601942,CIPLA,false,true
2433,ACIVIR DT,ACIVIR DT 800MG TAB (ACICLOVIR) (CIPLA),ACYCLOVIR,800MG,tablet,df-2929601942,CIPLA,false,true
295,NEBICARD SM,NEBICARD SM TAB (NEBIVOLOL+S-AMLODIPINE) (TORRENT),NEBIVOLOL+S-AMLODIPINE,,tablet,df-2929601942,TORRENT,false,true
15708,NEBICARD LN,NEBICARD LN 5MG TAB (NEBIVOLOL HCL+CILNIDIPINE) (TORRENT),NEBIVOLOL+S-AMLODIPINE,5MG,tablet,df-2929601942,LA RENON,false,true
12913,LIZOMAC,LIZOMAC 600MG TAB (LINEZOLID) (MACLEODS),LINEZOLID 600MG,600MG,tablet,df-2929601942,MACLEODS,false,true
8254,LIZOLID,LIZOLID 600MG TAB (LINEZOLID) (INTEGRACE),LINEZOLID 600MG,600MG,tablet,df-2929601942,INTEGRACE,false,true
15847,SIZODON FORTE,SIZODON FORTE TAB (RISPERIDONE+TRIHEXYPHENIDYL) (SUN),RISPERIDONE+ TRIHEXYPHENIDYL,,tablet,df-2929601942,SUN,false,true
2597,EUREPA,EUREPA 1MG TAB (REPAGLINIDE) (TORRENT),REPAGLINIDE 1MG,1MG,tablet,df-2929601942,TORRENT,false,true
2371,BUDECORT  INHALER,BUDECORT 200MCG INHALER (BUDESONIDE) (CIPLA),BUDESONIDE 200MCG,200MCG,inhaler,df-6760636010,CIPLA,false,true
13131,BUDECORT  INHALER,BUDECORT 100MCG INHALER (BUDESONIDE) (CIPLA),BUDESONIDE 200MCG,100MCG,inhaler,df-6760636010,CIPLA,false,true
821,AMIFRU,AMIFRU 40MG TAB (AMILORIDE+FUROSEMIDE) (TORRENT),AMILORIDE + FUROSEMIDE,40MG,tablet,df-2929601942,TORRENT,false,true
1011,URIMAX,URIMAX 0.2MG CAP (TAMSULOSIN HCL) (CIPLA),TAMSULOSIN 0.2MG,0.2MG,capsule,df-9555626637,CIPLA,false,true
1217,BEPARIN,BEPARIN (HEPARIN) 5000 IU 5ML INJ (BE),HEPARIN 5000 IU 5ML,,injection,df-7435419319,BE,false,true
547,HEP,HEP (HEPARIN) 5000 IU 5ML INJ (GLAND PHARMA),HEPARIN 5000 IU 5ML,,injection,df-7435419319,GLAND PHARMA,false,true
7953,RINHEPA,RINHEPA (HEPARIN) 25000 IU 5ML INJ (UNITED BIOTECH),HEPARIN 5000 IU 5ML,,injection,df-7435419319,UNITED BIOTECH,false,true
7784,RINHEPA,RINHEPA (HEPARIN) 5000 IU 5ML INJ (UNITED BIOTECH),HEPARIN 5000 IU 5ML,,injection,df-7435419319,UNITED BIOTECH,false,true
5070,INJ,5000 IU INJ (B.E.),HEPARIN 5000 IU 5ML,5000 IU,injection,df-7435419319,B.E.,false,true
17300,TROYHEP,TROYHEP (HEPARIN) 5000 IU INJ (TROIKAA),HEPARIN 5000 IU 5ML,,injection,df-7435419319,TROIKAA,false,true
16262,CAPRIN,CAPRIN (HEPARIN) 5000 IU INJ (SAMARTH),HEPARIN 5000 IU 5ML,,injection,df-7435419319,SAMARTH,false,true
6795,THROMBOFLUX,THROMBOFLUX (STREPTOKINASE) 7.5LAC INJ (ZYDUS CADILA),STREPTOKINASE 7.5 LAC IU,,injection,df-7435419319,ZYDUS CADILA,false,true
5143,EMESET,EMESET 8MG TAB (ONDANSETRON) (CIPLA) {#},ONDANSETRON 8MG,8MG,tablet,df-2929601942,CIPLA,false,true
8977,VOMCET,VOMCET 8MG TAB (ONDANSETRON) (ALBUS),ONDANSETRON 8MG,8MG,tablet,df-2929601942,ALBUS,false,true
837,TRANEMIC,TRANEMIC (TRANEMIC ACID) 5ML INJ (SAMARTH) {#},TRANEXAMIC ACID,,injection,df-7435419319,SAMARTH,false,true
2256,DROTIN,DROTIN TAB (DROTAVERINE HCL) (WALTER BUSHNELL),DROTAVERINE,,tablet,df-2929601942,WALTER BUSHNELL,false,true
2924,DROTIN,DROTIN (DROTAVERINE) 40MG INJ (WALTER BUSHNELL),DROTAVERINE,,injection,df-7435419319,WALTER BUSHNELL,false,true
11746,DROTIN DS,DROTIN DS SYP (WALTER BUSHNELL),DROTAVERINE,,syrup,df-4608470948,WALTER BUSHNELL,false,true
6602,DUVADILAN,DUVADILAN (ISOXSUPRINE) 10MG INJ (SOLVAY),ISOXSUPRINE HCL 10MG,,injection,df-7435419319,SOLVAY,false,true
6748,PANKREOFLAT,PANKREOFLAT TAB (PANCREATIN+DIMETHICONE) (ABBOTT),PANCREATIN,,tablet,df-2929601942,ABBOTT,false,true
11291,ENZAR FORTE,ENZAR FORTE TAB (PANCREATIN+SODIUM TAUROGLYCOCHOLATE) (TORRENT PHARMA),PANCREATIN,,tablet,df-2929601942,TORRENT,false,true
11292,ENZAR FORTE,ENZAR FORTE TAB (PANCREATIN+SODIUM TAUROGLYCOCHOLATE) (TORRENT),PANCREATIN,,tablet,df-2929601942,TORRENT,false,true
10940,CREON 25000,CREON 25000 CAP (PANCREATIN) (ABBOTT),PANCREATIN,,capsule,df-9555626637,ABBOTT,false,true
9193,CREON 10000,CREON 10000 CAP (PANCREATIN) (ABBOTT),PANCREATIN,,capsule,df-9555626637,ABBOTT,false,true
12641,ENZAR HS,ENZAR HS CAP (PANCREATIN) (TORRENT),PANCREATIN,,capsule,df-9555626637,TORRENT,false,true
2261,OFLOX,OFLOX 400MG TAB (OFLOXACIN) (CIPLA)   {#},OFLOXACIN 400MG,400MG,tablet,df-2929601942,CIPLA,false,true
3371,CHYMORAL PLUS,CHYMORAL PLUS TAB (TRYPSIN CHYMOTRYPSIN+DICLOFENAC) (TORRENT),TRYPSIN CHYMOTRYPSIN & DICLOFENAC,,tablet,df-2929601942,TORRENT,false,true
3322,LIPURO,LIPURO (PROPOFOL) 20ML INJ (B. BRAUN),PROPOFOL 20ML,,injection,df-7435419319,B. BRAUN,false,true
691,NEOROF,NEOROF (PROPOFOL) 20ML INJ (NEON),PROPOFOL 20ML,,injection,df-7435419319,NEON,false,true
5649,FRESOFOL,FRESOFOL (PROPOFOL) 20ML INJ (FRESENIUS),PROPOFOL 20ML,,injection,df-7435419319,FRESENIUS,false,true
10218,FRESOCAN,FRESOCAN (FLUCONAZOLE) 100ML INJ (FRESENIUS),FLUCONAZOLE 100ML,,injection,df-7435419319,FRESENIUS,false,true
866,FORCAN,FORCAN (FLUCONAZOLE) 100ML INJ (CIPLA),FLUCONAZOLE 100ML,,injection,df-7435419319,CIPLA,false,true
895,GLUCONORM SR,GLUCONORM SR 1GM TAB (METFORMIN) (LUPIN),METFORMIN 1000mg,1GM,tablet,df-2929601942,LUPIN,false,true
2654,GLYCOMET,GLYCOMET 1GM TAB (METFORMIN) (USV),METFORMIN 1000mg,1GM,tablet,df-2929601942,USV,false,true
2543,CETAPIN XR,CETAPIN XR 1GM TAB (METFORMIN) (SANOFI),METFORMIN 1000mg,1GM,tablet,df-2929601942,SANOFI,false,true
905,VERTIN,VERTIN 8MG TAB (BETAHISTINE) (ABBOTT),BETAHISTINE 8MG,8MG,tablet,df-2929601942,ABBOTT,false,true
3152,ATORFIT CV,ATORFIT CV 10MG CAP (ATORVASTATIN+CLOPIDOGREL) (AJANTA),ATORVASTATIN+CLOPIDOGREL,10MG,capsule,df-9555626637,AJANTA,false,true
6201,AZTOLET,AZTOLET 10MG TAB (ATORVASTATIN+CLOPIDOGREL) (SUN),ATORVASTATIN+CLOPIDOGREL,10MG,tablet,df-2929601942,SUN,false,true
16500,LIPICURE GOLD,LIPICURE GOLD 40MG CAP (ATORVASTATIN+CLOPIDOGREL+ASPIRIN) (INTAS),ATORVASTATIN+CLOPIDOGREL,40MG,capsule,df-9555626637,INTAS,false,true
14144,SHELCAL CT MAX,SHELCAL CT MAX TAB (CALCITRIOL+ALFA CALCIDIOL+OMEGA3) (TORRENT),"CALCITRIOL 0.25MCG+ ELEMENTAL BORON, CALCIUM,MAGNESIUM,ZINC, MECOBALAMIN+VITAMIN K2-7",,tablet,df-2929601942,TORRENT,false,true
17212,GERIPOD D,GERIPOD D CAPSULE (SILODOSIN+DUTASTERIDE) (ALEMBIC),SILODOSIN + DUTASTERIDE,,capsule,df-9555626637,ALEMBIC,false,true
16117,ATORVA GOLD,ATORVA GOLD 20MG CAP (ATORVASTATIN+CLOPIDOGREL+ASPIRIN) (ZYDUS),"ATORVASTATIN, CLOPIDOGREL, ASPRIN",20MG,capsule,df-9555626637,ZYDUS,false,true
6202,AZTOLET,AZTOLET 20MG TAB (ATORVASTATIN+CLOPIDOGREL) (SUN),"ATORVASTATIN, CLOPIDOGREL, ASPRIN",20MG,tablet,df-2929601942,SUN,false,true
12454,CARDIROSE GOLD 10,CARDIROSE GOLD 10 CAP (ROSUVASTATIN+CLOPIDOGREL+ASPIRIN) (HBC),"ATORVASTATIN, CLOPIDOGREL, ASPRIN",,capsule,df-9555626637,HBC,false,true
1608,CLOPITORVA,CLOPITORVA 10MG CAP (ATORVASTATIN+CLOPIDOGREL) (ZYDUS),"ATORVASTATIN, CLOPIDOGREL, ASPRIN",10MG,capsule,df-9555626637,ZYDUS CARDIVA,false,true
1609,CLOPITORVA,CLOPITORVA 20MG CAP (ATORVASTATIN+CLOPIDOGREL) (ZYDUS),"ATORVASTATIN, CLOPIDOGREL, ASPRIN",20MG,capsule,df-9555626637,ZYDUS CARDIVA,false,true
793,ECOSPRIN GOLD,ECOSPRIN GOLD 10MG CAP (ATORVASTATIN+CLOPIDOGREL+ASPIRIN) (USV),"ATORVASTATIN, CLOPIDOGREL, ASPRIN",10MG,capsule,df-9555626637,USV,false,true
741,ECOSPRIN GOLD,ECOSPRIN GOLD 20MG CAP (ATORVASTATIN+CLOPIDOGREL+ASPRIN) (USV),"ATORVASTATIN, CLOPIDOGREL, ASPRIN",20MG,capsule,df-9555626637,USV,false,true
8619,RENOSHELL,RENOSHELL 400MG TAB (SEVELAMER CARBONATE) (ALBUS),SEVELAMER CARBONATE,400MG,tablet,df-2929601942,ALBUS,false,true
6045,REVLAMER,REVLAMER 400MG TAB (SEVELAMER CARBONATE) (SUN),SEVELAMER CARBONATE,400MG,tablet,df-2929601942,SUN,false,true
13306,SEVELAM,SEVELAM 800MG TAB (SEVELAMER CARBONATE) (RENCORD),SEVELAMER CARBONATE,800MG,tablet,df-2929601942,RENCORD,false,true
13307,SEVELAM,SEVELAM 400MG TAB (SEVELAMER CARBONATE) (RENCORD),SEVELAMER CARBONATE,400MG,tablet,df-2929601942,RENCORD,false,true
10283,MOXOVAS,MOXOVAS 0.3MG TAB (MOXONIDINE) (MACLEODS),MOXONIDINE 0.3MG,0.3MG,tablet,df-2929601942,MACLEODS,false,true
10391,MOMATE,MOMATE CREAM 20GM (MOMETASONE) (GLENMARK),MOMETASON,20GM,cream,df-3472438845,GLENMARK,false,true
9224,HHZOLE,HHZOLE CREAM (H&H),MOMETASON,,cream,df-3472438845,H&H,false,true
12219,HHSALIC,HHSALIC OINT (MOMETASONE+SALISYLIC ACID) (H&H),MOMETASON,,ointment,df-3972100204,H&H,false,true
10417,HHMITE,HHMITE 5% CREAM 30GM (PERMETHRIN) (H&H),MOMETASON,5%,cream,df-3472438845,H&H,false,true
8108,ZINCOREN EYE/EAR,ZINCOREN EYE/EAR DROP (INDOCO),SULPHACETAMIDE+PROFLAVINE+MAGNESIUM,,drop,df-2859918947,INDOCO,false,true
1008,SUMAG,SUMAG 75GM OINT (SULPHACETAMIDE+PROFLAVINE+MAGNESIUM) (HIND PHARMA),SULPHACETAMIDE+PROFLAVINE+MAGNESIUM,75GM,cream,df-3472438845,HIND PHARMA,false,true
13417,GENTICYN EYE,GENTICYN EYE DROP (GENTAMICIN) (ABBOTT),GENTAMICIN 40MG,,drop,df-2859918947,ABBOTT,false,true
17188,TENORIC,TENORIC 25MG TAB (ATENOLOL+CHLORTHALIDONE) (IPCA),ATENOLOL 25MG,25MG,tablet,df-2929601942,IPCA,false,true
1887,ATEN,ATEN 25MG TAB (ATENOLOL) (ZYDUS),ATENOLOL 25MG,25MG,tablet,df-2929601942,ZYDUS CARDIVA,false,true
678,VPL,VPL (VERAPAMIL) 5MG 2ML INJ (SAMARTH),DILTIAZEM 5MG/ML,,injection,df-7435419319,SAMARTH,false,true
561,DILZEM,DILZEM (DILTIAZEM) 25MG INJ (TORRENT),DILTIAZEM 5MG/ML,,injection,df-7435419319,TORRENT,false,true
6272,ALLEGRA,ALLEGRA 100ML SYP (AVENTIS),FEXOFENADINE 30MG,100ML,syrup,df-4608470948,AVENTIS,false,true
626,ZYTANIX,ZYTANIX 2.5MG TAB (METOLAZONE) (ZYDUS),METOLAZONE 2.5MG,2.5MG,tablet,df-2929601942,ZYDUS CADILA,false,true
2461,PHOSOME,PHOSOME (AMPHOTERICIN-B LIPOSOMAL) 50MG INJ (CIPLA),AMPHOTERICIN-B 50MG/10ML,,injection,df-7435419319,CIPLA,false,true
2718,FUNGIZONE,FUNGIZONE (AMPHOTERICIN B ) 50MG INJ (ABBOTT),AMPHOTERICIN-B 50MG/10ML,,injection,df-7435419319,ABBOTT,false,true
3608,IVABRAD,IVABRAD 7.5MG TAB (IVABRADINE) (LUPIN),IVABRADINE 7.5MG,7.5MG,tablet,df-2929601942,LUPIN,false,true
5661,VALIUM,VALIUM 5MG TAB (DIAZEPAM) (ABBOTT),DIAZEPAM 5MG,5MG,tablet,df-2929601942,ABBOTT,false,true
7635,GONABLOK,GONABLOK 50MG CAP (DANAZOL) (WIN-MEDICARE),DANOZOL 50MG,50MG,capsule,df-9555626637,WIN-MEDICARE,false,true
5093,OPTINEURON,OPTINEURON (VIT-B COMPLEX & VIT-C) 3ML INJ (LUPIN),VITAMIN B-COMPLEX AND VITAMIN C,,injection,df-7435419319,LUPIN,false,true
11048,BEPLEX FORTE,BEPLEX FORTE TAB (VITAMIN B COMPLEX+BIOTIN+VITAMIN C) (ANGLO FRENCH),VITAMIN B-COMPLEX AND VITAMIN C,,tablet,df-2929601942,ANGLEO FRENCH,false,true
14613,VITNEURIN AQ,VITNEURIN AQ (VIT-B-COMPLEX AND VIT-C) 2ML INJ (CORONA),VITAMIN B-COMPLEX AND VITAMIN C,,injection,df-7435419319,CORONA,false,true
2623,LOX,LOX 5% OINT 30GM (LIDOCAINE) (NEON),LIGNOCAINE 5% 30 GM,5%,ointment,df-3972100204,NEON,false,true
1142,FEBUGET,FEBUGET 40MG TAB (FEBUXOSTAT) (SUN),FEBUXOSTAT 40MG,40MG,tablet,df-2929601942,SUN,false,true
10742,FEBUXONE,FEBUXONE 40MG TAB (FEBUXOSTAT) (NEPHUROCARE),FEBUXOSTAT 40MG,40MG,tablet,df-2929601942,NEPHUROCARE,false,true
8321,FEBURIC,FEBURIC 40MG TAB (FEBUXOSTAT) (AJANTA),FEBUXOSTAT 40MG,40MG,tablet,df-2929601942,AJANTA,false,true
1281,CIPLAR LA,CIPLAR LA 20MG TAB (PROPRANOLOL) (CIPLA),PROPRANOLOL 20MG,20MG,tablet,df-2929601942,CIPLA,false,true
1492,BETACAP,BETACAP 20MG TAB (PROPRANOLOL) (SUN),PROPRANOLOL 20MG,20MG,capsule,df-9555626637,SUN,false,true
13687,BETACAP PLUS,BETACAP PLUS 10MG CAP (PROPRANOLOL HCL+FLUNARIZINE) (SUN),PROPRANOLOL 20MG,10MG,capsule,df-9555626637,SUN,false,true
13604,BETACAP TR,BETACAP TR 20MG CAP (PROPRANOLOL HCL) (SUN),PROPRANOLOL 20MG,20MG,capsule,df-9555626637,SUN,false,true
16225,INDERAL LA,INDERAL LA 20MG TAB (PROPRANOLOL) (ABBOTT),PROPRANOLOL 20MG,20MG,tablet,df-2929601942,ABBOTT,false,true
16226,INDERAL LA,INDERAL LA 40MG TAB (PROPRANOLOL) (ABBOTT),PROPRANOLOL 20MG,40MG,tablet,df-2929601942,ABBOTT,false,true
682,VPRESS,VPRESS (VASOPRESSIN) 1ML INJ (NEON),VASOPRESSIN,,injection,df-7435419319,NEON,false,true
6861,REJOINT NEW,REJOINT NEW TAB (GLUCOSAMINE+CHONDROITIN) (ABBOTT),GLUCOSAMINE 500MG,,tablet,df-2929601942,ABBOTT,false,true
6862,REJOINT,REJOINT TAB (GLUCOSAMINE+CHONDROITIN) (ABBOTT),GLUCOSAMINE 500MG,,tablet,df-2929601942,ABBOTT,false,true
9330,NS,NS (SODIUM CHLORIDE 0.9%) PLASTIC 3000ML (SKKL),SODIUM CHLORIDE 0.9% 3000ML,,infusion,df-374189216,SKKL,false,true
9731,RINGER ACETATE GLASS,RINGER ACETATE GLASS 500ML (SKKL),SODIUM CHLORIDE 0.9% 3000ML,500ML,infusion,df-374189216,SKKL,false,true
13695,NS,NS (SODIUM CHLORIDE 0.9%) PLASTIC 3000ML (VISION),SODIUM CHLORIDE 0.9% 3000ML,,infusion,df-374189216,VISION,false,true
2662,CLEXANE,CLEXANE (ENOXAPARIN SODIUM) 20MG 0.2ML INJ (SANOFI),ENOXAPARIN 20MG,,injection,df-7435419319,SANOFI,false,true
8769,DICLOMOL SP,DICLOMOL SP 10MG TAB (DICLOFENAC+SERRATIOPEPTIDASE) (WIN-MEDICARE),DICLOFENAC POTASSIUM+SERRATIOPEPTIDASE,10MG,tablet,df-2929601942,WIN-MEDICARE,false,true
7533,EMANZEN D,EMANZEN D TAB (DICLOFENAC+SERRATIOPEPTIDASE) (EMCURE),DICLOFENAC POTASSIUM+SERRATIOPEPTIDASE,,tablet,df-2929601942,EMCURE,false,true
5094,ZOCEF,ZOCEF DRY 30ML SYP (ALKEM),CEFUROXIME SYP,30ML,syrup,df-4608470948,ALKEM,false,true
10460,GIBTULIO,GIBTULIO 25MG TAB (EMPAGLIFLOZIN) (LUPIN),EMPAGLIFLOZIN,25MG,tablet,df-2929601942,LUPIN,false,true
12431,JARDIANCE,JARDIANCE 25MG TAB (EMPAGLIFLOZIN) (BOEHRINGER),EMPAGLIFLOZIN,25MG,tablet,df-2929601942,BOEHRINGER,false,true
14714,JARDIANCE MET,JARDIANCE MET 12.5/1000MG TAB (EMPAGLIFLOZIN+METFORMIN HCL) (BOEHRINGER),EMPAGLIFLOZIN,12.5/1000MG,tablet,df-2929601942,BOEHRINGER,false,true
15450,JARDIANCE MET,JARDIANCE MET 12.5/500MG TAB (EMPAGLIFLOZIN+METFORMIN) (BOEHRINGER),EMPAGLIFLOZIN,12.5/500MG,tablet,df-2929601942,BOEHRINGER,false,true
3458,EPTOIN ER,EPTOIN ER 300MG TAB (PHENYTOIN) (ABBOTT),PHENYOIN 300 MG,300MG,tablet,df-2929601942,ABBOTT,false,true
8323,FEBURIC,FEBURIC 20MG TAB (FEBUXOSTAT) (AJANTA),FEBUXOSTA 20,20MG,tablet,df-2929601942,AJANTA,false,true
7906,NUTROLIN B PLUS,NUTROLIN B PLUS CAP (MULTIVITAMIN+LACTIC ACID BACILLUS) (CIPLA),MULTIVITAMIN,,capsule,df-9555626637,CIPLA,false,true
11775,BEVON,BEVON 200 ML SYP (ZUVENTUS),MULTIVITAMIN,200 ML,syrup,df-4608470948,ZUVENTUS,false,true
11861,BENUVO,BENUVO (METHYCOBAL+PYRIDOXIN+NICOTINAMIDE) 2ML INJ (SAFFRON),MULTIVITAMIN,,injection,df-7435419319,SAFFRON,false,true
11044,SUPRACAL PRO,SUPRACAL PRO TAB (CALCIUM+VITAMIN D3+MAGNESIUM+ZINC+MINERALS) (PHARMED),MULTIVITAMIN,,tablet,df-2929601942,PHARMED,false,true
4888,ZINCOVIT,ZINCOVIT TAB (MULTIVITAMIN) (APEX),MULTIVITAMIN,,tablet,df-2929601942,APEX,false,true
5763,A TO Z,A TO Z 200ML SYP (ALKEM),MULTIVITAMIN,200ML,syrup,df-4608470948,ALKEM,false,true
5787,A TO Z,A TO Z DROP (MULTIVITAMIN) (ALKEM),MULTIVITAMIN,,drop,df-2859918947,ALKEM,false,true
6945,BAYER'S TONIC,BAYER'S TONIC SYP (BAYER),MULTIVITAMIN,,syrup,df-4608470948,BAYER,false,true
6745,WELLWOMEN,WELLWOMEN CAP (EVENING PRIMROSE+STARFLOWER OILS) (MEYER),MULTIVITAMIN,,capsule,df-9555626637,MEYER,false,true
6816,ELDERVIT,"ELDERVIT (VIT B12, VIT C, NIACINAMIDE, FOLIC ACID) 12MG INJ (ELDER)",MULTIVITAMIN,,injection,df-7435419319,ELDER,false,true
3563,NUROKIND GOLD,NUROKIND GOLD CAP (MULTIVITAMIN+MINERALS) (MANKIND),MULTIVITAMIN,,capsule,df-9555626637,MANKIND,false,true
3576,CAL AID,CAL AID CAP (METHYLCOBALAMIN+CALCIUM+CALCITRIOL+FOLIC ACID+B6+ZINC) (INDOCO),MULTIVITAMIN,,capsule,df-9555626637,INDOCO,false,true
3410,ZINCOVIT,ZINCOVIT 200ML SYP (APEX),MULTIVITAMIN,200ML,syrup,df-4608470948,APEX,false,true
2717,TRINEUROSOL H,TRINEUROSOL H (MULTIVITAMIN WITH AMINOACID & INOSITOL) 1ML INJ (TRIODOSS),MULTIVITAMIN,,injection,df-7435419319,TRIODOSS,false,true
1449,A TO Z,A TO Z TAB (MULTIVITAMIN+MULTIMINERAL+LYCOPENE) (ALKEM),MULTIVITAMIN,,tablet,df-2929601942,ALKEM,false,true
1593,VITCOFOL,VITCOFOL (MULTIVITAMIN) 10ML INJ (FDC),MULTIVITAMIN,,injection,df-7435419319,FDC,false,true
1891,A TO Z GOLD,A TO Z GOLD CAP (ANTIOXIDANTS+MULTIVITAMIN+MULTIMINERAL) (ALKEM),MULTIVITAMIN,,capsule,df-9555626637,ALKEM,false,true
1324,SUPRADYN,SUPRADYN TAB (MULTIVITAMIN+MULTIMINERALS+TRACE ELEMENTS) (BAYER),MULTIVITAMIN,,tablet,df-2929601942,BAYER,false,true
1004,NEUROBION FORTE,NEUROBION FORTE (MULTIVITAMIN) 2ML INJ (MERCK),MULTIVITAMIN,,injection,df-7435419319,MERCK,false,true
1005,MVI,MVI (MULTI VITAMIN) 10ML INJ (NBZ PHARMA),MULTIVITAMIN,,injection,df-7435419319,NBZ PHARMA,false,true
1048,HOMOCHEK,HOMOCHEK CAP (FOLIC ACID+PYRIDOXINE+CYANOCOBALAMINE) (ALKEM),MULTIVITAMIN,,capsule,df-9555626637,ALKEM,false,true
951,NERVZ,NERVZ (MULTIVITAMIN) INJ (INTAS),MULTIVITAMIN,,injection,df-7435419319,INTAS,false,true
14605,TRINEUROSOL H,TRINEUROSOL H (MULTIVITAMIN WITH AMINOACID &INOSITOL) 5ML INJ (TRIODOSS),MULTIVITAMIN,,injection,df-7435419319,TRIODOSS,false,true
14675,NERVZ B12,NERVZ B12 (MULTIVITAMIN) INJ (INTAS),MULTIVITAMIN,,injection,df-7435419319,INTAS,false,true
16042,BEVON,BEVON CAP (MULTIVITAMIN+MULTIMINERAL+ANTIOXIDANTS) (ZUVENTUS),MULTIVITAMIN,,capsule,df-9555626637,ZUVENTUS,false,true
15943,EIDO,EIDO (MULTIVITAMIN) INJ (LA RENON),MULTIVITAMIN,,injection,df-7435419319,LA RENON,false,true
15578,SUPRACAL K2,SUPRACAL K2 TAB (CALCITRIOL+CALCIUM CITRATE+VITAMIN K2-7) (PHARMED),MULTIVITAMIN,,tablet,df-2929601942,PHARMED,false,true
13431,MOKTEL,MOKTEL 200ML SYP (KEPLER),MULTIVITAMIN,200ML,syrup,df-4608470948,KEPLER,false,true
13432,MOKTEL,MOKTEL DROP 30ML (MULTIVITAMIN+DHA)  (KEPLER),MULTIVITAMIN,30ML,drop,df-2859918947,KEPLER,false,true
12631,BECOZINC G,BECOZINC G CAP (MULTIVITAMINS+MULTIMINERALS+ANTIOXIDENT+GINSENG) (DR. REDDY),MULTIVITAMIN,,capsule,df-9555626637,DR REDDY,false,true
12525,NERVZ D,NERVZ D TAB (METHYLCOBALAMIN+ALPHA LIPOIC ACID+VITAMIN D3+PYRIDOXINE+FOLIC ACID) (INTAS),MULTIVITAMIN,,tablet,df-2929601942,INTAS,false,true
13014,B FIT CD,B FIT CD TAB (MULTIVITAMIN) (CORONA),MULTIVITAMIN,,tablet,df-2929601942,CORONA,false,true
12817,HENZOVIT,HENZOVIT CAP (MULTIVITAMIN+MULTIMINERAL+CHOLINE) (LA RENON),MULTIVITAMIN,,capsule,df-9555626637,LA RENON,false,true
17141,ALCOFIX,ALCOFIX TAB (VITAMINS+MINERALS+MAGNESIUM OXIDE) (ALNICHE),MULTIVITAMIN,,tablet,df-2929601942,ALNICHE,false,true
17092,REQD,REQD TAB (CO-ENZYME Q10+GINSENG+GRAPE SEED+MULTIVITAMINS+MINRERAL) (NUTRACEUTICALS),MULTIVITAMIN,,tablet,df-2929601942,NUTRACEUTICALS,false,true
2557,IVCROS,IVCROS (IRON SUCROSE) 100MG INJ (NEON),IRON SUCROSE,,injection,df-7435419319,NEON,false,true
2558,TECOREN,TECOREN (TEICOPLANIN) 400MG INJ (LG LIFESCIENCES),IRON SUCROSE,,injection,df-7435419319,LG LIFESCIENCES,false,true
2496,OROFER S,OROFER S (IRON SUCROSE) 100MG INJ (EMCURE),IRON SUCROSE,,injection,df-7435419319,EMCURE,false,true
4998,OROFER S,OROFER S (IRON SUCROSE) 100MG 5ML INJ (EMCURE),IRON SUCROSE,,injection,df-7435419319,EMCURE,false,true
5001,OROFER S,OROFER S (IRON SUCROSE) 50MG 2.5ML INJ (EMCURE),IRON SUCROSE,,injection,df-7435419319,EMCURE,false,true
2452,GLUTAHENZ,GLUTAHENZ (L- GLUTAMINE) 20% 50ML INJ (LA RENON),GLUTATHIONE,,injection,df-7435419319,LA RENON,false,true
17385,GLUTAUP,GLUTAUP 500MG TAB (GLUTATHIONE) (ALNICHE),GLUTATHIONE,500MG,tablet,df-2929601942,ALNICHE,false,true
12818,THIOTRES,THIOTRES 500MG TAB (L-GLUTATHIONE) (LA RENON),GLUTATHIONE,500MG,tablet,df-2929601942,LA RENON,false,true
12795,THIOTRES,THIOTRES (GLUTATHIONE) 600MG INJ (LA RENON),GLUTATHIONE,,injection,df-7435419319,LA RENON,false,true
9621,STUGERON PLUS,STUGERON PLUS TAB (CINNARIZINE+DIMENHYDRINATE) (J&J),"cinnarizine 20 mg, dimenhydrinate 40 mg.",,tablet,df-2929601942,J&J,false,true
10243,IBSET,IBSET 5MCG TAB (RAMOSETRON) (ZYDUS CADILA),RAMOSETRON HCL 5/100MCG,5MCG,tablet,df-2929601942,ZYDUS,false,true
7677,AQUAVIRON,AQUAVIRON (TESTOSTERON) 1ML INJ (ABBOTT),TESTOSTERONE PROPIONATE 25MG,,injection,df-7435419319,ABBOTT,false,true
6747,CREVAST,CREVAST 20MG TAB (ROSUVASTATIN) (ERIS),ROSUVASTATIN 20MG,20MG,tablet,df-2929601942,ERIS,false,true
2540,NOVASTAT,NOVASTAT 20MG TAB (ROSUVASTATIN) (LUPIN),ROSUVASTATIN 20MG,20MG,tablet,df-2929601942,LUPIN,false,true
2880,TURBOVAS,TURBOVAS 20MG TAB (ROSUVASTATIN) (MICRO),ROSUVASTATIN 20MG,20MG,tablet,df-2929601942,MICRO,false,true
918,ROSUVAS,ROSUVAS 20MG TAB (ROSUVASTATIN) (SUN),ROSUVASTATIN 20MG,20MG,tablet,df-2929601942,SUN,false,true
888,ROSEDAY,ROSEDAY 20MG TAB (ROSUVASTATIN) (USV),ROSUVASTATIN 20MG,20MG,tablet,df-2929601942,USV,false,true
1007,ROZAVEL,ROZAVEL 20MG TAB  (ROSUVASTATIN) (SUN)  {*},ROSUVASTATIN 20MG,20MG,tablet,df-2929601942,SUN,false,true
361,CRESTOR,CRESTOR 20MG TAB (ROSUVASTATIN) (ASTRA ZENECA),ROSUVASTATIN 20MG,20MG,tablet,df-2929601942,ASTRA ZENECA,false,true
339,ROZUCOR,ROZUCOR 20MG TAB (ROSUVASTATIN) (TORRENT),ROSUVASTATIN 20MG,20MG,tablet,df-2929601942,TORRENT,false,true
6715,GLUCOBAY,GLUCOBAY 50MG TAB (ACARBOSE) (BAYER),ACARBOSE 50MG,50MG,tablet,df-2929601942,BAYER,false,true
1360,ENZOFLAM,ENZOFLAM TAB (PARACETAMOL+DICLOFENAC+SERRATIOPEPTIDASE) (ALKEM),DICLOFENAC POTASSIUM+PARACETAMOL,,tablet,df-2929601942,ALKEM,false,true
1886,DICLOMOL,DICLOMOL TAB (DICLOFENAC+PARACETAMOL) (WIN-MEDICARE),DICLOFENAC POTASSIUM+PARACETAMOL,,tablet,df-2929601942,WIN-MEDICARE,false,true
13196,DYNAPAR,DYNAPAR TAB (DICLOFENAC+PARACETAMOL) (TROIKAA),DICLOFENAC POTASSIUM+PARACETAMOL,,tablet,df-2929601942,LA RENON,false,true
9786,ERAXIS,ERAXIS (ANIDULAFUNGIN) 100MG INJ (PFIZER),anidulafungin,,injection,df-7435419319,PFIZER,false,true
3422,NERVECAP,NERVECAP CAP (MULTIVITAMINS) (WONSET),METHYLCOBALAMINE+ALPHA LIPOIC ACID,,capsule,df-9555626637,WONSET,false,true
12929,NERVENT,NERVENT CAP (METHYCOBALMIN+CALCIUM+CALCITRIOL+FOLIC ACID+PYRIDOXINE) (MEDVENT),METHYLCOBALAMINE+ALPHA LIPOIC ACID,,capsule,df-9555626637,MEDVENT,false,true
16038,MAXMALA,MAXMALA CAP (PREGABALIN+MECOBALAMIN+ALPHA LIPOIC ACID) (SUN),METHYLCOBALAMINE+ALPHA LIPOIC ACID,,capsule,df-9555626637,SUN,false,true
3954,MAGNAMYCIN,MAGNAMYCIN (CEFOPERAZONE) 2GM INJ (PFIZER),CEFOPERAZONE 2GM,,injection,df-7435419319,PFIZER,false,true
2085,APIDRA SOLOSTAR,APIDRA SOLOSTAR (INSULIN GLULISINE) 3ML INJ (SANOFI) {#},INSULIN GLULISINE,,injection,df-7435419319,SANOFI,false,true
1560,AVIL,AVIL 25MG TAB (PHENIRAMINE MALEATE) (SANOFI) {#},PHENIRAMINE MALEATE 25MG,25MG,tablet,df-2929601942,SANOFI,false,true
4966,AVIL,AVIL (PHENIRAMINE MALEATE) 10ML INJ (SANOFI),PHENIRAMINE MALEATE 25MG,,injection,df-7435419319,SANOFI,false,true
2022,RECOFAST PLUS,RECOFAST PLUS TAB (PARACETAMOL+PHENYLEPHRINE HCL+CHLORPHENIRAMINE) (SHREYA),"PCM 500MG,PSEUDOEPHEDRINE 60 MG,TRIPROLIDINE 2.5 MG",,tablet,df-2929601942,SHREYA,false,true
2660,SOLU MEDROL,SOLU MEDROL (METHYLPREDNISOLONE) 125MG INJ (PFIZER),METHYL PREDNISOLONE SODIUM SUCCINATE 125MG,,injection,df-7435419319,PFIZER,false,true
1167,NEODROL,NEODROL (METHYLPREDNISOLONE) 125MG INJ (NEON),METHYL PREDNISOLONE SODIUM SUCCINATE 125MG,,injection,df-7435419319,NEON,false,true
17364,VARPRED,VARPRED (METHYLPREDNISOLONE) 125MG INJ (VARENYAM),METHYL PREDNISOLONE SODIUM SUCCINATE 125MG,,injection,df-7435419319,VARENYAM,false,true
17345,MEPSONATE,MEPSONATE (METHYLPREDNISOLONE) 125MG INJ (GLAND PHARMA),METHYL PREDNISOLONE SODIUM SUCCINATE 125MG,,injection,df-7435419319,GLAND PHARMA,false,true
17112,MEPSONATE,MEPSONATE (METHYLPREDNISOLONE) 40MG INJ (GLAND PHARMA),METHYL PREDNISOLONE SODIUM SUCCINATE 125MG,,injection,df-7435419319,GLAND PHARMA,false,true
4772,RYZODEG,RYZODEG (ASPART INSULIN) 3ML INJ (NOVO NORDISK),ASPART INSULIN 3ML INJ,,injection,df-7435419319,NOVO NORDISK,false,true
13746,AVAXIM,AVAXIM 80U (HEPATITIS A) PAEDIATRIC VACCINE (SANOFI),HEPATITIS A VACCINE,80U,vaccine,df-5880427153,SANOFI,false,true
14085,BIOVAC A,BIOVAC A (HEPATITIS A) VACCINE (WOCKHARDT),HEPATITIS A VACCINE,,vaccine,df-5880427153,WOCKHARDT,false,true
2082,PACITANE,PACITANE 2MG TAB (TRIHEXYPHENIDYL HCL) (PFIZER),TRIHEXYPHENIDYL 2MG,2MG,tablet,df-2929601942,PFIZER,false,true
3471,POLARAMINE,POLARAMINE 2MG TAB (DEXCHLORPHENIRAMINE) (FULFORD),DEXCHLORPHENIRAMINE 2MG,2MG,tablet,df-2929601942,FULFORD,false,true
7863,TRIOLMESAR,TRIOLMESAR 20MG TAB (OLMESARTAN+AMLODIPINE+HYDROCHLOROTHIAZIDE) (MACLEODS),OLMISERTAN+AMLODIPINE,20MG,tablet,df-2929601942,MACLEODS,false,true
17222,SCAVISTA,SCAVISTA 12MG TAB (IVERMECTIN) (ZUVENTUS),IVERMECTIN 12MG,12MG,tablet,df-2929601942,ZUVENTUS,false,true
5414,PIPZO,PIPZO (PIPERACILLIN 2GM+TAZOBACTAM 250MG) 2.25GM INJ (ALKEM),PIPERACILLIN+TAZOBACTUM 2.25GM,,injection,df-7435419319,ALKEM,false,true
12005,PIPZAM,PIPZAM (PIPERACILLIN 2GM+TAZOBACTAM 250MG) 2.25GM INJ (UNITED BIOTECH),PIPERACILLIN+TAZOBACTUM 2.25GM,,injection,df-7435419319,BIOTECH,false,true
1237,TAZACT,TAZACT (PIPERACILLIN+TAZOBACTAM) 2.25GM INJ (CIPLA),PIPERACILLIN+TAZOBACTUM 2.25GM,,injection,df-7435419319,CIPLA,false,true
17204,JUBI R,JUBI R (REMDESIVIR) (COVID) 100MG INJ (JUBILENT),REMDESIVIR,,injection,df-7435419319,JUBILENT,false,true
17147,REMDAC,REMDAC (REMDESIVIR) (COVID) 100MG INJ (ZYDUS CADILA),REMDESIVIR,,injection,df-7435419319,ZYDUS CADILA,false,true
17130,DESREM,DESREM (REMDESIVIR) (COVID) 100MG INJ (MYLAN),REMDESIVIR,,injection,df-7435419319,MYLAN,false,true
17089,REDYX,REDYX (REMDESIVIR) (COVID) 100MG INJ (DR REDDY),REMDESIVIR,,injection,df-7435419319,DR REDDY,false,true
17065,CIPREMI,CIPREMI (REMDESIVIR) (COVID) 100MG INJ (CIPLA),REMDESIVIR,,injection,df-7435419319,CIPLA,false,true
16982,COVIFOR,COVIFOR (REMDESIVIR) (COVID) 100MG INJ (HETERO),REMDESIVIR,,injection,df-7435419319,HETERO,false,true
17379,REMIZAC,REMIZAC (REMDESIVIR) (COVID) 100MG INJ (SUN),REMDESIVIR,,injection,df-7435419319,SUN,false,true
703,ASTHALIN RESPULES,ASTHALIN RESPULES (SALBUTAMOL) (CIPLA),SALBUTAMOL 2.5ML,,respule,df-9534758258,CIPLA,false,true
692,NEOROF,NEOROF (PROPOFOL) 50ML INJ (NEON),PROPOFOL 50ML,,injection,df-7435419319,NEON,false,true
5585,FRESOFOL,FRESOFOL (PROPOFOL) 50ML INJ (FRESENIUS),PROPOFOL 50ML,,injection,df-7435419319,FRESENIUS,false,true
12053,LIPIROSE,LIPIROSE 10MG TABLET (ROSUVASTATIN) (MANKIND),ROSUVASTATIN 10MG,10MG,tablet,df-2929601942,MANKIND,false,true
7981,CREVAST,CREVAST 10MG TAB (ROSUVASTATIN) (ERIS),ROSUVASTATIN 10MG,10MG,tablet,df-2929601942,ERIS,false,true
338,ROZUCOR,ROZUCOR 10MG TAB (ROSUVASTATIN) (TORRENT),ROSUVASTATIN 10MG,10MG,tablet,df-2929601942,TORRENT,false,true
360,CRESTOR,CRESTOR 10MG TAB (ROSUVASTATIN) (ASTRA ZENECA),ROSUVASTATIN 10MG,10MG,tablet,df-2929601942,ASTRA ZENECA,false,true
887,ROSEDAY,ROSEDAY 10MG TAB (ROSUVASTATIN) (USV),ROSUVASTATIN 10MG,10MG,tablet,df-2929601942,USV,false,true
3153,NOVASTAT,NOVASTAT 10MG TAB (ROSUVASTATIN) (LUPIN),ROSUVASTATIN 10MG,10MG,tablet,df-2929601942,LUPIN,false,true
660,DEPLATT CV,DEPLATT CV CAP (CLOPIDOGREL+ATORVASTATIN+ASPIRIN) (TORRENT),CLOPIDOGREL WITH ATORVASTATIN &ASPRIN,,capsule,df-9555626637,TORRENT,false,true
780,DEPLATT CV,DEPLATT CV 20MG CAP (CLOPIDOGREL+ATORVASTATIN+ASPIRIN) (TORRENT),CLOPIDOGREL WITH ATORVASTATIN &ASPRIN,20MG,capsule,df-9555626637,TORRENT,false,true
1896,MONTAIR FX,MONTAIR FX TAB (MONTELUKAST+FEXOFENADINE HCL) (CIPLA),MONTELUKAST+FEXOFENADINE,,tablet,df-2929601942,CIPLA,false,true
13372,ALFEXO M,ALFEXO M TAB (FEXOFENADINE+MONTELUKAST) (ACEKINETICS),MONTELUKAST+FEXOFENADINE,,tablet,df-2929601942,ACEKINETICS,false,true
15791,HISTAKIND M,HISTAKIND M TAB (FEXOFENADINE HCL+MONTELUKAST) (MANKIND),MONTELUKAST+FEXOFENADINE,,tablet,df-2929601942,MANKIND,false,true
14716,MONTEGRESS FX,MONTEGRESS FX 120MG TAB (MONTELUKAST+FEXOFENADINE) (LA RENON),MONTELUKAST+FEXOFENADINE,120MG,tablet,df-2929601942,LA RENON,false,true
6856,PIRFENEX,PIRFENEX 200MG TAB (PIRFENIDONE) (CIPLA),PIRFENIDONE 200MG,200MG,tablet,df-2929601942,CIPLA,false,true
8132,LYOBLE,LYOBLE (BLEOMYCIN) 15IU INJ (UNITED BIOTECH),BLEOMYCIN 15IU,,injection,df-7435419319,UNITED BIOTECH,false,true
2504,PICLIN,PICLIN 100ML SYP (MENARINI),SODIUM PICOSULPHATE,100ML,syrup,df-4608470948,MENARINI,false,true
3031,CREMALAX,CREMALAX 10MG TAB (SODIUM PICOSULPHATE) (ABBOTT),SODIUM PICOSULPHATE,10MG,tablet,df-2929601942,ABBOTT,false,true
15660,PICLIN,PICLIN 150ML SYP (MENARINI),SODIUM PICOSULPHATE,150ML,syrup,df-4608470948,MENARINI,false,true
13326,PICLIN,PICLIN 120ML SYP (MENARINI),SODIUM PICOSULPHATE,120ML,syrup,df-4608470948,MENARINI,false,true
2432,AEROCORT  INHALER,AEROCORT  INHALER (BECLOMETHASONE+LEVOSALBUTAMOL) (CIPLA),BECLOMETHASONE+LEVOSALBUTAMOL,,inhaler,df-6760636010,CIPLA,false,true
1577,UPRISE D3 60K,UPRISE D3 60K CAP (VITAMIN D3) (ALKEM),CHOLECALCIFEROL 60000 IU,,capsule,df-9555626637,ALKEM,false,true
5509,D SOL 60K,D SOL 60K TAB (CHOLECALCIFEROL) (CIPLA),CHOLECALCIFEROL 60000 IU,,tablet,df-2929601942,CIPLA,false,true
4763,TORFLASH,TORFLASH 1GM SACHET (CHOLECALCIFEROL) (TORRENT),CHOLECALCIFEROL 60000 IU,1GM,powder,df-9603977956,TORRENT,false,true
5314,LUMIA 60K,LUMIA 60K TAB (CHOLECALCIFEROL) (SUN),CHOLECALCIFEROL 60000 IU,,tablet,df-2929601942,SUN,false,true
12664,CALCIPURE 60K,CALCIPURE 60K CAP (CHOLECALCIFEROL) (SYSTEMIC),CHOLECALCIFEROL 60000 IU,,capsule,df-9555626637,SYSTEMIC,false,true
17202,NEURO D3 60K,NEURO D3 60K CAP (CHOLECALCIFEROL) (SUN),CHOLECALCIFEROL 60000 IU,,capsule,df-9555626637,SUN,false,true
7833,OMNACORTIL,OMNACORTIL 40MG TAB (PREDNISOLONE) (MACLEODS),PREDNISOLONE 40MG,40MG,tablet,df-2929601942,MACLEODS,false,true
2377,DORIGLEN,DORIGLEN (DORIPENEM) 500MG INJ (GLENMARK),DORIPENEM,,injection,df-7435419319,GLENMARK,false,true
10702,PETAXEL,PETAXEL (PACLITAXEL) 260MG INJ (BIOCHEM),PACLITAXEL,,injection,df-7435419319,BIOCHEM,false,true
885,CREMAFFIN MF,CREMAFFIN MF 225ML SYP (ABBOTT) {*},LIQUID PARAFFIN+MILK OF MAGNESIA,225ML,syrup,df-4608470948,ABBOTT,false,true
977,ROZAVEL A,ROZAVEL A CAP (ROSUVASTATIN+ASPRIN) (SUN),ROSUVASTATIN+ASPRIN,,capsule,df-9555626637,SUN,false,true
1276,UNISTAR,UNISTAR 75MG CAP (ROSUVASTATIN+ASPIRIN) (TORRENT),ROSUVASTATIN+ASPRIN,75MG,capsule,df-9555626637,TORRENT,false,true
1606,ROZUCOR ASP,ROZUCOR ASP-10MG CAP (ROSUVASTATIN+ASPIRIN) (TORRENT),ROSUVASTATIN+ASPRIN,10MG,capsule,df-9555626637,TORRENT,false,true
3426,ROZAVEL A,ROZAVEL A 150MG CAP (ROSUVASTATIN+ASPIRIN) (SUN),ROSUVASTATIN+ASPRIN,150MG,capsule,df-9555626637,SUN,false,true
3397,ROSEDAY A,ROSEDAY A 10MG CAP (ROSUVASTATIN+ASPIRIN) (USV),ROSUVASTATIN+ASPRIN,10MG,capsule,df-9555626637,USV,false,true
3309,ROSUTOR GOLD 10/75,ROSUTOR GOLD 10/75 TAB (ROSUVASTATIN+ASPIRIN+CLOPIDOGREL) (AJANTA),ROSUVASTATIN+ASPRIN,,tablet,df-2929601942,AJANTA,false,true
11870,TURBOVAS ASP,TURBOVAS ASP CAP (ROSUVASTATIN+ASPIRIN) (MICRO),ROSUVASTATIN+ASPRIN,,capsule,df-9555626637,MICRO,false,true
4114,UNISTAR,UNISTAR 20/150MG CAP (ROSUVASTATIN+ASPIRIN) (TORRENT),ROSUVASTATIN+ASPRIN,20/150MG,capsule,df-9555626637,TORRENT,false,true
17446,ROSEDAY A,ROSEDAY A 20MG CAP (ROSUVASTATIN+ASPIRIN) (USV),ROSUVASTATIN+ASPRIN,20MG,capsule,df-9555626637,USV,false,true
16725,ROZUCOR ASP,ROZUCOR ASP 20/150MG CAP (ROSUVASTATIN+ASPIRIN) (TORRENT),ROSUVASTATIN+ASPRIN,20/150MG,capsule,df-9555626637,TORRENT,false,true
12466,ROZUCOR ASP,ROZUCOR ASP 20MG TAB (ROSUVASTATIN+ASPIRIN) (TORRENT),ROSUVASTATIN+ASPRIN,20MG,tablet,df-2929601942,TORRENT,false,true
15804,ROSUMAC ASP,ROSUMAC ASP CAP (ROSUVASTATIN+ASPIRIN) (MACLEODS),ROSUVASTATIN+ASPRIN,,capsule,df-9555626637,MACLEODS,false,true
15744,ZYROVA ASP,ZYROVA ASP 75MG CAP (ROSUVASTATIN+ASPIRIN) (ZYDUS),ROSUVASTATIN+ASPRIN,75MG,capsule,df-9555626637,ZYDUS CARDIVA,false,true
16136,CREVAST A,CREVAST A 10/75MG TAB (ROSUVASTATIN+ASPIRIN) (ERIS),ROSUVASTATIN+ASPRIN,10/75MG,tablet,df-2929601942,ERIS,false,true
14833,UNISTAR,UNISTAR 20/75MG CAP (ROSUVASTATIN+ASPIRIN) (TORRENT),ROSUVASTATIN+ASPRIN,20/75MG,capsule,df-9555626637,TORRENT,false,true
6792,BETADINE VEGINAL PESSARIES,BETADINE VEGINAL PESSARIES (POVIDONE IODINE) (WIN-MEDICARE),POVIDONE IODINE VAGINAL TAB,,pessary,df-9672058462,WIN-MEDICARE,false,true
1179,ROCUNIUM,ROCUNIUM (ROCURONIUM) 100MG 10ML INJ (NEON),ROCURONIUM 100MG,,injection,df-7435419319,NEON,false,true
318,PANTOCID IT,PANTOCID IT CAP (PANTOPRAZOLE+ITOPRIDE) (SUN),PANTOPRAZOLE+ITOPRIDE HYDROCHLORIDE,,capsule,df-9555626637,SUN,false,true
11837,TEGRITAL,TEGRITAL 100MG TAB (CARBAMAZEPINE) (NOVARTIS),CARBAMAZEPINE,100MG,tablet,df-2929601942,NOVARTIS,false,true
11838,TEGRITAL,TEGRITAL 200MG TAB (CARBAMAZEPINE) (NOVARTIS),CARBAMAZEPINE,200MG,tablet,df-2929601942,NOVARTIS,false,true
16230,TEGRITAL CR,TEGRITAL CR 400MG TAB (CARBAMAZEPINE) (NOVARTIS),CARBAMAZEPINE,400MG,tablet,df-2929601942,NOVARTIS,false,true
16195,ZEPTOL CR,ZEPTOL CR 300MG TAB (CARBAMAZEPINE ) (SUN),CARBAMAZEPINE,300MG,tablet,df-2929601942,SUN,false,true
10244,TERLYZ,TERLYZ (TERLIPRESSIN) 10ML INJ (SUN),TERLIPRESSIN,,injection,df-7435419319,SUN,false,true
1773,TERLISTAT,TERLISTAT (TERLIPRESSIN) 10ML INJ (SAMARTH),TERLIPRESSIN,,injection,df-7435419319,SAMARTH,false,true
1576,LESURIDE,LESURIDE 25MG TAB (LEVOSULPIRIDE) (SUN),LEVOSULPIRIDE 25MG,25MG,tablet,df-2929601942,SUN,false,true
2420,REOPRO,REOPRO (ABCIXIMAB) 5ML INJ (ELI LILLY),ABCIXIMAB 2MG/ML,,injection,df-7435419319,ELI LILLY,false,true
14980,LARIAGO,LARIAGO (CHLOROQUINE) 40MG/ML 2ML INJ (IPCA),CHLOROQUINE PHOSPHATE 500MG,,injection,df-7435419319,IPCA,false,true
12836,LARIAGO,LARIAGO (CHLOROQUINE) 5ML INJ (IPCA),CHLOROQUINE PHOSPHATE 500MG,,injection,df-7435419319,IPCA,false,true
1906,WARF,WARF 1MG TAB (WARFARIN) (CIPLA)  {*}  {#},WARFARIN SODIUM 1MG,1MG,tablet,df-2929601942,CIPLA,false,true
1583,MAXICEF,MAXICEF (CEFEPIME) 1GM INJ (ARISTO),CEFEPIME 1000MG,,injection,df-7435419319,ARISTO,false,true
6546,MEGAPIME XP,MEGAPIME XP (CEFEPIME 1GM+TAZOBACTUM 125MG) 1.125GM INJ (ALKEM),CEFEPIME 1000MG,,injection,df-7435419319,ALKEM,false,true
15757,POTENTOX,POTENTOX (CEFEPIME 1GM+AMIKACIN 250MG) 1.25GM INJ (VENUS),CEFEPIME 1000MG,,injection,df-7435419319,VENUS,false,true
3574,MEDROL,MEDROL 16MG TAB (METHYLPREDNISOLONE) (PFIZER),METHYL PREDNISOLON,16MG,tablet,df-2929601942,PFIZER,false,true
9746,EZEDOC,EZEDOC 10MG TAB (EZETIMIBE) (LUPIN),EZETIMIBE 10MG,10MG,tablet,df-2929601942,LUPIN,false,true
13145,FARONEM ER,FARONEM ER TAB (FAROPENEM) (SUN),FAROPENEM 300MG,,tablet,df-2929601942,SUN,false,true
13831,ORPENEM ER,ORPENEM ER 300MG TAB (FAROPENAM) (MACLEODS),FAROPENEM 300MG,300MG,tablet,df-2929601942,MACLEODS,false,true
16503,FAROALFA SR,FAROALFA SR 300MG TAB (FAROPENEM) (ALNICHE),FAROPENEM 300MG,300MG,tablet,df-2929601942,ALNICHE,false,true
10887,CANDIBIOTIC PLUS EAR,CANDIBIOTIC PLUS EAR DROP 5ML (GLENMARK),CHLORAMPHENICOL 250MG,5ML,drop,df-2859918947,GLENMARK,false,true
5556,THEMISET,THEMISET (PALONOSETRON) 1.5ML INJ (THEMIS),PALONOSETRON 0.50 MG,,injection,df-7435419319,THEMIS,false,true
3001,PALOZAC,PALOZAC 0.50MG CAP (PALONOSETRON) (AJANTA PHARMA),PALONOSETRON 0.50 MG,0.50MG,capsule,df-9555626637,AJANTA,false,true
344,DUOLIN RESPULES,DUOLIN RESPULES (IPRATROPIUM BROMIDE+LEVOSALBUTAMOL) (CIPLA),LEVOSALBUTAMOL SULPHATE&IPRATROPIUM BROMIDE,,respule,df-9534758258,CIPLA,false,true
345,DUOLIN RESPULES,DUOLIN RESPULES (LEVOSALBUTAMOL+IPRATROPIUM) (CIPLA),LEVOSALBUTAMOL SULPHATE&IPRATROPIUM BROMIDE,,respule,df-9534758258,CIPLA,false,true
16775,DUOLIN  RESPULES,DUOLIN 3ML RESPULES (LEVOSALBUTAMOL+IPRATROPIUM) (CIPLA),LEVOSALBUTAMOL SULPHATE&IPRATROPIUM BROMIDE,3ML,respule,df-9534758258,CIPLA,false,true
16194,CLINSWAY,CLINSWAY (CLINDAMYCIN) 600MG INJ (UNISENT),CLINDAMYCIN,,injection,df-7435419319,UNISENT,false,true
15380,ADAMY,ADAMY (CLINDAMYCIN) 600MG INJ (ANG),CLINDAMYCIN,,injection,df-7435419319,ANG,false,true
15243,DALACIN C,DALACIN C (CLINDAMYCIN) 300MG INJ (PFIZER),CLINDAMYCIN,,injection,df-7435419319,PFIZER,false,true
1371,CLINDATEC,CLINDATEC (CLINDAMYCIN) 300MG INJ (UNITED BIOTECH),CLINDAMYCIN,,injection,df-7435419319,UNITED BIOTECH,false,true
2458,DALACIN C,DALACIN C 150MG CAP (CLINDAMYCIN) (PFIZER),CLINDAMYCIN,150MG,capsule,df-9555626637,PFIZER,false,true
6631,CLINGEN VAGINAL SUPPOSITORY,CLINGEN VAGINAL SUPPOSITORY (CLINDAMYCIN+CLOTRIMAZOLE) (ARISTO),CLINDAMYCIN,,suppository,df-9327400881,ARISTO,false,true
333,ENVAS,ENVAS 2.5MG TAB (ENALAPRIL) (CADILA),ENALAPRIL MALEATE 2.5MG,2.5MG,tablet,df-2929601942,CADILA,false,true
943,CEFTUM,CEFTUM 500MG TAB (CEFUROXIME) (GSK),CEFUROXIME 500MG,500MG,tablet,df-2929601942,GSK,false,true
7637,ZOCEF,ZOCEF 500MG TAB (CEFUROXIME) (ALKEM),CEFUROXIME 500MG,500MG,tablet,df-2929601942,ALKEM,false,true
9760,CETIL,CETIL 500MG TAB (CEFUROXIME) (LUPIN),CEFUROXIME 500MG,500MG,tablet,df-2929601942,LUPIN,false,true
9184,COVATIL,COVATIL 500MG TAB (CEFUROXIME) (MACLEODS),CEFUROXIME 500MG,500MG,tablet,df-2929601942,MACLEODS,false,true
8041,DUTACEF,DUTACEF 500MG TAB (CEFUROXIME) (ALBUS),CEFUROXIME 500MG,500MG,tablet,df-2929601942,ALBUS,false,true
15442,XIMOREN,XIMOREN 500MG TAB (CEFUROXIME) (LA RENON),CEFUROXIME 500MG,500MG,tablet,df-2929601942,LA RENON,false,true
13496,CEFUTIL,CEFUTIL 500MG TAB (CEFUROXIME) (LEOCON),CEFUROXIME 500MG,500MG,tablet,df-2929601942,LEOCON,false,true
5418,MEGAPEN,MEGAPEN (AMPICILLIN+CLOXACILLIN) 500MG INJ (ARISTO),AMPICILLIN+CLOXACILLIN,,injection,df-7435419319,ARISTO,false,true
8713,NETMICIN,NETMICIN (NETILMICIN) 200MG INJ (UNITED BIOTECH),NETILMICIN 200MG,,injection,df-7435419319,UNITED BIOTECH,false,true
9089,NETICIN,NETICIN (NETILMICIN) 200MG INJ (SAMARTH),NETILMICIN 200MG,,injection,df-7435419319,SAMARTH,false,true
3926,GRILINCTUS-BM,GRILINCTUS-BM 100ML SYP (FRANCO),TERBUTALINE 2.5MG,100ML,syrup,df-4608470948,FRANCO,false,true
544,MIDZEE,MIDZEE (MIDAZOLAM) 5MG 1ML INJ (GLAND PHARMA),MIDAZOLAM 5MG/ML,,injection,df-7435419319,GLAND PHARMA,false,true
1783,GALVUSMET,GALVUSMET 50/1000MG TAB (VILDAGLIPTIN+METFORMIN) (NOVARTIS),VILDAGLIPTIN+METFORMIN,50/1000MG,tablet,df-2929601942,NOVARTIS,false,true
1784,GALVUSMET,GALVUSMET 50/500MG TAB (VILDAGLIPTIN+METFORMIN) (NOVARTIS),VILDAGLIPTIN+METFORMIN,50/500MG,tablet,df-2929601942,NOVARTIS,false,true
11464,ZOMELIS MET,ZOMELIS MET 50/500MG TAB (VILDAGLIPTIN+METFORMIN HCL) (ERIS),VILDAGLIPTIN+METFORMIN,50/500MG,tablet,df-2929601942,ERIS,false,true
6917,JALRA M,JALRA M 50/500MG TAB (VILDAGLIPTIN+METFORMIN) (USV),VILDAGLIPTIN+METFORMIN,50/500MG,tablet,df-2929601942,USV,false,true
6918,JALRA M,JALRA M 50/1000MG TAB (VILDAGLIPTIN+METFORMIN HCL) (USV),VILDAGLIPTIN+METFORMIN,50/1000MG,tablet,df-2929601942,USV,false,true
16557,VILDAPRIDE M,VILDAPRIDE M 50/500MG TAB (VILDAGLIPTIN+METFORMIN HCL) (MICRO),VILDAGLIPTIN+METFORMIN,50/500MG,tablet,df-2929601942,MICRO,false,true
16404,VIBITE M,VIBITE M 50/1000MG TAB (VILDAGLIPTIN+METFORMIN) (CORONA),VILDAGLIPTIN+METFORMIN,50/1000MG,tablet,df-2929601942,CORONA,false,true
16405,VIBITE M,VIBITE M 50/500MG TAB (VILDAGLIPTIN+METFORMIN HCL) (CORONA),VILDAGLIPTIN+METFORMIN,50/500MG,tablet,df-2929601942,CORONA,false,true
16653,TORGLIP M,TORGLIP M 50/500MG TAB (VILDAGLIPTIN+METFORMIN) (TORRENT),VILDAGLIPTIN+METFORMIN,50/500MG,tablet,df-2929601942,TORRENT,false,true
9420,WALAMYCIN DS,WALAMYCIN DS 30ML SYP (WALLACE),COLISTIMETHATE SODIUM 1GM,30ML,syrup,df-4608470948,WALLACE,false,true
9850,ZOLINEG,ZOLINEG (COLISTIMETHATE SODIUM) 1MIU INJ (SANOFI),COLISTIMETHATE SODIUM 1GM,,injection,df-7435419319,SANOFI,false,true
10166,PROPYSALIC NF6,PROPYSALIC NF6 OINT (H&H),CLOBETASOL+SALICYLIC ACID,,ointment,df-3972100204,H&H,false,true
10943,TOPISAL  LOTION,TOPISAL 3% LOTION 50ML (CLOBETASOL+SALICYLIC ACID) (SYSTOPIC),CLOBETASOL+SALICYLIC ACID,3%,lotion,df-6941042110,SYSTOPIC,false,true
10944,TOPISAL,TOPISAL 3% OINT 20GM (CLOBETASOL+SALICYLIC ACID) (SYSTOPIC),CLOBETASOL+SALICYLIC ACID,3%,ointment,df-3972100204,SYSTOPIC,false,true
6678,LOBATE,LOBATE OINT 30GM (ABBOTT),CLOBETASOL+SALICYLIC ACID,30GM,ointment,df-3972100204,ABBOTT,false,true
16582,POWERCORT-S LOTION,POWERCORT-S LOTION 30ML (CLOBETASOL+SALICYLIC ACID) (GLENMARK),CLOBETASOL+SALICYLIC ACID,30ML,lotion,df-6941042110,GLENMARK,false,true
16583,POWERCORT S,POWERCORT S 3% OINT 30GM (GLENMARK),CLOBETASOL+SALICYLIC ACID,3%,ointment,df-3972100204,GLENMARK,false,true
16622,ACIVIR,ACIVIR CREAM 10GM (ACYCLOVIR) (CIPLA),ACICLOVIR,10GM,cream,df-3472438845,CIPLA,false,true
6720,RAMISAVE,RAMISAVE 10MG TAB (RAMIPRIL) (ERIS),RAMIPRIL 10MG,10MG,tablet,df-2929601942,ERIS,false,true
380,RAMISTAR,RAMISTAR 10MG TAB (RAMIPRIL) (LUPIN),RAMIPRIL 10MG,10MG,tablet,df-2929601942,LUPIN,false,true
278,CARDACE,CARDACE 10MG TAB (RAMIPRIL) (SANOFI) {*},RAMIPRIL 10MG,10MG,tablet,df-2929601942,SANOFI,false,true
6813,LIPOCUT,LIPOCUT 60MG CAP (ORLISTAT) (LUPIN),ORLISTAT,60MG,capsule,df-9555626637,LUPIN,false,true
15050,OBESET,OBESET 120MG CAP (ORLISTAT) (WONSET),ORLISTAT,120MG,capsule,df-9555626637,WONSET,false,true
14173,ANAFORTAN,ANAFORTAN TAB (CAMYLOFIN DIHYDOCHLORIDE+PARACETAMOL) (ABBOTT),CAMYLOFIN DIHYDROCHLORIDE+PARACETAMOL,,tablet,df-2929601942,ABBOTT,false,true
15709,METRIDE,METRIDE 2MG TAB (METFORMIN HCL+GLIMEPIRIDE) (TORRENT),METFORMIN+GLIMEPRIDE+PIOGLITAZONE,2MG,tablet,df-2929601942,TORRENT,false,true
15710,METRIDE,METRIDE 1MG TAB (METFORMIN HCL+GLIMEPIRIDE) (TORRENT),METFORMIN+GLIMEPRIDE+PIOGLITAZONE,1MG,tablet,df-2929601942,TORRENT,false,true
6557,QUADROVAX VACCINE,QUADROVAX VACCINE (SERUM),DIPHTHERIA/PERTUSSIS/TETANUS VACCINE,,vaccine,df-5880427153,SERUM,false,true
6632,EUREPA,EUREPA 0.5MG TAB (REPAGLINIDE) (TORRENT),REPAGLINIDE 0.5MG,0.5MG,tablet,df-2929601942,TORRENT,false,true
9516,UNICRISTIN,UNICRISTIN (VINCRISTIN) 1MG 1ML INJ (UNITED BIOTECH),VINCRISTIN 1MG,,injection,df-7435419319,UNITED BIOTECH,false,true
6511,ZERODOL MR,ZERODOL MR TAB (ACECLOFENAC+TIZANIDINE) (IPCA),"ACECLOFENAC,PARACETAMOL,RABEPRAZOLE",,tablet,df-2929601942,IPCA,false,true
3969,DOLOWIN PLUS,DOLOWIN PLUS TAB (ACECLOFENAC+PARACETAMOL) (MICRO),"ACECLOFENAC,PARACETAMOL,RABEPRAZOLE",,tablet,df-2929601942,MICRO,false,true
3343,ACE PROXYVON,ACE PROXYVON TABLET (ACECLOFENAC+PARACETAMOL) (DR REDDY),"ACECLOFENAC,PARACETAMOL,RABEPRAZOLE",,tablet,df-2929601942,DR REDDY,false,true
4882,CABGOLIN,CABGOLIN 0.25MG TAB (CABERGOLINE) (SUN),CABERGOLINE,0.25MG,tablet,df-2929601942,SUN,false,true
5021,CABGOLIN,CABGOLIN 0.5MG TAB (CEBERGOLINE) (SUN),CABERGOLINE,0.5MG,tablet,df-2929601942,SUN,false,true
2013,VORITEK,VORITEK (VORICONAZOLE) 200MG INJ (CIPLA),VORICONAZOLE 200MG,,injection,df-7435419319,CIPLA,false,true
17407,VOSICAZ,VOSICAZ (VORICONAZOLE) 200MG INJ (GLENMARK),VORICONAZOLE 200MG,,injection,df-7435419319,GLENMARK,false,true
17409,METOSARTAN CH,METOSARTAN CH 25MG TAB (METOPROLOL+TELMISARTAN+CHLORTHALIDONE) (SUN),METOPROLOL+TELMISARTAN,25MG,tablet,df-2929601942,SUN,false,true
17410,METOSARTAN CH,METOSARTAN CH 50MG TAB (METOPROLOL+TELMISARTAN+CHLORTHALIDONE) (SUN),METOPROLOL+TELMISARTAN,50MG,tablet,df-2929601942,SUN,false,true
15953,MACSART BETA,MACSART BETA 50MG TAB (METOPROLOL+TELMISARTAN) (MACLEODS),METOPROLOL+TELMISARTAN,50MG,tablet,df-2929601942,MACLEODS,false,true
1499,METOSARTAN,METOSARTAN 25MG TAB (METOPROLOL+TELMISARTAN) (SUN),METOPROLOL+TELMISARTAN,25MG,tablet,df-2929601942,SUN,false,true
1146,METOSARTAN,METOSARTAN 50MG TAB (METOPROLOL+TELMISARTAN) (SUN),METOPROLOL+TELMISARTAN,50MG,tablet,df-2929601942,SUN,false,true
6444,EMBETA TM,EMBETA TM 50MG TAB (METOPROLOL+TELMISARTAN) (INTAS),METOPROLOL+TELMISARTAN,50MG,tablet,df-2929601942,INTAS,false,true
11108,METPURE TEL,METPURE TEL 40MG TAB (S-METOPROLOL+TELMISARTAN) (EMCURE),METOPROLOL+TELMISARTAN,40MG,tablet,df-2929601942,EMCURE,false,true
5099,DIAMOX,DIAMOX 250MG TAB (ACETAZOLAMIDE) (SUN),ACETAZOLAMIDE 250MG,250MG,tablet,df-2929601942,SUN,false,true
675,DIXIN,DIXIN ( DIGOXIN ) 0.5MG 2ML INJ ( SAMARTH ),DIGOXIN 2ML,,injection,df-7435419319,SAMARTH,false,true
650,DUOLIN INHALER,DUOLIN INHALER (LEVOSALBUTAMOL+IPRATROPIUM) (CIPLA),IPRATROPIUM BROMIDE+LEVOSALBUTAMOL,,inhaler,df-6760636010,CIPLA,false,true
272,ALDACTONE,ALDACTONE 50MG TAB (SPIRONOLACTONE) (RPG) {*},SPIRONOLACTONE 50MG,50MG,tablet,df-2929601942,RPG,false,true
321,AB PHYLLINE,AB PHYLLINE TAB (ACEBROPHYLLINE) (SUN PHARMA),ACEBROPHYLLINE 100MG,,tablet,df-2929601942,SUN,false,true
11273,BROPHYLE,BROPHYLE 100MG CAP (ACEBROPHYLLINE) (ZUVENTUS),ACEBROPHYLLINE 100MG,100MG,capsule,df-9555626637,ZUVENTUS,false,true
16027,ABFLO N,ABFLO N TAB (ACEBROPHYLLINE+N-ACETYLCYSTEINE) (LUPIN),ACEBROPHYLLINE 100MG,,tablet,df-2929601942,LUPIN,false,true
13266,AB PHYLLINE N,AB PHYLLINE N TAB (ACEBROPHYLLINE+ACETYLCYSTEINE) (SUN),ACEBROPHYLLINE 100MG,,tablet,df-2929601942,SUN,false,true
2918,S-NUMLO,S-NUMLO 5MG TAB (S AMLODIPINE) (EMCURE),S-AMLODIPIN 5MG,5MG,tablet,df-2929601942,EMCURE,false,true
6743,DEPSOL,DEPSOL 75MG TAB (IMIPRAMINE HCL) (INTAS),IMIPRAMINE 75MG,75MG,tablet,df-2929601942,INTAS,false,true
7580,ASKLEROL,ASKLEROL (POLIDOCANOL) 2ML INJ (SAMARTH),POLIDOCANAL,,injection,df-7435419319,SAMARTH,false,true
1497,FENOLIP,FENOLIP 145MG TAB (FENOFIBRATE) (CIPLA),FINOFIBRATE 145MG,145MG,tablet,df-2929601942,CIPLA,false,true
484,VITAMIN K,VITAMIN K 1ML INJ (RATHI LAB),VITAMINE K,1ML,injection,df-7435419319,RATHI LAB,false,true
6561,EBAST,EBAST 20MG TAB (EBASTINE) (MICRO),EBASTATINE 20MG,20MG,tablet,df-2929601942,MICRO,false,true
6061,EBAST,EBAST 10MG TAB (EBASTINE) (MICRO),EBASTATINE 20MG,10MG,tablet,df-2929601942,MICRO,false,true
10484,ACOGUT,ACOGUT 100MG TAB (ACOTIAMIDE) (LUPIN),ACTOMIDE,100MG,tablet,df-2929601942,LUPIN,false,true
10300,ACTAPRO,ACTAPRO 100MG TAB (ACOTIAMIDE) (SUN),ACTOMIDE,100MG,tablet,df-2929601942,SUN,false,true
12856,TOCAMIDE,TOCAMIDE 100MG TAB (ACOTIAMIDE) (ALEMBIC),ACTOMIDE,100MG,tablet,df-2929601942,ALEMBIC,false,true
13993,AMC,AMC 500MG TAB (AZITHROMYCIN) (LA MED),AZITHROMYCIN 500MG,500MG,tablet,df-2929601942,LA MED,false,true
14480,AZITEC,AZITEC (AZITHROMYCIN) 500MG INJ (UNITED BIOTECH),AZITHROMYCIN 500MG,,injection,df-7435419319,UNITED BIOTECH,false,true
16771,AZIMAX,AZIMAX 500MG TAB (AZITHROMYCIN) (CIPLA),AZITHROMYCIN 500MG,500MG,tablet,df-2929601942,CIPLA,false,true
6637,AZITHRAL,AZITHRAL 500MG TAB (AZITHROMYCIN) (ALEMBIC),AZITHROMYCIN 500MG,500MG,tablet,df-2929601942,ALEMBIC,false,true
348,AZEE,AZEE (AZITHROMYCIN) 500MG TAB (CIPLA) {#},AZITHROMYCIN 500MG,,tablet,df-2929601942,CIPLA,false,true
871,AZEE,AZEE (AZITHROMYCIN) 500MG INJ (CIPLA)   {#},AZITHROMYCIN 500MG,,injection,df-7435419319,CIPLA,false,true
1170,ANEKET,ANEKET (KETAMINE) 10ML INJ (NEON),MILRINONE 10MG,,injection,df-7435419319,NEON,false,true
1171,MILRINEON,MILRINEON (MILRINONE) 10ML INJ (NEON),MILRINONE 10MG,,injection,df-7435419319,NEON,false,true
5537,MILRON,MILRON (MILRINONE) 10ML INJ (UNITED BIOTECH),MILRINONE 10MG,,injection,df-7435419319,UNITED BIOTECH,false,true
1432,DEPO MEDROL,DEPO MEDROL (METHYLPREDNISOLONE) 40MG 2ML INJ (PFIZER),METHYL PREDNISOLONE 40MG,,injection,df-7435419319,PFIZER,false,true
16469,PREMAXO,PREMAXO (METHYLPREDNISOLONE) 80MG 2ML INJ (NEON),METHYL PREDNISOLONE 40MG,,injection,df-7435419319,NEON,false,true
15787,DEPOPRED,DEPOPRED (METHYLPREDNISOLONE) 40MG INJ (SUN),METHYL PREDNISOLONE 40MG,,injection,df-7435419319,SUN,false,true
968,MONOTRATE,MONOTRATE 10MG TAB (ISOSORBIDE MONONITRATE) (SUN),ISOSORBIDE 5-MONO-NITRATE 10MG,10MG,tablet,df-2929601942,SUN,false,true
362,IMDUR,IMDUR 30MG TAB (ISOSORBIDE-5-MONONITRATE) (ASTRA ZENECA),ISOSORBIDE 5-MONO-NITRATE 10MG,30MG,tablet,df-2929601942,ASTRA ZENECA,false,true
1138,FEBUGET,FEBUGET 80MG TAB (FEBUXOSTAT) (SUN),FEBUXOSTAT 80MG,80MG,tablet,df-2929601942,SUN,false,true
8322,FEBURIC,FEBURIC 80MG TAB (FEBUXOSTAT) (AJANTA),FEBUXOSTAT 80MG,80MG,tablet,df-2929601942,AJANTA,false,true
3137,RASALECT,RASALECT 0.5MG TAB (RASAGILINE) (SUN),RASAGILINE 0.5MG,0.5MG,tablet,df-2929601942,SUN,false,true
865,SOFRAMYCIN SKIN,SOFRAMYCIN SKIN CREAM 30GM (FRAMYCETIN SULPHATE) (SANOFI),FRAMYCETIN SULPHATE,30GM,cream,df-3472438845,SANOFI,false,true
2969,PRADAXA,PRADAXA 110MG CAP (DABIGATRAN) (BOEHRINGER),DABIGATRAN,110MG,capsule,df-9555626637,BOEHRINGER,false,true
2581,PRADAXA,PRADAXA 150MG CAP (DABIGATRAN) (BOEHRINGER),DABIGATRAN,150MG,capsule,df-9555626637,BOEHRINGER,false,true
13458,AFOGATRAN,AFOGATRAN 75MG CAP (DABIGATRAN) (TORRENT),DABIGATRAN,75MG,capsule,df-9555626637,TORRENT,false,true
12979,AFOGATRAN,AFOGATRAN 110MG CAP (DABIGATRAN ETEXILATE MEDILATE) (TORRENT),DABIGATRAN,110MG,capsule,df-9555626637,TORRENT,false,true
13110,DABIGO,DABIGO 110MG CAPSULE (DABIGATRAN) (SUN),DABIGATRAN,110MG,capsule,df-9555626637,SUN,false,true
13017,AFOGATRAN,AFOGATRAN 150MG CAP (DABIGATRAN) (TORRENT),DABIGATRAN,150MG,capsule,df-9555626637,TORRENT,false,true
12692,DABIGAT,DABIGAT 110MG CAP (DABIGATRAN) (NATCO),DABIGATRAN,110MG,capsule,df-9555626637,LA RENON,false,true
6682,SUPROX SR,SUPROX SR TAB (ISOXSUPRINE) (IND SWIFT),ISOXSUPRINE HCL 40MG,,tablet,df-2929601942,IND SWIFT LIMITED,false,true
9152,IDROMET,IDROMET (IBANDRONATE) 6MG INJ (AUREATE),IBANDRONATE,,injection,df-7435419319,AUREATE,false,true
10572,IDROFOS,IDROFOS (IBANDRONATE) 150MG INJ (SUN),IBANDRONATE,,injection,df-7435419319,SUN,false,true
5406,CERVARIX,CERVARIX (PAPILLOMAVIRUS) VACCINE (GSK),PAPILLOMA VIRUS VACCINE,,vaccine,df-5880427153,GSK,false,true
3646,FOLVITE MB,FOLVITE MB CAP (FOLIC ACID+METHYLCOBALAMIN+PYRIDOXINE HCL) (PFIZER),FOLIC ACID + METHYLCOBALAMIN,,capsule,df-9555626637,PFIZER,false,true
273,ALDACTONE,ALDACTONE 25MG TAB (SPIRONOLACTONE) (RPG) {*},SPIRONOLACTONE 25MG,25MG,tablet,df-2929601942,RPG,false,true
7569,TORIZA RA,TORIZA RA (RITUXIMAB) 500MG INJ (TORRENT),RITUXIMAB 500MG,,injection,df-7435419319,TORRENT,false,true
12292,RITUXIREL-RN,RITUXIREL-RN (RITUXIMAB) 500MG INJ (RELIANCE),RITUXIMAB 500MG,,injection,df-7435419319,RELIANCE,false,true
9649,CYTOMAB,CYTOMAB (RITUXIMAB) 100MG 10ML INJ (CYTOMED),RITUXIMAB 500MG,,injection,df-7435419319,CYTOMED,false,true
9650,CYTOMAB,CYTOMAB (RITUXIMAB) 500MG 10ML INJ (CYTOMED),RITUXIMAB 500MG,,injection,df-7435419319,CYTOMED,false,true
10153,REDITUX,REDITUX (RITUXIMAB) 500MG INJ (DR REDDY),RITUXIMAB 500MG,,injection,df-7435419319,DR REDDY,false,true
13503,MABTAS RA,MABTAS RA (RITUXIMAB) 500MG INJ (INTAS),RITUXIMAB 500MG,,injection,df-7435419319,INTAS,false,true
13696,REDITUX RA,REDITUX RA (RITUXIMAB) 500MG INJ (DR REDDY),RITUXIMAB 500MG,,injection,df-7435419319,DR REDDY,false,true
16156,RISTOVA,RISTOVA (RITUXIMAB) 500MG INJ (ROCHE),RITUXIMAB 500MG,,injection,df-7435419319,ROCHE,false,true
16536,MABTAS N,MABTAS N (RITUXIMAB) 500MG INJ (INTAS),RITUXIMAB 500MG,,injection,df-7435419319,INTAS,false,true
17395,TORITZ,TORITZ (RITUXIMAB) 500MG INJ (TORRENT),RITUXIMAB 500MG,,injection,df-7435419319,TORRENT,false,true
708,AMITAX,AMITAX (AMIKACIN) 500MG 2ML INJ (ALKEM),AMIKACIN 500MG,,injection,df-7435419319,ALKEM,false,true
1233,OMNIKACIN,OMNIKACIN (AMIKACIN) 500MG INJ (CIPLA),AMIKACIN 500MG,,injection,df-7435419319,CIPLA,false,true
12507,CAPNEA,CAPNEA (CAFFINE) 20MG/1ML INJ (CIPLA),CAFFEINE 20MG,,injection,df-7435419319,CIPLA,false,true
12508,CAPNEA,CAPNEA (CAFFINE) 20MG/1ML 2ML INJ (CIPLA),CAFFEINE 20MG,,injection,df-7435419319,CIPLA,false,true
13948,GABAPAX,GABAPAX OINT 30GM (GABAPENTIN) (ALTEUS),GABAPENTIN 100MG,30GM,ointment,df-3972100204,ALTEUS,false,true
15190,LAREGAB,LAREGAB 100MG CAP (GABAPENTIN) (LA RENON),GABAPENTIN 100MG,100MG,capsule,df-9555626637,IPCA,false,true
2378,GABANTIN,GABANTIN 100MG CAP (GABAPENTIN) (SUN),GABAPENTIN 100MG,100MG,capsule,df-9555626637,SUN,false,true
3344,ROZAVEL,ROZAVEL 5MG TAB (ROSUVASTATIN) (SUN),ROSUVASTATIN 5MG,5MG,tablet,df-2929601942,SUN,false,true
7862,ROSEDAY,ROSEDAY 5MG TAB (ROSUVASTATIN) (USV),ROSUVASTATIN 5MG,5MG,tablet,df-2929601942,USV,false,true
13194,PBREN,PBREN 50MG CAP (PREGABALIN) (LA RENON),pregabalin 50,50MG,capsule,df-9555626637,LA RENON,false,true
16201,PREGABID,PREGABID 50MG CAP (PREGABALIN) (INTAS),pregabalin 50,50MG,capsule,df-9555626637,INTAS,false,true
6855,CARDIVAS,CARDIVAS 25MG TAB (CARVEDILOL) (SUN),CARVEDILOL,25MG,tablet,df-2929601942,SUN,false,true
1150,CARDIVAS CR,CARDIVAS CR 10MG TAB (CARVEDILOL) (SUN),CARVEDILOL,10MG,tablet,df-2929601942,SUN,false,true
1152,CARDIVAS CR,CARDIVAS CR 20MG TAB (CARVEDILOL) (SUN),CARVEDILOL,20MG,tablet,df-2929601942,SUN,false,true
2004,LIBOTRYP DS,LIBOTRYP DS TAB (AMITRIPTYLINE HCL+CHLORDIAZEPOXIDE) (DR REDDY),AMITRIPTYLINE+CHLORDIAZEPOXIDE,,tablet,df-2929601942,DR REDDY,false,true
7060,LIBOTRYP,LIBOTRYP TABLET (AMITRIPTYLINE+CHLORDIAZEPOXIDE) (DR REDDY),AMITRIPTYLINE+CHLORDIAZEPOXIDE,,tablet,df-2929601942,DR REDDY,false,true
1493,CETZINE,CETZINE 10MG TAB (CETIRZINE) DR REDDY,CETIRIZINE 10MG,10MG,tablet,df-2929601942,DR REDDY,false,true
3329,KABIVEC,KABIVEC (VECURONIUM BROMIDE) 10ML INJ (FRESENIUS KABI),VECURONIUM BROMIDE 10MG,,injection,df-7435419319,FRESENIUS,false,true
5770,MASTER CLAVE FORTE,MASTER CLAVE FORTE SYP (AKUMENTIS),AMOXYCILLIN+CLAVULANIC ACID,,syrup,df-4608470948,AKUMENTIS,false,true
4748,AUGMENTIN DDS,AUGMENTIN DDS 30ML SYP (GSK),AMOXYCILLIN+CLAVULANIC ACID,30ML,syrup,df-4608470948,GSK,false,true
9747,CLAVAM,CLAVAM (AMOXYCILLIN 1GM+POTASSIUM CLAVULANATE 200MG) 1.2GM INJ (ALKEM),AMOXYCILLIN+CLAVULANIC ACID,,injection,df-7435419319,ALKEM,false,true
5773,LN BLOC,LN BLOC 10MG TAB (CILNIDIPINE) (ERIS),CILNIDIPINE 10MG,10MG,tablet,df-2929601942,ERIS,false,true
3297,CINOD,CINOD 10MG TAB (CILNIDIPINE) (AJANTA),CILNIDIPINE 10MG,10MG,tablet,df-2929601942,AJANTA,false,true
310,CILACAR,CILACAR 10MG TAB (CILNIDIPINE) (J.B.CHEMICALS),CILNIDIPINE 10MG,10MG,tablet,df-2929601942,JB CHEMICALS,false,true
17461,CINATAB,CINATAB 10MG TAB (CLINIDIPINE) (ALNICHE),CILNIDIPINE 10MG,10MG,tablet,df-2929601942,ALNICHE,false,true
13821,NULONG,NULONG 10MG TAB (CILNIDIPINE) (MICRO),CILNIDIPINE 10MG,10MG,tablet,df-2929601942,MICRO,false,true
15323,TORCILIN,TORCILIN 10MG TAB (CILNIDIPINE) (TORRENT),CILNIDIPINE 10MG,10MG,tablet,df-2929601942,TORRENT,false,true
6127,RESTYL,RESTYL 0.5MG TAB (ALPRAZOLAM) (CIPLA),ALPRAZOLM 0.5MG,0.5MG,tablet,df-2929601942,CIPLA,false,true
4749,TIGIMAX,TIGIMAX (TIGECYCLINE) 50MG INJ (ABBOTT),TIGECYCLINE 50MG,,injection,df-7435419319,ABBOTT,false,true
9937,TGKEM,TGKEM (TIGECYCLINE) 50MG INJ (ALKEM),TIGECYCLINE 50MG,,injection,df-7435419319,ALKEM,false,true
2042,TIGEBAX,TIGEBAX (TIGECYCLINE) 50MG INJ (GLENMARK),TIGECYCLINE 50MG,,injection,df-7435419319,GLENMARK,false,true
15406,TYGACIL,TYGACIL (TIGECYCLINE) 50MG INJ (PFIZER),TIGECYCLINE 50MG,,injection,df-7435419319,PFIZER,false,true
12755,TIGANEX,TIGANEX (TIGECYCLINE) 50MG INJ (CIPLA),TIGECYCLINE 50MG,,injection,df-7435419319,CIPLA,false,true
322,AB PHYLLINE SR,AB PHYLLINE SR 200MG TAB (ACEBROPHYLLINE) (SUN PHARMA),ACEBROPHYLLINE 200MG,200MG,tablet,df-2929601942,SUN,false,true
1908,WARF,WARF 3MG TAB (WARFARIN) (CIPLA),WARFARIN SODIUM 3MG,3MG,tablet,df-2929601942,CIPLA,false,true
3993,TRIVOLIB,TRIVOLIB 2MG TAB (GLIMEPIRIDE+VOGLIBOSE+METFORMIN HCL) (SUN),"GLIMEPIRIDE, VOGLIBOSE",2MG,tablet,df-2929601942,SUN,false,true
15601,AZULIX MV1/,AZULIX MV1/0.3MG TAB (METFORMIN HCL+GLIMEPIRIDE+VOGLIBOSE) (TORRENT),"GLIMEPIRIDE, VOGLIBOSE",0.3MG,tablet,df-2929601942,TORRENT,false,true
15602,AZULIX MV,AZULIX MV 2/0.3MG TAB (METFORMIN HCL+GLIMEPIRIDE+VOGLIBOSE) (TORRENT),"GLIMEPIRIDE, VOGLIBOSE",2/0.3MG,tablet,df-2929601942,TORRENT,false,true
9218,ZYDIP-C LOTION,ZYDIP-C LOTION (BECLOMETHASONE+CLOTRIMAZOLE) (KLM),Clotrimazole 1 %+Beclometasone 0.025 %,,lotion,df-6941042110,KLM,false,true
8632,URIBID,URIBID 100MG TAB (NITROFURANTOIN) (INTAS),NITROFURANTOIN 100MG,100MG,tablet,df-2929601942,INTAS,false,true
942,MARTIFUR,MARTIFUR 100MG TAB (NITROFURANTOIN) (WALTER BUSHNELL)  {*},NITROFURANTOIN 100MG,100MG,tablet,df-2929601942,WALTER BUSHNELL,false,true
16382,NITROBEST,NITROBEST 100MG TAB (NITROFURANTOIN) (LUPIN),NITROFURANTOIN 100MG,100MG,tablet,df-2929601942,LUPIN,false,true
3147,TOPAZ,TOPAZ 50MG TAB (TOPIRAMATE) (INTAS),TOPIRAMATE 50MG,50MG,tablet,df-2929601942,INTAS,false,true
2879,TOPIROL,TOPIROL 50MG TAB (TOPIRAMATE) (SUN),TOPIRAMATE 50MG,50MG,tablet,df-2929601942,SUN,false,true
11434,JANUVIA,JANUVIA 100MG TAB (SITAGLIPTIN) (MSD),SITAGLIPTIN 100MG,100MG,tablet,df-2929601942,MSD,false,true
12146,100 ML (CLARIS),100 ML (CLARIS),SODIUM CHLORIDE 0.9% 100ML,100 ML,infusion,df-374189216,CLARIS,false,true
9329,NS  GLASS,NS 0.9% GLASS 100ML (K K LAB),SODIUM CHLORIDE 0.9% 100ML,0.9%,infusion,df-374189216,K K LAB,false,true
149,NS EUROFLEX,NS EUROFLEX 100ML (SODIUM CHLORIDE 0.9%) (ACULIFE),SODIUM CHLORIDE 0.9% 100ML,100ML,infusion,df-374189216,ACULIFE,false,true
172,NS EASYPORT PLASTIC,NS EASYPORT PLASTIC 100ML (SKKL),SODIUM CHLORIDE 0.9% 100ML,100ML,infusion,df-374189216,SKKL,false,true
16329,NS  W/V GLASS,NS 0.9% W/V GLASS 100ML (VISION),SODIUM CHLORIDE 0.9% 100ML,0.9%,infusion,df-374189216,VISION,false,true
12772,NS,NS (SODIUM CHLORIDE 0.9%) PLASTIC 100ML (REALCAD),SODIUM CHLORIDE 0.9% 100ML,,infusion,df-374189216,REALCAD,false,true
927,ENCORATE,ENCORATE (SODIUM VALPROATE) 100MG INJ (SUN),SODIUM VALPROATE 100MG,,injection,df-7435419319,SUN,false,true
5216,VALPROL,VALPROL (SODIUM VALPROATE) 100MG 5ML INJ (INTAS)   {#},SODIUM VALPROATE 100MG,,injection,df-7435419319,INTAS,false,true
12262,KOLIBITOR,KOLIBITOR (CO-TRIMOXAZOLE) 5ML INJ (FUSION),SULPHAMETHOXAZOLE+TRIMETHOPRIM,,injection,df-7435419319,FUSION,false,true
16461,KOLIBITOR,KOLIBITOR (CO-TRIMOXAZOLE) 10ML INJ (FUSION),SULPHAMETHOXAZOLE+TRIMETHOPRIM,,injection,df-7435419319,FUSION,false,true
6692,LEON,LEON 750MG TAB (LEVOFLOXACIN) (DR. REDDY),LEVOFLOXACIN 750MG,750MG,tablet,df-2929601942,DR REDDY,false,true
298,LEVOFLOX,LEVOFLOX 750MG TAB (LEVOFLOXACIN) (CIPLA)   {#},LEVOFLOXACIN 750MG,750MG,tablet,df-2929601942,CIPLA,false,true
662,DILZEM CD,DILZEM CD 180MG CAP (DILTIAZEM HCL) (TORRENT),DILTIAZEM 180MG,180MG,capsule,df-9555626637,TORRENT,false,true
2992,SORBILINE,SORBILINE 200ML SYP (FRANCO),TRICHOLINE CITRATE + SORBITOL,200ML,syrup,df-4608470948,FRANCO,false,true
2967,STALOPAM PLUS,STALOPAM PLUS TAB (ESCITALOPRAM+CLONAZEPAM) (LUPIN),ESCITALOPRAM+ CLONAZEPAM,,tablet,df-2929601942,LUPIN,false,true
3291,CLONOTRIL PLUS,CLONOTRIL PLUS TAB (ESCITALOPRAM+CLONAZEPAM) (TORRENT),ESCITALOPRAM+ CLONAZEPAM,,tablet,df-2929601942,TORRENT,false,true
3231,NEXITO PLUS,NEXITO PLUS TAB (ESCITALOPRAM+CLONAZEPAM) (SUN),ESCITALOPRAM+ CLONAZEPAM,,tablet,df-2929601942,SUN,false,true
739,SZETALO PLUS,SZETALO PLUS TAB (ESCITALOPRAM+CLONAZEPAM) (ABBOTT),ESCITALOPRAM+ CLONAZEPAM,,tablet,df-2929601942,ABBOTT,false,true
6446,FELIZ S PLUS,FELIZ S PLUS TAB (ESCITALOPRAM+CLONAZEPAM) (TORRENT),ESCITALOPRAM+ CLONAZEPAM,,tablet,df-2929601942,TORRENT,false,true
5307,NEXITO FORTE,NEXITO FORTE TAB (ESCITALOPRAM+CLONAZEPAM) (SUN),ESCITALOPRAM+ CLONAZEPAM,,tablet,df-2929601942,SUN,false,true
5572,EZEEPAM PLUS,EZEEPAM PLUS 10MG TAB (ESCITALOPRAM+CLONAZEPAM) (ERIS),ESCITALOPRAM+ CLONAZEPAM,10MG,tablet,df-2929601942,ERIS,false,true
11875,DEPRAN-L,DEPRAN-L TAB (ESCITALOPRAM+CLONAZEPAM) (INTAS),ESCITALOPRAM+ CLONAZEPAM,,tablet,df-2929601942,INTAS,false,true
11983,ESIPRAM PLUS,ESIPRAM PLUS TABLET (ESCITALOPRAM+CLONAZEPAM) (DIOS),ESCITALOPRAM+ CLONAZEPAM,,tablet,df-2929601942,DIOS LIFESCIENCES,false,true
9407,JUSTIFY PLUS,JUSTIFY PLUS TAB (ESCITALOPRAM+CLONAZEPAM) (FIDUS),ESCITALOPRAM+ CLONAZEPAM,,tablet,df-2929601942,FIDUS,false,true
16316,CILENTRA PLUS,CILENTRA PLUS TAB (ESCITALOPRAM+CLONAZEPAM) (ERIS),ESCITALOPRAM+ CLONAZEPAM,,tablet,df-2929601942,ERIS,false,true
16079,FELIZ S LITE,FELIZ S LITE TAB (ESCITALOPRAM+CLONAZEPAM) (TORRENT),ESCITALOPRAM+ CLONAZEPAM,,tablet,df-2929601942,TORRENT,false,true
2588,ANOVATE,ANOVATE CREAM 20GM (PHENYLEPHRINE+BECLOMETASONE+LIDOCAINE) (USV),ANTI HAEMORRHOIDAL+BECLOMETHASONE,20GM,cream,df-3472438845,USV,false,true
1502,INDOCAP,INDOCAP 25MG CAP (INDOMETHACIN) (JAGSONPAL),INDOMETHACIN 25MG,25MG,capsule,df-9555626637,JAGSONPAL,false,true
3612,MAGENTA,MAGENTA (GENTAMYCIN) 2ML INJ (WOCKHARDT),GENTAMICIN 80MG,,injection,df-7435419319,WOCKHARDT,false,true
740,GENTICYN,GENTICYN (GENTAMICIN) 80MG 2ML INJ (ABBOTT),GENTAMICIN 80MG,,injection,df-7435419319,ABBOTT,false,true
7318,BIOGARACIN,BIOGARACIN (GENTAMICIN) 80MG INJ (BIOCHEM),GENTAMICIN 80MG,,injection,df-7435419319,BIOCHEM,false,true
13690,GENTALAB,GENTALAB (GENTAMICIN) 80MG INJ (LABORATE),GENTAMICIN 80MG,,injection,df-7435419319,LABORATE,false,true
17352,ZYGENTA PLUS,ZYGENTA PLUS (GENTAMICIN) 80MG 2ML INJ (ZYDUS CADILA),GENTAMICIN 80MG,,injection,df-7435419319,ZYDUS CADILA,false,true
5562,NEXPRO,NEXPRO 40 MG TAB (ESOMEPRAZOLE) (TORRENT),ESOMEPERAZOLE 40MG,40 MG,tablet,df-2929601942,TORRENT,false,true
9336,ESOZ D,ESOZ D 40MG CAP (ESOMEPRAZOLE+DOMPERIDONE) (INTEGRACE),ESOMEPERAZOLE 40MG,40MG,capsule,df-9555626637,INTEGRACE,false,true
10965,ESOZ,ESOZ 40MG TAB (ESOMEPRAZOLE) (INTEGRACE),ESOMEPERAZOLE 40MG,40MG,tablet,df-2929601942,INTEGRACE,false,true
1470,NEKSIUM,NEKSIUM (ESOMEPRAZOLE) 40MG INJ (ASTRA ZENECA),ESOMEPERAZOLE 40MG,,injection,df-7435419319,ASTRA ZENECA,false,true
1434,NEKSIUM,NEKSIUM 20MG TAB (ESOMEPRAZOLE) (PFIZER),ESOMEPERAZOLE 40MG,20MG,tablet,df-2929601942,PFIZER,false,true
1435,NEKSIUM,NEKSIUM 40MG TAB (ESOMEPRAZOLE) (PFIZER),ESOMEPERAZOLE 40MG,40MG,tablet,df-2929601942,PFIZER,false,true
2095,SOMPRAZ,SOMPRAZ 40 MG TAB (ESOMEPRAZOLE) (SUN),ESOMEPERAZOLE 40MG,40 MG,tablet,df-2929601942,SUN,false,true
3603,NEXPRO L,NEXPRO L CAP (ESOMEPRAZOLE+LEVOSULPIRIDE) (TORRENT),ESOMPRAZOLE AND LEVOSULPRIDE,,capsule,df-9555626637,TORRENT,false,true
7883,ESOGRESS L,ESOGRESS L CAP (ESOMEPRAZOLE+LEVOSULPIRIDE) (LA RENON),ESOMPRAZOLE AND LEVOSULPRIDE,,capsule,df-9555626637,LA RENON,false,true
6093,SOMPRAZ L,SOMPRAZ L CAP (ESOMEPRAZOLE+LEVOSULPIRIDE) (SUN),ESOMPRAZOLE AND LEVOSULPRIDE,,capsule,df-9555626637,SUN,false,true
1558,CLEXANE,CLEXANE (ENOXAPARIN SODIUM) 80MG 0.8ML INJ (SANOFI),ENOXAPARIN 80MG,,injection,df-7435419319,SANOFI,false,true
10975,TRAVATAN EYE,TRAVATAN EYE DROP (TRAVOPROST) (ALCON),TRAVAPROST,,drop,df-2859918947,ALCON,false,true
11671,RENOPRESS XL,RENOPRESS XL 5MG TAB (PRAZOSIN HCL) (LA RENON),PRAZOSIN 5MG,5MG,tablet,df-2929601942,LA RENON,false,true
8955,PRAZOPRESS XL,PRAZOPRESS XL 5MG TAB (PRAZOSIN HCL) (SUN),PRAZOSIN 5MG,5MG,tablet,df-2929601942,SUN,false,true
270,MINIPRESS XL,MINIPRESS XL 5MG TAB (PRAZOSIN HCL) (PFIZER),PRAZOSIN 5MG,5MG,tablet,df-2929601942,PFIZER,false,true
13234,PRAZOPRESS XL,PRAZOPRESS XL 2.5MG TAB (PRAZOSIN HCL) (SUN),PRAZOSIN 5MG,2.5MG,tablet,df-2929601942,SUN,false,true
755,ALPRAX,ALPRAX 0.25MG TAB (ALPRAZOLAM) (TORRENT),ALPRAZOLAM 0.25MG,0.25MG,tablet,df-2929601942,TORRENT,false,true
973,ANXIT,ANXIT 0.25MG TAB (ALPRAZOLAM) (MICRO),ALPRAZOLAM 0.25MG,0.25MG,tablet,df-2929601942,MICRO,false,true
1275,OLEANZ,OLEANZ 5MG TAB (OLANZAPINE) (SUN),OLANZAPINE 5MG,5MG,tablet,df-2929601942,SUN,false,true
2386,TRIOLMEZEST,TRIOLMEZEST 40MG TAB (OLMESARTAN+AMLODIPINE+HYDROCHLOROTHIAZIDE) (SUN),AMLODIPIN+HYDROCHLORTHIAZIDE,40MG,tablet,df-2929601942,SUN,false,true
6840,AMLOVAS H,AMLOVAS H TAB (AMLODIPINE+HYDROCHLOROTHIAZIDE) (MACLEODS),AMLODIPIN+HYDROCHLORTHIAZIDE,,tablet,df-2929601942,MACLEODS,false,true
3606,DIAMICRON XR MEX,DIAMICRON XR MEX 60/500MG TAB (GLICLAZIDE+METFORMIN HCL) (SERDIA),GLICLAZIDE+METFORMIN,60/500MG,tablet,df-2929601942,SERDIA,false,true
16718,RECLIMET,RECLIMET TABLET (GLICLAZIDE+METFORMIN HCL) (DR.REDDY),GLICLAZIDE+METFORMIN,,tablet,df-2929601942,DR REDDY,false,true
7535,PETRIL BETA,PETRIL BETA-20MG TAB (CLONAZEPAM+PROPRANOLOL) (MICRO),CLONAZEPAM+PROPERANOLOL,20MG,tablet,df-2929601942,MICRO,false,true
16520,ZAVICEFTA,ZAVICEFTA (CEFTAZIDIME+AVIBACTAM) INJ (PFIZER),CEFTAZIDIME AND AVIBACTAM,,injection,df-7435419319,PFIZER,false,true
5083,TROPICACYL PLUS EYE,TROPICACYL PLUS EYE DROP 5ML (PHENYLEPHARINE+TROPICAMIDE) (SUNWAYS),TROPICAMIDE+ PHENYLEPHARINE HYDROCHLORIDE,5ML,drop,df-2859918947,SUNWAYS,false,true
16020,EUTHYROX,EUTHYROX 75MG TAB (LEVOTHYROXINE) (MERCK),LEVOTHYROXIME SODIUM 75MCG,75MG,tablet,df-2929601942,MERCK,false,true
15846,NETILMAC,NETILMAC (NETILMICIN) 300MG INJ (MACLEODS),NETILMICIN 300MG,,injection,df-7435419319,MACLEODS,false,true
7278,NETMICIN,NETMICIN (NETILMICIN) 300MG INJ (UNITED BIOTECH),NETILMICIN 300MG,,injection,df-7435419319,UNITED BIOTECH,false,true
9620,NETROMAX,NETROMAX (NETILMICIN) 300MG INJ (ZUVENTUS),NETILMICIN 300MG,,injection,df-7435419319,ZUVENTUS,false,true
10830,LENITINE,LENITINE (LEVOCARNITINE) 5ML INJ (MEDIART),LEVOCARNITINE,,injection,df-7435419319,MEDIART,false,true
10578,CRITIZYME,CRITIZYME TAB (UBIDECARENONE L-CARNITINE)  (LA RENON),LEVOCARNITINE,,tablet,df-2929601942,LA RENON,false,true
7630,CARNITOR,CARNITOR 500MG TAB (LEVOCARNITINE) (WIN-MEDICARE),LEVOCARNITINE,500MG,tablet,df-2929601942,WIN-MEDICARE,false,true
1791,NUCOXIA P,NUCOXIA P TAB (ETORICOXIB+PARACETAMOL) (ZYDUS CADILA),ETORICOXIB+PARACETAMOL,,tablet,df-2929601942,ZYDUS CARDIVA,false,true
8929,TONACT,TONACT 5MG TAB (ATORVASTATIN) (LUPIN),ATORVASTATIN 5MG,5MG,tablet,df-2929601942,LUPIN,false,true
6988,BIO D3 MAX,BIO D3 MAX CAP (CALCITRIOL+OMEGA3+METHYLCOBALAMIN+BORON+CALCIUM) (MACLEODS),CALCITRIOL+CALCIUM+IRON,,capsule,df-9555626637,MACLEODS,false,true
6721,PERFALGAN,PERFALGAN (PARACETAMOL ) 1GM INJ (BMS),PARACETAMOL IV,,injection,df-7435419319,BMS,false,true
3524,KABIMOL,KABIMOL (PARACETAMOL) 50ML INJ (FRESENIUS),PARACETAMOL IV,,injection,df-7435419319,FRESENIUS,false,true
3479,PERFALGAN,PERFALGAN (PARACETAMOL) 50ML INJ (BMS),PARACETAMOL IV,,injection,df-7435419319,BMS,false,true
3064,ANEMOL,ANEMOL (PARACETAMOL) 100ML INJ (THEMIS),PARACETAMOL IV,,injection,df-7435419319,THEMIS,false,true
1363,ANETOL,ANETOL (PARACETAMOL) 100ML INJ (ABBOTT),PARACETAMOL IV,,injection,df-7435419319,ABBOTT,false,true
14316,PARACIP,PARACIP (PARACETAMOL) 100ML INJ (CIPLA)  {*}  {#},PARACETAMOL IV,,injection,df-7435419319,CIPLA,false,true
9387,NUCARNIT,NUCARNIT (L CARNITINE) INJ (EMCURE),L CARNITINE,,injection,df-7435419319,EMCURE,false,true
11275,XGEVA,XGEVA (DENOSUMAB) 120MG INJ (DR REDDY),DENOSUMAB,,injection,df-7435419319,DR REDDY,false,true
14346,PROLIA,PROLIA (DENOSUMAB) 60MG/ML INJ ( GSK ),DENOSUMAB,,injection,df-7435419319,GSK,false,true
1376,COFDEX,COFDEX 100ML SYP (CIPLA),BROMOHEXINE+DEXTROMETHORPHAN+AMMONIUM,100ML,syrup,df-4608470948,CIPLA,false,true
2972,CALCIMAX PLUS,CALCIMAX PLUS 200ML SYP (MEYER),CALCIUM + ZINC + VITAMIN D3,200ML,syrup,df-4608470948,MEYER,false,true
13501,SHELCAL K,SHELCAL K TAB (CALCIUM+CALCITRIOL+VITAMIN K2-7) (TORRENT),CALCIUM + ZINC + VITAMIN D3,,tablet,df-2929601942,TORRENT,false,true
15389,ZENCAL STRONG,ZENCAL STRONG TAB (CALCIUM+VITAMIN K2-7+VITAMIN D3+METHYCOBALAMIN) (ZENO),CALCIUM + ZINC + VITAMIN D3,,tablet,df-2929601942,ZENO,false,true
14809,CALVEL FORTE,CALVEL FORTE TAB (CALCIUM+CALCITROL+VITAMINS) (BIOCELL),CALCIUM + ZINC + VITAMIN D3,,tablet,df-2929601942,BIOCELL,false,true
16231,CLOBATOR,CLOBATOR 10MG TAB (CLOBAZAM) (TORRENT),CLOBAZAM 10MG,10MG,tablet,df-2929601942,TORRENT,false,true
3142,FRISIUM,FRISIUM 10MG TAB (CLOBAZAM) (SANOFI),CLOBAZAM 10MG,10MG,tablet,df-2929601942,SANOFI,false,true
6193,UNICALCIN,UNICALCIN (CALCITONIN SALMON) 100MG 1ML INJ (UNITED BIOTECH),CALCITONIN SALMON,,injection,df-7435419319,UNITED BIOTECH,false,true
5359,STILOZ,STILOZ 50MG TAB (CILOSTAZOL) (GLENMARK),CILOSTAZOL 50MG,50MG,tablet,df-2929601942,GLENMARK,false,true
904,PLETOZ,PLETOZ 50MG TAB (CILOSTAZOL) (CIPLA),CILOSTAZOL 50MG,50MG,tablet,df-2929601942,CIPLA,false,true
1962,TAYO 60K,TAYO 60K TAB (CHOLECALCIFEROL) (ERIS),CALCIUM & CHOLECALCIFEROL,,tablet,df-2929601942,ERIS,false,true
3289,RIFAGUT,RIFAGUT 400MG TAB (RIFAXIMIN) (SUN),RIFAXIMIN 400MG,400MG,tablet,df-2929601942,SUN,false,true
3996,TORFIX,TORFIX 400MG TAB (RIFAXIMIN) (TORRENT),RIFAXIMIN 400MG,400MG,tablet,df-2929601942,TORRENT,false,true
11813,FLEXABENZ,FLEXABENZ 5MG TAB (CYCLOBENZAPRINE) (MACLEODS),CYCLOBENZAPRINE,5MG,tablet,df-2929601942,MACLEODS,false,true
11982,FLEXABENZ ER,FLEXABENZ ER CAP (CYCLOBENZAPRINE) (MACLEODS),CYCLOBENZAPRINE,,capsule,df-9555626637,MACLEODS,false,true
17090,DELTONE,DELTONE 60MG CAP (DEXLANSOPRAZOLE) (ALEMBIC),DEXLENSAPRAZOLE 60,60MG,capsule,df-9555626637,ALEMBIC,false,true
13527,DDR 60,DDR 60 CAPSULE (DEXLANSOPRAZOLE) (MSN),DEXLENSAPRAZOLE 60,,capsule,df-9555626637,MSN,false,true
17343,GRANITERO,GRANITERO (GRANISETRON) 3MG INJ (HETERO),GRANISETRON 3ML,,injection,df-7435419319,HETERO,false,true
4098,GRANICIP,GRANICIP (GRANISETRON) 3MG INJ (CIPLA),GRANISETRON 3ML,,injection,df-7435419319,CIPLA,false,true
4102,GRANDEM,GRANDEM (GRANISETRON) 3ML INJ (ARISTO),GRANISETRON 3ML,,injection,df-7435419319,ARISTO,false,true
1131,DILZEM CD,DILZEM CD 90MG CAP (DILTIAZEM HCL) (TORRENT),DILTIAZEM 90MG,90MG,capsule,df-9555626637,TORRENT,false,true
734,MEZOLAM,MEZOLAM (MIDAZOLAM) 5ML INJ (NEON),MIDAZOLAM 1MG/ML,,injection,df-7435419319,NEON,false,true
690,MEZOLAM,MEZOLAM (MIDAZOLAM) 10ML INJ (NEON),MIDAZOLAM 1MG/ML,,injection,df-7435419319,NEON,false,true
8195,BENZOSED,BENZOSED (MIDAZOLAM) 10ML INJ (TROIKAA),MIDAZOLAM 1MG/ML,,injection,df-7435419319,TROIKAA,false,true
12656,MIDFAST,MIDFAST (MIDAZOLAM) 10ML INJ (SAMARTH),MIDAZOLAM 1MG/ML,,injection,df-7435419319,SAMARTH,false,true
12657,MIDFAST,MIDFAST (MIDAZOLAM) 5ML INJ (SAMARTH),MIDAZOLAM 1MG/ML,,injection,df-7435419319,SAMARTH,false,true
1966,FORTUM,FORTUM (CEFTAZIDIME) 2GM INJ (GSK),CEFTAZIDIME 2000MG,,injection,df-7435419319,GSK,false,true
9720,TOLAZ LA,TOLAZ LA (OLANZAPINE) 210MG INJ (TORRENT),OLANZAPINE 210MG,,injection,df-7435419319,TORRENT,false,true
825,ACITROM,ACITROM 1MG TAB (NICOUMALONE) (ABBOTT) {*} {#},NICOUMALONE 1MG,1MG,tablet,df-2929601942,ABBOTT,false,true
1045,ATIVAN,ATIVAN 2MG TAB (LORAZEPAM) (PFIZER),LORAZEPAM 2MG,2MG,tablet,df-2929601942,PFIZER,false,true
3032,LESURIDE OD,LESURIDE OD 75MG TAB (LEVOSULPIRIDE) (SUN),LEVOSULPIRIDE 75 MG,75MG,tablet,df-2929601942,SUN,false,true
7848,ZEDEX P,ZEDEX P 60ML SYP (DR REDDY),GUAIPHENESIN +AMBROXOL + TERBUTALINE SULPHATE,60ML,syrup,df-4608470948,DR REDDY,false,true
12529,ASCORIL PLUS EXPECTORANT,ASCORIL PLUS EXPECTORANT 100ML (GLENMARK),GUAIPHENESIN +AMBROXOL + TERBUTALINE SULPHATE,100ML,syrup,df-4608470948,GLENMARK,false,true
12484,ASCORIL LS,ASCORIL LS DROP 15ML (GLENMARK),GUAIPHENESIN +AMBROXOL + TERBUTALINE SULPHATE,15ML,drop,df-2859918947,GLENMARK,false,true
10921,NELCIUM,NELCIUM (CALCIUM CHLORIDE) INJ (NEON),CALCIUM CHLORIDE INJ.,,injection,df-7435419319,NEON,false,true
2719,ZEDEX,ZEDEX 100 ML SYP (DR REDDY),"GUAIPHENESIN,DEXTROMETHORPHAN HYDROBROMIDE,PHENYLEPHRINE HYDROCHLORIDE",100 ML,syrup,df-4608470948,DR REDDY,false,true
779,ALEX SUGER FREE,ALEX SUGER FREE 100ML SYP (GLENMARK),"GUAIPHENESIN,DEXTROMETHORPHAN HYDROBROMIDE,PHENYLEPHRINE HYDROCHLORIDE",100ML,syrup,df-4608470948,GLENMARK,false,true
340,ALEX,ALEX 100ML SYP (GLENMARK),"GUAIPHENESIN,DEXTROMETHORPHAN HYDROBROMIDE,PHENYLEPHRINE HYDROCHLORIDE",100ML,syrup,df-4608470948,GLENMARK,false,true
9223,HHDERM,HHDERM CREAM (H&H),"Clotrimazole, Fusidic Acid, Mometasone",,cream,df-3472438845,H&H,false,true
6448,SARTEL,SARTEL 40MG TAB (TELMISARTAN) (INTAS),TELMISARTAN,40MG,tablet,df-2929601942,INTAS,false,true
877,TELSAR,TELSAR 20MG TAB (TELMISARTAN) (TORRENT),TELMISARTAN,20MG,tablet,df-2929601942,TORRENT,false,true
878,TELSAR,TELSAR 40MG TAB (TELMISARTAN) (TORRENT),TELMISARTAN,40MG,tablet,df-2929601942,TORRENT,false,true
980,TELMA,TELMA 20MG TAB (TELMISARTAN) (GLENMARK),TELMISARTAN,20MG,tablet,df-2929601942,GLENMARK,false,true
984,TELMA,TELMA 40MG TAB (TELMISARTAN) (GLENMARK),TELMISARTAN,40MG,tablet,df-2929601942,GLENMARK,false,true
12736,CARDACE PROTECT,CARDACE PROTECT 5MG TAB (RAMIPRIL+ATORVASTATIN) (SANOFI),TELMISARTAN,5MG,tablet,df-2929601942,SANOFI,false,true
15248,MYMI D,MYMI D TAB (METHYCOBLAMIN+FOLIC ACID +VITAMIN D3) (HBC),TELMISARTAN,,tablet,df-2929601942,HBC,false,true
13615,RACECLO,RACECLO CAP (ACECLOFENAC+RABEPRAZOLE) (ARISTO),ACECLOFENAC + RABEPRAZOLE,,capsule,df-9555626637,ARISTO,false,true
16272,ACE PROXYVON CR,ACE PROXYVON CR TAB (ACECLOFENAC+RABEPRAZOLE) (DR REDDY),ACECLOFENAC + RABEPRAZOLE,,tablet,df-2929601942,DR REDDY,false,true
3260,ALTRADAY,ALTRADAY CAP (ACECLOFENAC+RABEPRAZOLE) (SUN),ACECLOFENAC + RABEPRAZOLE,,capsule,df-9555626637,SUN,false,true
9337,NERVMAX SR,NERVMAX SR 75MG TAB (PREGABALIN+METHYLCOBALAMIN) (ALKEM),PREGABLIN 75+METHYCOBLAMIN 750,75MG,tablet,df-2929601942,ALKEM,false,true
5629,ONDEM,ONDEM 30ML SYP (ALKEM),ONDANSETRON 2MG,30ML,syrup,df-4608470948,ALKEM,false,true
3591,EMESET,EMESET 30ML SYP (CIPLA),ONDANSETRON 2MG,30ML,syrup,df-4608470948,CIPLA,false,true
12959,LOX VISCOUS,LOX VISCOUS 100ML SYP (NEON),LIDOCAINE 30ML,100ML,syrup,df-4608470948,NEON,false,true
12637,HCQS,HCQS 300MG TAB (HYDROXYCHLOROQUINE) (IPCA),HYDROXYCHLROQUIN 300MG,300MG,tablet,df-2929601942,IPCA,false,true
6215,TERBICIP,TERBICIP 250MG TAB (TERBINAFINE) (CIPLA),TERBINAFIN 250MG,250MG,tablet,df-2929601942,CIPLA,false,true
10276,SEBIFIN,SEBIFIN CREAM 15GM (TERBINAFINE) (SUN),TERBINAFIN 250MG,15GM,cream,df-3472438845,SUN,false,true
11692,TERBICIP,TERBICIP CREAM 10GM (TERBINAFINE) (CIPLA),TERBINAFIN 250MG,10GM,cream,df-3472438845,CIPLA,false,true
7545,GEMFOS,GEMFOS 35MG TAB (RISEDRONATE) (ALKEM),RISEDRONATE SODIUM 35MG,35MG,tablet,df-2929601942,ALKEM,false,true
1882,COLYMONAS,COLYMONAS (COLISTIMETHATE SODIUM) 2MIU INJ (GLENMARK),COLISTIMETHATE SODIUM 2MIU,,injection,df-7435419319,GLENMARK,false,true
870,XYLISTIN FORTE,XYLISTIN FORTE (COLISTIMETHATE SODIUM) 2MIU INJ (CIPLA),COLISTIMETHATE SODIUM 2MIU,,injection,df-7435419319,CIPLA,false,true
10600,FIBRICOR,FIBRICOR (IBUTILIDE) 0.1MG INJ (ZUVENTUS),IBUTILIDE,,injection,df-7435419319,ZUVENTUS,false,true
10774,HIRUDAL,HIRUDAL CREAM 14GM (MUCOPOLYSACCHARIDE POLYSULFATE) (OAKNET),ucopolysaccharide Polysulfate(250IU),14GM,cream,df-3472438845,OAKNET,false,true
6916,EBAST M,EBAST M TAB (EBASTINE+MONTELUKAST) (MICRO),EBASTIN+MONTELUKAST,,tablet,df-2929601942,MICRO,false,true
174,DEXTROSE 10 PLASTIC,DEXTROSE 10 PLASTIC 500ML (REALCAD),DEXTROSE 10% 500ML,500ML,infusion,df-374189216,REALCAD,false,true
3970,LUPIRTIN P,LUPIRTIN P CAPSULE (PARACETAMOL+FLUPIRTINE MALEATE) (LUPIN),FLUPIRTINE MALEATE,,tablet,df-2929601942,LUPIN,false,true
1961,ECOSPRIN AV,ECOSPRIN AV 150/20MG CAP (ATORVASTATIN+ASPIRIN) (USV),ATORVASTATIN+ASPIRIN,150/20MG,capsule,df-9555626637,USV,false,true
794,ECOSPRIN AV,ECOSPRIN AV 10/150MG CAP (ATORVASTATIN+ASPIRIN) (USV),ATORVASTATIN+ASPIRIN,10/150MG,capsule,df-9555626637,USV,false,true
786,ECOSPRIN AV,ECOSPRIN AV 10/75MG CAP (ATORVASTATIN+ASPIRIN) (USV),ATORVASTATIN+ASPIRIN,10/75MG,capsule,df-9555626637,USV,false,true
1130,ECOSPRIN-AV,ECOSPRIN-AV 75/20MG CAP (ATORVASTATIN+ASPIRIN) (USV),ATORVASTATIN+ASPIRIN,75/20MG,tablet,df-2929601942,USV,false,true
4949,ULTRACET,ULTRACET TAB (ACETAMINOPHEN+TRAMADOL) (J&J),TRAMADOL+ACETAMINOPHEN+DOMPERIDONE,,tablet,df-2929601942,J&J,false,true
8770,ACUVIN,ACUVIN TAB (ACETAMINOPHEN+TRAMADOL) (ABBOTT),TRAMADOL+ACETAMINOPHEN+DOMPERIDONE,,tablet,df-2929601942,ABBOTT,false,true
11781,DYTOR,DYTOR 40MG TAB (TORSEMIDE) (CIPLA) {*},TORSEMIDE 40MG,40MG,tablet,df-2929601942,CIPLA,false,true
4459,ZOCEF,ZOCEF (CEFUROXIME) 750MG INJ (ALKEM),CEFUROXIME 750MG INJ,,injection,df-7435419319,ALKEM,false,true
1203,SUPACEF,SUPACEF (CEFUROXIME) 750MG INJ (GSK),CEFUROXIME 750MG INJ,,injection,df-7435419319,GSK,false,true
13291,ALTACEF,ALTACEF (CEFUROXIME) 750MG INJ (GLENMARK),CEFUROXIME 750MG INJ,,injection,df-7435419319,GLENMARK,false,true
12636,TONOFERON,TONOFERON DROP 15ML (EAST INDIA),IRON + FOLIC ACID SUPPLEMENT,15ML,drop,df-2859918947,EAST INDIA,false,true
17163,HAEM UP,HAEM UP SYP (ZYDUS CADILA),IRON + FOLIC ACID SUPPLEMENT,,syrup,df-4608470948,ZYDUS CADILA,false,true
2680,FEFOL,FEFOL CAP (FERROUS SULPHATE+FOLIC ACID) (GSK),IRON + FOLIC ACID SUPPLEMENT,,capsule,df-9555626637,GSK,false,true
8833,HEMFER,HEMFER 225ML SYP (ALKEM),IRON + FOLIC ACID SUPPLEMENT,225ML,syrup,df-4608470948,ALKEM,false,true
8621,XOLIC,XOLIC TAB (FERROUS ASCORBATE+FOLIC ACID+ZINC) (ALBUS),IRON + FOLIC ACID SUPPLEMENT,,tablet,df-2929601942,ALBUS,false,true
6949,BECOZYM C FORTE,BECOZYM C FORTE TAB (VITAMIN B COMPLEX+BIOTIN+VITAMIN C) (BAYER),"B-COMPLEX,MINERALS,AMINO ACID",,tablet,df-2929601942,BAYER,false,true
13901,POLYBION,POLYBION 100ML SYP (MERCK),"B-COMPLEX,MINERALS,AMINO ACID",100ML,syrup,df-4608470948,MERCK,false,true
309,CILACAR,CILACAR 5MG TAB (CILNIDIPINE) (J.B.CHEMICALS),CILNIDIPINE 5MG,5MG,tablet,df-2929601942,JB CHEMICALS,false,true
6944,ZYCOLCHIN,ZYCOLCHIN TAB (COLCHICINE) (ZYDUS),COLCHICINE 0.5,,tablet,df-2929601942,ZYDUS CARDIVA,false,true
17159,VALTOVAL,VALTOVAL 500MG TAB (VALACYCLOVIR) (SUN),VALACICLOVIR 500MG,500MG,tablet,df-2929601942,SUN,false,true
719,NEOCURON,NEOCURON (PANCURONIUM) 4MG INJ (NEON),PANCURONIUM 4MG/2ML,,injection,df-7435419319,NEON,false,true
6509,KENACORT,KENACORT (TRIAMCINOLONE) 40MG INJ (ABBOTT),TRIAMCINOLONE 40MG,,injection,df-7435419319,ABBOTT,false,true
16396,TRICORT,TRICORT (TRIAMCINOLONE) 40MG INJ (ZYDUS CADILA),TRIAMCINOLONE 40MG,,injection,df-7435419319,ZYDUS CADILA,false,true
13192,STAPHONEX,STAPHONEX (FLUCLOXACILLIN) 1GM INJ (FUSION),FLUCLOXACILLIN,,injection,df-7435419319,FUSION,false,true
331,LASIX,LASIX 40MG TAB (FRUSEMIDE) (SANOFI) {*} {#}},FRUSEMIDE 40MG,40MG,tablet,df-2929601942,SANOFI,false,true
371,COVERSYL,COVERSYL 4MG TAB (PERINDOPRIL ERBUMINE) (SERDIA),PERINDOPRIL 4MG,4MG,tablet,df-2929601942,SERDIA,false,true
1047,GEMCAL,GEMCAL CAP (CALCITRIOL+CALCIUM CARBONATE+ZINC) (ALKEM),CALCITRIOL WITH CALCIUM,,capsule,df-9555626637,ALKEM,false,true
3974,CORCAL,CORCAL 500MG TAB (CALCIUM+CURCUMA LONGA) (LUPIN),CALCITRIOL WITH CALCIUM,500MG,tablet,df-2929601942,LUPIN,false,true
1581,BIO D3 PLUS,BIO D3 PLUS CAP (CALCITRIOL+CALCIUM) (MACLEODS),CALCITRIOL WITH CALCIUM,,capsule,df-9555626637,MACLEODS,false,true
11731,OSTEOFIT C,OSTEOFIT C CAP (CALCITRIOL+CALCIUM) (ALEMBIC),CALCITRIOL WITH CALCIUM,,capsule,df-9555626637,ALEMBIC,false,true
16631,BONGEM,BONGEM CAP (CALCITRIOL+CALCIUM+ZINC) (UNIVICTOR),CALCITRIOL WITH CALCIUM,,capsule,df-9555626637,UNIVICTOR,false,true
6090,CTD,CTD 6.25MG TAB (CHLORTHALIDONE) (IPCA),chlorthalidon 6.25,6.25MG,tablet,df-2929601942,IPCA,false,true
1587,TAXIM,TAXIM (CEFOTAXIM) 1GM INJ (ALKEM),CEFOTAXIM 1000MG,,injection,df-7435419319,ALKEM,false,true
2238,OMNACORTIL,OMNACORTIL 10MG TAB (PREDNISOLONE) (MACLEODS),PREDNISOLONE 10MG,10MG,tablet,df-2929601942,MACLEODS,false,true
268,WYSOLONE DT,WYSOLONE DT 10MG TAB (PREDNISOLONE) (PFIZER),PREDNISOLONE 10MG,10MG,tablet,df-2929601942,PFIZER,false,true
5581,NEX,NEX (NALOXON) 400MG INJ (NEON),NALOXONE,,injection,df-7435419319,NEON,false,true
13610,MEROCRIT BABY,MEROCRIT BABY (MEROPENEM) 125MG INJ (CIPLA),MEROPENAM 125,,injection,df-7435419319,CIPLA,false,true
13203,FIBROBAN,FIBROBAN (TIROFIBEN) 5MG INJ (ZYDUS CADILA),TIROFIBAN 5MG/100ML,,injection,df-7435419319,ZYDUS CADILA,false,true
13991,LAMOIST LOTION,LAMOIST LOTION 150ML (LA MED),CALAMIN AND LIQUID PARAFFIN,150ML,lotion,df-6941042110,LA MED,false,true
14260,LAMOIST LOTION,LAMOIST LOTION 150GM (LA MED),CALAMIN AND LIQUID PARAFFIN,150GM,lotion,df-6941042110,LA MED,false,true
5019,DERMOCALM LOTION,DERMOCALM LOTION 100ML (CALAMINE+LIQUID PARAFFIN) (GSK),CALAMIN AND LIQUID PARAFFIN,100ML,lotion,df-6941042110,GSK,false,true
976,IPRAVENT  RESPULES,IPRAVENT  RESPULES (IPRATROPIUM) (CIPLA),IPRATROPIUM,,respule,df-9534758258,CIPLA,false,true
16196,MIOFREE,MIOFREE 8MG CAP (THIOCOLCHICOSIDE) (LUPIN),THIOCOLCHICOSIDE 8MG,8MG,capsule,df-9555626637,LUPIN,false,true
6848,AMBISOME,AMBISOME (AMPHOTERICIN-B LIPOSOMAL) 50MG INJ (MYLAN),AMPHOTERICIN-B LIPOSOMAL 50MG/10ML,,injection,df-7435419319,MYLAN,false,true
283,METOCARD XL,METOCARD XL 75MG TAB (METOPROLOL) (TORRENT),METOPROLOL 75MG,75MG,tablet,df-2929601942,TORRENT,false,true
311,CILACAR,CILACAR 20MG TAB (CILNIDIPINE) (J.B.CHEMICALS),CILNIDIPINE 20MG,20MG,tablet,df-2929601942,JB CHEMICALS,false,true
5774,LN BLOCK,LN BLOCK 20MG TAB (CILNIDIPINE) (ERIS),CILNIDIPINE 20MG,20MG,tablet,df-2929601942,ERIS,false,true
16423,TORCILIN,TORCILIN 20MG TAB (CILNIDIPINE) (TORRENT),CILNIDIPINE 20MG,20MG,tablet,df-2929601942,TORRENT,false,true
14102,NULONG,NULONG 20MG TAB (CILNIDIPINE) (MICRO),CILNIDIPINE 20MG,20MG,tablet,df-2929601942,MICRO,false,true
6559,ZOSTUM O,ZOSTUM O TAB (CEFDITOREN PIVOXIL) (ZUVENTUS),CEFDITORIN 200MG,,tablet,df-2929601942,ZUVENTUS,false,true
17356,SIZODON,SIZODON 1MG TAB (RISPERIDONE) (SUN),RISPERIDONE 1MG,1MG,tablet,df-2929601942,SUN,false,true
13316,CEREBION,CEREBION (CEREBROPROTEIN HYDROLYSATE) 60MG INJ (ABBOTT),CEREBROPROTEIN HYDROLYSATE,,injection,df-7435419319,ABBOTT,false,true
15325,NEUROBROSIN,NEUROBROSIN (CEREBROPROTEIN HYDROLYSATE) 60MG INJ (WOCKHARDT),CEREBROPROTEIN HYDROLYSATE,,injection,df-7435419319,WOCKHARDT,false,true
15146,CEREVATE,CEREVATE TAB (CEREBROPROTEIN HYDROLYSATE) (INTAS),CEREBROPROTEIN HYDROLYSATE,,tablet,df-2929601942,INTAS,false,true
14429,CEREHENZ,CEREHENZ (CEREBROLYSIN HYDROLYSATE) 60MG INJ (LA RENON),CEREBROPROTEIN HYDROLYSATE,,injection,df-7435419319,LA RENON,false,true
15851,CERIBRORIC,CERIBRORIC (CEREBROPROTEIN HYDROLYSATE) 60MG INJ (URIHK),CEREBROPROTEIN HYDROLYSATE,,injection,df-7435419319,URIHK,false,true
8980,COGNITRAC,COGNITRAC (CEREBROPROTEIN HYDROLYSATE) 60MG INJ (EMCURE),CEREBROPROTEIN HYDROLYSATE,,injection,df-7435419319,EMCURE,false,true
2111,COGNISTAR,COGNISTAR (CEREBROPROTEIN HYDROLYSATE) 60MG INJ (LUPIN),CEREBROPROTEIN HYDROLYSATE,,injection,df-7435419319,LUPIN,false,true
5415,PIPZO,PIPZO (PIPERACILLIN 1GM+TAZOBACTAM 125MG) 1.125GM INJ (ALKEM),PIPERACILLIN+TAZOBACTUM 1.125GM,,injection,df-7435419319,ALKEM,false,true
10545,ZUMUSTIN,ZUMUSTIN (BENDAMUSTINE HCL) INJ (ZUVENTUS),BENDAMUSTIN HCL,,injection,df-7435419319,ZUVENTUS,false,true
373,COVERSYL PLUS,COVERSYL PLUS TAB (PERINDOPRIL+INDAPAMIDE) (SERDIA),PERINDOPRIL ERBUMINE+INDAPAMIDE,,tablet,df-2929601942,SERDIA,false,true
7309,GEMITROL,GEMITROL CAP (CALCITRIOL+CALCIUM CARBONATE+ZINC) (TORRENT),CALCIUM CARBONATE 500MG,,capsule,df-9555626637,TORRENT,false,true
16403,DARITEN OD,DARITEN OD 7.5MG TAB (DARIFENACIN) (SUN),DARIFENACIN 7.5MG,7.5MG,tablet,df-2929601942,SUN,false,true
1307,NEOMERCAZOLE,NEOMERCAZOLE 5MG TAB (CARBAMIZOLE) (ABBOTT),CARBIMAZOLE 5MG,5MG,tablet,df-2929601942,ABBOTT,false,true
1361,RABLET,RABLET 20MG TAB (RABEPRAZOLE) (LUPIN),RABEPRAZOLE 20MG,20MG,tablet,df-2929601942,LUPIN,false,true
3589,RABICIP,RABICIP (RABEPRAZOLE SODIUM) 20MG INJ (CIPLA),RABEPRAZOLE 20MG,,injection,df-7435419319,CIPLA,false,true
8152,RAZO,RAZO (RABEPRAZOLE SODIUM) 20MG INJ (DR REDDY),RABEPRAZOLE 20MG,,injection,df-7435419319,DR REDDY,false,true
16584,RABRAB,RABRAB (RABEPRAZOLE SODIUM) 20MG INJ (ANG),RABEPRAZOLE 20MG,,injection,df-7435419319,ANG,false,true
16724,VELOZ,VELOZ 20MG TAB (RABEPRAZOLE) (TORRENT),RABEPRAZOLE 20MG,20MG,tablet,df-2929601942,TORRENT,false,true
16242,RABIROS,RABIROS 20MG TABLET (RABEPRAZOLE) (MICRO),RABEPRAZOLE 20MG,20MG,tablet,df-2929601942,MICRO,false,true
12660,RABIUM,RABIUM 20MG TAB (RABEPRAZOLE) (INTAS),RABEPRAZOLE 20MG,20MG,tablet,df-2929601942,INTAS,false,true
9852,ZONAM,ZONAM (AZTREONAM) 500MG INJ (UNITED BIOTECH),AZTREONAM 500MG,,injection,df-7435419319,UNITED BIOTECH,false,true
3894,RIFAGUT,RIFAGUT 200MG TAB (RIFAXIMIN) (SUN),RIFAXIMIN 200 MG,200MG,tablet,df-2929601942,SUN,false,true
3995,TORFIX,TORFIX 200MG TAB (RIFAXIMIN) (TORRENT),RIFAXIMIN 200 MG,200MG,tablet,df-2929601942,TORRENT,false,true
13528,RIFEASY,RIFEASY 200MG TAB (RIFAXIMIN) (MSN),RIFAXIMIN 200 MG,200MG,tablet,df-2929601942,MSN,false,true
3959,ZEPTOL,ZEPTOL 200MG TAB (CARBAMAZEPINE) (SUN),CARBAMAZEPINE 200MG,200MG,tablet,df-2929601942,SUN,false,true
11060,TEGRITAL CR,TEGRITAL CR 200MG TAB (CARBAMAZEPINE) (NOVARTIS),CARBAMAZEPINE 200MG,200MG,tablet,df-2929601942,NOVARTIS,false,true
11591,ZEPTOL CR,ZEPTOL CR 200MG TAB (CARBAMAZEPINE) (SUN),CARBAMAZEPINE 200MG,200MG,tablet,df-2929601942,SUN,false,true
11277,DEXOLAC PREMIUM-1 INFANT,DEXOLAC PREMIUM-1 INFANT POWDER 500 GM (NUTRICIA),NUTRITION SUPPLIMENT,500 GM,powder,df-9603977956,NUTRICIA,false,true
12061,ENSURE PEPTIDE,ENSURE PEPTIDE POWDER 400GM (ABBOTT),NUTRITION SUPPLIMENT,400GM,powder,df-9603977956,ABBOTT,false,true
12316,RESOURCE HIGH PROTEIN,RESOURCE HIGH PROTEIN POWDER 400GM (NESTLE),NUTRITION SUPPLIMENT,400GM,powder,df-9603977956,NESTLE,false,true
9037,ENSURE PLUS POWDER VANILLA,ENSURE PLUS POWDER VANILLA 400GM (ABBOTT),NUTRITION SUPPLIMENT,400GM,powder,df-9603977956,ABBOTT,false,true
15550,PROHANCE-HP,PROHANCE-HP POWDER 400GM (SUN),NUTRITION SUPPLIMENT,400GM,powder,df-9603977956,SUN,false,true
15551,PROHANCE-D,PROHANCE-D POWDER 400GM (SUN),NUTRITION SUPPLIMENT,400GM,powder,df-9603977956,SUN,false,true
14668,C GEST,C GEST TAB (NUTRITIONAL SUPPLEMENT) (MEDIWON),NUTRITION SUPPLIMENT,,tablet,df-2929601942,MEDIWON,false,true
1534,ATIVAN,ATIVAN 1MG TAB (LORAZEPAM) (PFIZER),LORAZEPAM 1MG,1MG,tablet,df-2929601942,PFIZER,false,true
10565,SIPHENE,SIPHENE 100MG TAB (CLOMIPHENE) (SERUM),CLOMIPHENE 100MG,100MG,tablet,df-2929601942,SERUM,false,true
11741,EPTUS,EPTUS 50MG TAB (EPLERENONE) (GLENMARK),EPLERENONE 50MG,50MG,tablet,df-2929601942,GLENMARK,false,true
3998,AMANTREL,AMANTREL TAB (AMANTADINE HCL) (CIPLA),AMANTADINE 100MG,,tablet,df-2929601942,CIPLA,false,true
14132,PARKITIDIN,PARKITIDIN TAB (AMANTADINE HCL) (SUN),AMANTADINE 100MG,,tablet,df-2929601942,SUN,false,true
2083,GLUTAHENZ,GLUTAHENZ SACHET (L- GLUTAMINE) (LA RENON),L-GLUTAMINE,,powder,df-9603977956,LA RENON,false,true
2625,AUGMENTIN,AUGMENTIN (AMOXYCILLIN+POTASSIUM CLAVULANATE) 600MG INJ (GSK),AMOXYCILLIN 500+CLAVULANIC ACID 100,,injection,df-7435419319,GSK,false,true
6486,ADVENT,ADVENT (AMOXYCILLIN 500MG+CLAVULANIC ACID 100MG) 600MG INJ (CIPLA) {*},AMOXYCILLIN 500+CLAVULANIC ACID 100,,injection,df-7435419319,CIPLA,false,true
5440,AUGPEN,AUGPEN (AMOXYCILLIN 500MG+POTASSIUM CLAVULANATE 100MG) 600MG INJ (ZUVENTUS),AMOXYCILLIN 500+CLAVULANIC ACID 100,,injection,df-7435419319,ZUVENTUS,false,true
1177,LOX WITH ADRENALINE,LOX WITH ADRENALINE (LIGNOCAINE+ADRENALINE) 2% 30ML INJ (NEON),LIGNOCAINE+ADRENALINE,,injection,df-7435419319,NEON,false,true
17425,THEMICAINE AD,THEMICAINE AD (LIGNOCAINE+ADRENALINE) 30ML INJ (THEMIS),LIGNOCAINE+ADRENALINE,,injection,df-7435419319,THEMIS,false,true
8885,MITOMYCIN,MITOMYCIN (MITOMYCIN) 40MG INJ (BIOCHEM),MITOMYCIN,,injection,df-7435419319,BIOCHEM,false,true
8233,MITO,MITO (MITOMYCIN) 40MG INJ (NEON),MITOMYCIN,,injection,df-7435419319,NEON,false,true
8234,MITO,MITO (MITOMYCIN) 10MG INJ (NEON),MITOMYCIN,,injection,df-7435419319,NEON,false,true
2903,MEDROL,MEDROL 8MG TAB (METHYLPREDNISOLONE) (PFIZER),METHYL PREDNISOLON 8 MG,8MG,tablet,df-2929601942,PFIZER,false,true
17362,DISPRED,DISPRED 8MG TAB (METHYLPREDNISOLONE) (J.B.CHEMICAL),METHYL PREDNISOLON 8 MG,8MG,tablet,df-2929601942,JB CHEMICALS,false,true
252,BOTROPASE,BOTROPASE (HAEMOCOAGULASE) 1ML INJ (JAGGAT PHARMA),HAEMOCOAGULASE,,injection,df-7435419319,JAGGAT PHARMA,false,true
366,TELISTA,TELISTA 20MG TAB (TELMISARTAN) (LUPIN),TELMISARTAN 20MG,20MG,tablet,df-2929601942,LUPIN,false,true
17454,TELMIKIND,TELMIKIND 20MG TAB (TELMISARTAN) (MANKIND),TELMISARTAN 20MG,20MG,tablet,df-2929601942,MANKIND,false,true
1050,TRAJENTA,TRAJENTA 5MG TAB (LINAGLIPTIN) (BOEHRINGER),LINAGLIPTIN,5MG,tablet,df-2929601942,BOEHRINGER,false,true
8251,ONDERO,ONDERO 5MG TAB (LINAGLIPTIN) (LUPIN),LINAGLIPTIN,5MG,tablet,df-2929601942,LUPIN,false,true
16524,XAFINACT,XAFINACT 50MG TAB (SAFINAMIDE) (SUN),SAFINAMIDE,50MG,tablet,df-2929601942,SUN,false,true
14094,FOLITRAX,FOLITRAX (METHOTREXATE) 20MG INJ (IPCA) {*},METHOTREXATE,,injection,df-7435419319,IPCA,false,true
15717,FOLITRAX,FOLITRAX (METHOTREXATE) 15MG INJ (IPCA),METHOTREXATE,,injection,df-7435419319,IPCA,false,true
15706,FOLITRAX,FOLITRAX (METHOTREXATE) 25MG INJ (IPCA) {*},METHOTREXATE,,injection,df-7435419319,IPCA,false,true
10143,UNITREXATE,UNITREXATE (METHOTREXATE) 50MG INJ (UNITED BIOTECH),METHOTREXATE,,injection,df-7435419319,UNITED BIOTECH,false,true
6987,FOLITRAX,FOLITRAX (METHOTREXATE) 50MG INJ (IPCA) {*},METHOTREXATE,,injection,df-7435419319,IPCA,false,true
1001,FOLITRAX,FOLITRAX 15MG TAB (METHOTREXATE) (IPCA) {*},METHOTREXATE,15MG,tablet,df-2929601942,IPCA,false,true
1031,FOLITRAX,FOLITRAX 5MG TAB (METHOTREXATE) (IPCA) {*},METHOTREXATE,5MG,tablet,df-2929601942,IPCA,false,true
1032,FOLITRAX,FOLITRAX 10MG TAB (METHOTREXATE) (IPCA) {*},METHOTREXATE,10MG,tablet,df-2929601942,IPCA,false,true
867,ACIVIR,ACIVIR (ACYCLOVIR) INJ (CIPLA),ACYCLOVIR 25MG/ML,,injection,df-7435419319,CIPLA,false,true
859,CONCOR AM,CONCOR AM 2.5MG TAB (BISOPROLOL+AMLODIPINE) (MERCK),BISOPROLOL+AMLODIPIN,2.5MG,tablet,df-2929601942,MERCK,false,true
860,CONCOR AM,CONCOR AM 5MG TAB (BISOPROLOL+AMLODIPINE) (MERCK),BISOPROLOL+AMLODIPIN,5MG,tablet,df-2929601942,MERCK,false,true
14080,CORBIS AM,CORBIS AM 2.5MG TAB (BISOPROLOL+AMLODIPINE) (TORRENT),BISOPROLOL+AMLODIPIN,2.5MG,tablet,df-2929601942,TORRENT,false,true
14081,CORBIS AM,CORBIS AM 5MG TAB (BISOPROLOL+AMLODIPINE) (TORRENT),BISOPROLOL+AMLODIPIN,5MG,tablet,df-2929601942,TORRENT,false,true
12516,AMLOVAS L,AMLOVAS L TAB (AMLODIPINE+LISINOPRIL) (MACLEODS),AMLODIPIN+LISINOPRIL,,tablet,df-2929601942,MACLEODS,false,true
2475,AMLOPRES L,AMLOPRES L TAB (AMLODIPINE+LISINOPRIL) (CIPLA),AMLODIPIN+LISINOPRIL,,tablet,df-2929601942,CIPLA,false,true
14549,AJADUO,AJADUO 25/5MG TAB (EMPAGLIFLOZIN+LINAGLIPTIN) (LUPIN),EMPAGLIFLOZIN+LINAGLIPTIN,25/5MG,tablet,df-2929601942,LUPIN,false,true
15082,GLYXAMBI,GLYXAMBI 25/5MG TAB (EMPAGLIFLOZIN+LINAGLIPTIN) (BOEHRINGER),EMPAGLIFLOZIN+LINAGLIPTIN,25/5MG,tablet,df-2929601942,BOEHRINGER,false,true
16227,ADMENTA,ADMENTA 10MG TAB (MEMANTINE) (SUN),MEMANTINE HCL 10MG,10MG,tablet,df-2929601942,SUN,false,true
4513,RELENT OD,RELENT OD CAP (AMBROXOL HCL+LEVOCETIRIZINE) (DR.REDDY),AMBROXOL+LEVOCETRIZINE,,capsule,df-9555626637,DR REDDY,false,true
7305,SOLONEX,SOLONEX 300MG TAB (ISONIAZID) (MACLEODS),ISONIAZID,300MG,tablet,df-2929601942,MACLEODS,false,true
813,OMEZ,OMEZ (OMEPRAZOLE) 40MG INJ (DR REDDY),OMEPRAZOLE SODIUM,,injection,df-7435419319,DR REDDY,false,true
11797,FORTUM,FORTUM (CEFTAZIDIME) 500MG INJ (GSK),CEFTAZIDIME 500MG,,injection,df-7435419319,GSK,false,true
5632,CEFOPROX,CEFOPROX 100MG SYP (CIPLA),CEFPODOXIM 50MG,100MG,syrup,df-4608470948,CIPLA,false,true
8880,FUCIDIN,FUCIDIN CREAM 15GM (FUSIDIC ACID) (SUN),SODIUM FUSIDATE 2%,15GM,cream,df-3472438845,SUN,false,true
15905,FUCIDIN,FUCIDIN CREAM 5GM (FUSIDIC ACID) (SUN),SODIUM FUSIDATE 2%,5GM,cream,df-3472438845,SUN,false,true
6091,VERTIN OD,VERTIN OD 24MG TAB (BETAHISTINE) (ABBOTT),BETAHISTINE 24MG,24MG,tablet,df-2929601942,ABBOTT,false,true
907,VERTIN,VERTIN 24MG TAB (BETAHISTINE) (ABBOTT),BETAHISTINE 24MG,24MG,tablet,df-2929601942,ABBOTT,false,true
2900,E MAL,E MAL (ARTEETHER) 2ML INJ (THEMIS),ARTEETHER 150MG,,injection,df-7435419319,THEMIS,false,true
2391,SPARACID DS,SPARACID DS 100ML SYP (DR REDDY),SUCRALFATE,100ML,syrup,df-4608470948,DR REDDY,false,true
1875,SUCRAFIL,SUCRAFIL 200ML SYP (FOURRTS),SUCRALFATE,200ML,syrup,df-4608470948,FOURRTS,false,true
11259,SUCRAMAL-O,SUCRAMAL-O 200 ML SYP (MENARINI),SUCRALFATE,200 ML,syrup,df-4608470948,MENARINI,false,true
12579,ANO-METROGYL,ANO-METROGYL CREAM 20GM (JB CHEMICAL),SUCRALFATE,20GM,cream,df-3472438845,JB CHEMICAL,false,true
17132,SPARACID O,SPARACID O 200ML SYP (DR REDDY),SUCRALFATE,200ML,syrup,df-4608470948,DR REDDY,false,true
12073,TIDE,TIDE 10MG TAB (TORSEMIDE) (TORRENT),TORSEMIDE 10MG,10MG,tablet,df-2929601942,TORRENT,false,true
287,DYTOR,DYTOR 10MG TAB (TORSEMIDE) (CIPLA) {*},TORSEMIDE 10MG,10MG,tablet,df-2929601942,CIPLA,false,true
8774,EPIME,EPIME (CEFPIME) 1GM INJ (UNITED BIOTECH),CEFPIME 1GM,,injection,df-7435419319,UNITED BIOTECH,false,true
8775,CELRIM,CELRIM (CEFPIME) 1GM INJ (BIOCON),CEFPIME 1GM,,injection,df-7435419319,BIOCON,false,true
15405,NOVAPIME,NOVAPIME (CEFPIME) 1GM INJ (LUPIN),CEFPIME 1GM,,injection,df-7435419319,LUPIN,false,true
5141,CLOTRIN-AC EAR,CLOTRIN-AC EAR DROP (LIDOCAINE+CLOTRIMAZOLE) (NULIFE),CLOTRIMAZOLE+BACLOMETHASONE+LIGNOCAIN+OFLOXACIN,,drop,df-2859918947,NULIFE,false,true
663,NIKORAN,NIKORAN (NICORANDIL) 2MG INJ (TORRENT),NICORANDIL 2MG,,injection,df-7435419319,TORRENT,false,true
6742,MOZA MPS,MOZA MPS TAB (MOSAPRIDE+DIMETHICONE) (INTAS),MOSAPRIDE 5MG,,tablet,df-2929601942,INTAS,false,true
11247,VIZYLAC RICH,VIZYLAC RICH CAP (PROBIOTIC-PREBIOTIC+IMMUNOBIOTIC) (TORRENT),LACTOBACCILUS 150 MILLION SP,,capsule,df-9555626637,TORRENT,false,true
15830,ENZOMAC FORTE,ENZOMAC FORTE TAB (TRYPSIN+BROMELAIN+RUTOSIDE TRIHYDRATE) (MACLEODS),"BROMELAIN, TRYPSIN, RUTOSIDE TRIHYDRATE",,tablet,df-2929601942,MACLEODS,false,true
13132,ENZOHEAL-D,ENZOHEAL-D TAB  (BROMELAIN+TRYPSIN+RUTOSIDE+DICLOFENAC) (MACLEODS),"BROMELAIN, TRYPSIN, RUTOSIDE TRIHYDRATE",,tablet,df-2929601942,MACLEODS,false,true
763,TEXAKIND,TEXAKIND (TRANEMIC ACID) 5ML INJ (MANKIND),TRANEXAMIC ACID 500MG,,injection,df-7435419319,MANKIND,false,true
1375,TRENAXA,TRENAXA 500MG TAB (TRANEXAMIC ACID) (MACLEODS),TRANEXAMIC ACID 500MG,500MG,tablet,df-2929601942,MACLEODS,false,true
12653,REINVEXIN,REINVEXIN (POLYMYXIN B) 5LAC IU INJ (WOCKHARDT),POLYMYXIN B SULPHATE 500000IU,,injection,df-7435419319,WOCKHARDT,false,true
17139,CORBIS H,CORBIS H 5MG TAB (BISOPROLOL+HYDROCHLOROTHIAZIDE) (TORRENT),BISOPROLO+HYDROCHLORTHIAZIDE,5MG,tablet,df-2929601942,TORRENT,false,true
857,LODOZ,LODOZ 5MG TAB (BISOPROLOL+HYDROCHLOROTHIAZIDE) (MERCK),BISOPROLO+HYDROCHLORTHIAZIDE,5MG,tablet,df-2929601942,MERCK,false,true
858,LODOZ,LODOZ 2.5MG TAB (BISOPROLOL+HYDROCHLOROTHIAZIDE) (MERCK),BISOPROLO+HYDROCHLORTHIAZIDE,2.5MG,tablet,df-2929601942,MERCK,false,true
861,CONCOR PLUS,CONCOR PLUS TAB (BISOPROLOL+HYDROCHLOROTHIAZIDE) (MERCK),BISOPROLO+HYDROCHLORTHIAZIDE,,tablet,df-2929601942,MERCK,false,true
3139,PRAMIPEX,PRAMIPEX 0.25MG TAB (PRAMIPEXOLE) (SUN),PRAMIPEXOLE 0.25MG,0.25MG,tablet,df-2929601942,SUN,false,true
16250,PRAMIROL 0.25,PRAMIROL 0.25 TAB (PRAMIPEXOLE) (INTAS),PRAMIPEXOLE 0.25MG,,tablet,df-2929601942,INTAS,false,true
16581,CEFODRIVE-S FORTE,CEFODRIVE-S FORTE (CEFOPERAZONE 1GM+SULBACTAM 500MG) 1.5GM INJ (UNISENT),CEFOPERAZONE 1GM+SULBACTUM 500MG,,injection,df-7435419319,UNISENT,false,true
16130,CEFOZEN-S,CEFOZEN-S (CEFOPERAZONE 1GM+SULBACTAM 500MG) 1.5GM INJ (GENO),CEFOPERAZONE 1GM+SULBACTUM 500MG,,injection,df-7435419319,GENO,false,true
3961,ZOSUL,ZOSUL (CEFOPERAZONE 1GM+SULBACTUM 500MG) 1.5GM INJ (CIPLA),CEFOPERAZONE 1GM+SULBACTUM 500MG,,injection,df-7435419319,CIPLA,false,true
1413,VIATRAN,VIATRAN (CEFOPERAZONE+SULBACTAM) 1.5GM INJ (CIPLA),CEFOPERAZONE 1GM+SULBACTUM 500MG,,injection,df-7435419319,CIPLA,false,true
818,MAGNEX,MAGNEX (CEFOPERAZONE+SULBACTAM) 1GM INJ (PFIZER),CEFOPERAZONE 1GM+SULBACTUM 500MG,,injection,df-7435419319,PFIZER,false,true
809,MAGNEX FORTE,MAGNEX FORTE (CEFOPERAZONE+SULBACTAM) 1.5GM INJ (PFIZER),CEFOPERAZONE 1GM+SULBACTUM 500MG,,injection,df-7435419319,PFIZER,false,true
5410,KEPHAZON-S FORTE,KEPHAZON-S FORTE (CEFOPERAZONE 1GM+SULBACTUM 500MG) 1.5GM INJ (UNITED BIOTECH),CEFOPERAZONE 1GM+SULBACTUM 500MG,,injection,df-7435419319,BIOTECH,false,true
5308,LEVAZEO,LEVAZEO (LEVOSULPIRIDE) 2ML INJ (TORRENT),LEVOSULPIRIDE 25MG/2ML,,injection,df-7435419319,TORRENT,false,true
911,LESURIDE,LESURIDE (LEVOSULPIRIDE) 2ML INJ (SUN),LEVOSULPIRIDE 25MG/2ML,,injection,df-7435419319,SUN,false,true
6390,STPASE,STPASE (STREPTOKINASE) 15LAC INJ (ZYDUS CADILA),STREPTOKINASE 15 LAC IU,,injection,df-7435419319,ZYDUS CADILA,false,true
1883,ENCORATE,ENCORATE 500MG TAB (SODIUM VALPROATE) (SUN),SODIUM VALPROATE 500MG,500MG,tablet,df-2929601942,SUN,false,true
7328,XARELTO,XARELTO 15MG TAB (RIVAROXABAN) (BAYER)   {#},RIVAROXABAN,15MG,tablet,df-2929601942,BAYER,false,true
6103,XARELTO,XARELTO 10MG TAB (RIVAROXABAN) (BAYER),RIVAROXABAN,10MG,tablet,df-2929601942,BAYER,false,true
11550,IXAROLA,IXAROLA 20MG TAB (RIVAROXABAN) (ZYDUS),RIVAROXABAN,20MG,tablet,df-2929601942,ZYDUS,false,true
9537,XARELTO,XARELTO 20MG TAB (RIVAROXABAN) (BAYER),RIVAROXABAN,20MG,tablet,df-2929601942,BAYER,false,true
16391,XARELTO,XARELTO 2.5MG TAB (RIVAROXABAN) (BAYER)   {#},RIVAROXABAN,2.5MG,tablet,df-2929601942,BAYER,false,true
17443,ROVOR,ROVOR 10MG TAB (RIVAROXABAN) (TORRENT),RIVAROXABAN,10MG,tablet,df-2929601942,TORRENT,false,true
17444,ROVOR,ROVOR 20MG TAB (RIVAROXABAN) (TORRENT),RIVAROXABAN,20MG,tablet,df-2929601942,TORRENT,false,true
17283,IXAROLA,IXAROLA 15MG TAB (RIVAROXABAN) (BAYER),RIVAROXABAN,15MG,tablet,df-2929601942,BAYER,false,true
5213,CERUVIN A,CERUVIN A 75MG CAP (CLOPIDOGREL+ ASPRIN) (SUN),CLOPIDOGREL+ASPRIN,75MG,capsule,df-9555626637,SUN,false,true
1427,CLOPIVAS AP,CLOPIVAS AP 75MG TAB (CLOPIDOGREL+ASPIRIN) (CIPLA),CLOPIDOGREL+ASPRIN,75MG,tablet,df-2929601942,CIPLA,false,true
2099,CLOPITAB A,CLOPITAB A 150MG CAP (CLOPIDOGREL+ASPIRIN) (LUPIN),CLOPIDOGREL+ASPRIN,150MG,capsule,df-9555626637,LUPIN,false,true
3066,CLOPIVAS AP,CLOPIVAS AP 150MG TAB (CLOPIDOGREL+ASPIRIN) (CIPLA),CLOPIDOGREL+ASPRIN,150MG,tablet,df-2929601942,CIPLA,false,true
784,DEPLATT A,DEPLATT A 75MG TAB (CLOPIDOGREL+ASPIRIN) (TORRENT),CLOPIDOGREL+ASPRIN,75MG,tablet,df-2929601942,TORRENT,false,true
661,DEPLATT A,DEPLATT A 150MG TAB (CLOPIDOGREL+ASPIRIN) (TORRENT),CLOPIDOGREL+ASPRIN,150MG,tablet,df-2929601942,TORRENT,false,true
636,CLOPITAB A,CLOPITAB A 75MG CAP (CLOPIDOGREL+ASPIRIN) (LUPIN),CLOPIDOGREL+ASPRIN,75MG,capsule,df-9555626637,LUPIN,false,true
307,CLAVIX AS,CLAVIX AS 75MG TAB (CLOPIDOGREL+ASPIRIN) (INTAS),CLOPIDOGREL+ASPRIN,75MG,tablet,df-2929601942,INTAS,false,true
308,CLAVIX AS,CLAVIX AS 150MG TAB (ASPIRIN+CLOPIDOGREL) (INTAS),CLOPIDOGREL+ASPRIN,150MG,tablet,df-2929601942,INTAS,false,true
326,CLOPILET A,CLOPILET A 75MG CAP (CLOPIDOGREL+ASPIRIN) (SUN PHARMA),CLOPIDOGREL+ASPRIN,75MG,capsule,df-9555626637,SUN,false,true
350,ALLEGRA,ALLEGRA 180MG TAB (FEXOFENADINE) (SANOFI),FEXOFENADINE 180MG,180MG,tablet,df-2929601942,SANOFI,false,true
3513,PREGABID NT,PREGABID NT TAB (PREGABALIN+NORTRIPTYLINE) (INTAS),"PREGABALIN,NORTRIPTYLINE",,tablet,df-2929601942,INTAS,false,true
16969,NERVMAX NT,NERVMAX NT TAB (PREGABALIN+NORTRIPTYLINE) (ALKEM),"PREGABALIN,NORTRIPTYLINE",,tablet,df-2929601942,ALKEM,false,true
15541,RESNER PLUS,RESNER PLUS TAB (PREGABALIN+METHYLCOBALAMIN+NORTRIPTYLINE) (LUPIN),"PREGABALIN,NORTRIPTYLINE",,tablet,df-2929601942,LUPIN,false,true
14543,GB 29 TOTAL,GB 29 TOTAL TAB (PREGABALIN+NORTRIPTYLINE+MATHYLCOBALAMINE) (CORONA),"PREGABALIN,NORTRIPTYLINE",,tablet,df-2929601942,CORONA,false,true
12456,NORPREGALIN,NORPREGALIN TAB (PREGABALIN+NORTRIPTYLINE) (TORRENT),"PREGABALIN,NORTRIPTYLINE",,tablet,df-2929601942,TORRENT,false,true
4945,VALCIVIR,VALCIVIR 1GM TAB (VALACICLOVIR) (CIPLA),VELCYCLOVIR,1GM,tablet,df-2929601942,CIPLA,false,true
6711,OCID,OCID 20MG CAP (OMEPRAZOLE) (ZYDUS),OMEPRAZOLE,20MG,capsule,df-9555626637,ZYDUS,false,true
8223,PANGRAF,PANGRAF 0.5MG CAP (TACROLIMUS) (PANACEA BIOTEC),TACROLIMUS,0.5MG,capsule,df-9555626637,PANACEA,false,true
8224,PANGRAF,PANGRAF 1MG CAP (TACROLIMUS) (PANECEA BIOTEC),TACROLIMUS,1MG,capsule,df-9555626637,PANACEA,false,true
12074,PANGRAF,PANGRAF 2MG CAP (TACROLIMUS) (PANACEA BIOTEC),TACROLIMUS,2MG,capsule,df-9555626637,PANACEA,false,true
9524,TOCIN,TOCIN (TOBRAMYCIN) 80MG 2ML INJ (UNITED BIOTECH),TOBRAMYCIN 80MG,,injection,df-7435419319,UNITED BIOTECH,false,true
16044,TOBACIN,TOBACIN (TOBRAMYCIN) 80MG 2ML INJ (ARISTO),TOBRAMYCIN 80MG,,injection,df-7435419319,ARISTO,false,true
4797,R CIN,R CIN 450MG CAP (RIFAMPICIN) (LUPIN),RIFAMPIN 450 MG,450MG,capsule,df-9555626637,LUPIN,false,true
4970,ENCORATE CHRONO,ENCORATE CHRONO 300MG TAB (SODIUM VALPROATE+VALPROIC ACID) (SUN),SODIUM VALPROATE 300MG,300MG,tablet,df-2929601942,SUN,false,true
11531,MINIRIN,MINIRIN 0.1MG TAB (DESMOPRESSIN) (FERRING),DESMOPRESSIN 0.1MG,0.1MG,tablet,df-2929601942,FERRING,false,true
13525,VOLITRA ENZO,VOLITRA ENZO TAB (TRYPSIN+BROMELAIN+RUTOSIDE+DICLOFENAC) (SUN),"TRYPSIN,BROMELAIN,RUTOSIDE & PAPAIN",,tablet,df-2929601942,SUN,false,true
15958,ACTIDE,ACTIDE (OCTREOTIDE) 100MCG INJ (SAMARTH),OCTREOTIDE 50MCG,,injection,df-7435419319,SAMARTH,false,true
11829,ACTIDE,ACTIDE (OCTREOTIDE) 50MCG 1ML INJ (SAMARTH),OCTREOTIDE 50MCG,,injection,df-7435419319,SAMARTH,false,true
8246,OCTOTIDE,OCTOTIDE (OCTREOTIDE) 50MCG 1ML INJ (TROIKAA),OCTREOTIDE 50MCG,,injection,df-7435419319,TROIKAA,false,true
8135,OCTRIDE,OCTRIDE (OCTREOTIDE) 50MCG 1ML INJ (SUN),OCTREOTIDE 50MCG,,injection,df-7435419319,SUN,false,true
8149,BON K2 HD,BON K2 HD TAB (CALCIUM+VITAMIN D3+VITAMIN K2-7) (INTEGRACE),CALCIUM + VIT D3,,tablet,df-2929601942,INTEGRACE,false,true
5113,SHELCAL HD,SHELCAL HD TAB (CALCIUM+VITAMIN D3) (TORRENT),CALCIUM + VIT D3,,tablet,df-2929601942,TORRENT,false,true
6119,SHELCAL,SHELCAL SYP (TORRENT),CALCIUM + VIT D3,,syrup,df-4608470948,TORRENT,false,true
6285,OSTOCALCIUM,OSTOCALCIUM 200ML SYP (GSK),CALCIUM + VIT D3,200ML,syrup,df-4608470948,GSK,false,true
6634,SHELCAL,SHELCAL 250MG TAB (CALCIUM+VITAMIN D3) (TORRENT),CALCIUM + VIT D3,250MG,tablet,df-2929601942,TORRENT,false,true
7338,CORCIUM D3,CORCIUM D3 TAB (CALCIUM+VITAMIN D3+L-ARGININE) (LUPIN),CALCIUM + VIT D3,,tablet,df-2929601942,LUPIN,false,true
919,SHELCAL,SHELCAL 500MG TAB (CALCIUM+VITAMIN D) (TORRENT),CALCIUM + VIT D3,500MG,tablet,df-2929601942,TORRENT,false,true
16134,B2D,B2D CAP (CALCITRIOL+CALCIUM+ZINC+VIT K2-7+METHYLCOBALAMIN+L-METHYL FOLATE) (WONSET),CALCIUM + VIT D3,,capsule,df-9555626637,WONSET,false,true
12922,SHELCAL XT,SHELCAL XT TAB (CALCIUM+VITAMIN D3+METHYLCOBALAMIN+L-METHYLFOLATE+PYRIDOXAL) (TORRENT),CALCIUM + VIT D3,,tablet,df-2929601942,TORRENT,false,true
16193,CORALIUM D3,CORALIUM D3 TAB (CALCIUM+VITAMIN D3) (ZUVENTUS),CALCIUM + VIT D3,,tablet,df-2929601942,ZUVENTUS,false,true
16203,CC 74 CHEWABLE,CC 74 CHEWABLE TAB (CORAL CALCIUM+VITAMIN D3) (DR REDDY),CALCIUM + VIT D3,,tablet,df-2929601942,DR REDDY,false,true
16325,REPATHA,REPATHA (EVOLOCUMAB) 140MG/ML INJ (DR REDDY),EVOLOCUMAB,,injection,df-7435419319,DR REDDY,false,true
3150,SYMBAL,SYMBAL 20MG TAB (DULOXETINE) (TORRENT),DULOXETINE 20MG,20MG,tablet,df-2929601942,TORRENT,false,true
6583,DULOT,DULOT 20MG CAP (DULOXETINE) (LUPIN),DULOXETINE 20MG,20MG,capsule,df-9555626637,LUPIN,false,true
5322,MYONIT INSTA,MYONIT INSTA TAB (NITROGLYCERIN) (TROIKAA),GLYCERYL TRINITRATE 6.4MG,,tablet,df-2929601942,TROIKAA,false,true
11878,TAZOWIN,TAZOWIN (PENTAZOCINE) 1ML INJ (THEMIS),PENTAZOCIN 30MG/ML,,injection,df-7435419319,THEMIS,false,true
873,CIPLOX TZ,CIPLOX TZ TAB (CIPROFLOXACIN+TINIDAZOLE) (CIPLA),CIPROFLOXACIN+TINIDAZOLE,,tablet,df-2929601942,CIPLA,false,true
10482,CALPOL T,CALPOL T TAB (TRAMADOL+ACETAMINOPHEN) (GSK),"TRAMADOL,PARACETAMOL",,tablet,df-2929601942,GSK,false,true
16587,DECOTRAM PD,DECOTRAM PD TAB (TRAMADOL HCL+PARACETAMOL+DOMPERIDONE) (WORTH),"TRAMADOL,PARACETAMOL",,tablet,df-2929601942,WORTH,false,true
15909,SEPTRAN DS,SEPTRAN DS TAB (SULFAMETHOXAZOLE+TRIMETHOPRIM) (KOYE),SULFAMETHOXAZOLE+TRIMETHOPRIM,,tablet,df-2929601942,KOYE,false,true
12961,QZEN STRONG,QZEN STRONG TAB (COENZYME Q10+EPA+DHA+LYCOPENE) (ZENO),COENZYME 10MG,,tablet,df-2929601942,ZENO,false,true
6991,CO-10,CO-10 CAP (COENZYME Q-10) (ALBUS),COENZYME 10MG,,capsule,df-9555626637,ALBUS,false,true
12268,LICOLATE,LICOLATE (GLYCOPYRROLATE) 1ML INJ (SAMARTH),GLYCOPYROLATE 0.2MG/ML,,injection,df-7435419319,SAMARTH,false,true
8979,GLYCOLATE,GLYCOLATE 2MG TAB (GLYCOPYRROLATE) (INTAS),GLYCOPYROLATE 0.2MG/ML,2MG,tablet,df-2929601942,INTAS,false,true
715,PYROLATE,PYROLATE (GLYCOPYRROLATE) 1ML INJ  (NEON),GLYCOPYROLATE 0.2MG/ML,,injection,df-7435419319,NEON,false,true
16253,NEBZMART G  SMARTULES,NEBZMART G 25MCG SMARTULES (GLYCOPYRROLATE) (GLENMARK),GLYCOPYROLATE 0.2MG/ML,25MCG,respule,df-9534758258,GLENMARK,false,true
17339,LEVOMAC,LEVOMAC (LEVOFLOXACIN) 100ML INJ (MACLEODS),LEVOFLOXACIN 500MG/100ML,,injection,df-7435419319,MACLEODS,false,true
849,LEVOFLOX,LEVOFLOX (LEVOFLOXACIN) 100ML INJ (CIPLA),LEVOFLOXACIN 500MG/100ML,,injection,df-7435419319,CIPLA,false,true
822,FEBRINIL,FEBRINIL (PARACETAMOL) 3ML INJ (SVIZERA),PARACETAMOL 0.150GM,,injection,df-7435419319,SVIZERA,false,true
17055,INTEMOL,INTEMOL (PARACETAMOL) 2ML INJ (NEON) INJ,PARACETAMOL 0.150GM,,injection,df-7435419319,NEON,false,true
15965,EPTIFAB,EPTIFAB (EPTIFIBATIDE) 10ML INJ (ABBOTT),EPTIFIBATIDE,,injection,df-7435419319,ABBOTT,false,true
15666,INTIFLO,INTIFLO (EPTIFIBATIDE) 10ML INJ (CIPLA),EPTIFIBATIDE,,injection,df-7435419319,CIPLA,false,true
1039,CLOTIDE,CLOTIDE (EPTIFIBATIDE) 10ML INJ (BIOCON),EPTIFIBATIDE,,injection,df-7435419319,BIOCON,false,true
1040,CLOTIDE,CLOTIDE (EPTIFIBATIDE) 100ML INJ (BIOCON),EPTIFIBATIDE,,injection,df-7435419319,BIOCON,false,true
1052,URIMAX D,URIMAX D TABLET (TAMSULOSIN HCL+DUTASTERIDE) (CIPLA),TAMSULOSIN & DUTASTERIDE,,tablet,df-2929601942,CIPLA,false,true
15983,TAMDURA,TAMDURA CAP (TAMSULOSIN HCL+DUTASTERIDE) (SUN),TAMSULOSIN & DUTASTERIDE,,capsule,df-9555626637,SUN,false,true
16021,FLODART PLUS,FLODART PLUS CAP (TAMSULOSIN+DUTASTERIDE) (ARISTO),TAMSULOSIN & DUTASTERIDE,,capsule,df-9555626637,ARISTO,false,true
16384,TAMLOCEPT D,TAMLOCEPT D CAP (TAMSULOSIN HCL+DUTASTERIDE) (LUPIN),TAMSULOSIN & DUTASTERIDE,,capsule,df-9555626637,LUPIN,false,true
2372,ARKAMIN,ARKAMIN 100MCG TAB (CLONIDINE) (TORRENT),CLONIDINE HCL 100MCG,100MCG,tablet,df-2929601942,TORRENT,false,true
9410,RAPISONE SR,RAPISONE SR CAP (EPERISONE HCL) (ABBOTT),EPRISON,,capsule,df-9555626637,ABBOTT,false,true
6494,BASALOG,BASALOG (INSULIN GLARGINE) 100IU/ML 5ML INJ (BIOCON),INSULIN GLARGINE 100IU/10ML,,injection,df-7435419319,BIOCON,false,true
14810,BASAGLAR KWIK PEN,BASAGLAR KWIK PEN (INSULIN GLARGINE) 100IU/ML INJ (CIPLA),INSULIN GLARGINE 100IU/10ML,,injection,df-7435419319,CIPLA,false,true
14811,BASAGLAR CARTRIDGES,BASAGLAR CARTRIDGES (INSULIN GLARGINE) 100IU/ML INJ (CIPLA),INSULIN GLARGINE 100IU/10ML,,injection,df-7435419319,CIPLA,false,true
13069,TOUJEO SOLOSTAR,TOUJEO SOLOSTAR (INSULIN GLARGINE) 300U/ML INJ (SANOFI),INSULIN GLARGINE 100IU/10ML,,injection,df-7435419319,SANOFI,false,true
8304,OCTOTIDE,OCTOTIDE (OCTREOTIDE) 100MCG 1ML INJ (TROIKAA),OCTREOTIDE 100MCG,,injection,df-7435419319,TROIKAA,false,true
8382,UNIPLATIN,UNIPLATIN (CISPLATIN) 50MG INJ (UNITED BIOTECH),CISPLATIN 50MG,,injection,df-7435419319,UNITED BIOTECH,false,true
8133,CISMAX,CISMAX (CISPLATIN) 50MG INJ (GLS),CISPLATIN 50MG,,injection,df-7435419319,GLS,false,true
12058,BLUEJECT,BLUEJECT (METHYLENE BLUE) INJ (DANGI LAB),METHYLENE BLUE,,injection,df-7435419319,DANGI LAB,false,true
12341,ARTIFLO,ARTIFLO 2MG TAB (NICOUMALONE) (ZUVENTUS),NICOUMALONE 2MG,2MG,tablet,df-2929601942,ZUVENTUS,false,true
736,ACITROM,ACITROM 2MG TAB (NICOUMALONE) (ABBOTT) {*} {#}},NICOUMALONE 2MG,2MG,tablet,df-2929601942,ABBOTT,false,true
545,SURVEC,SURVEC (VECURONIUM) 4MG INJ (GLAND PHARMA),VECURONIUM BROMIDE 4MG,,injection,df-7435419319,GLAND PHARMA,false,true
3626,KABIVEC,KABIVEC (VECURONIUM BROMIDE) 4MG 2ML INJ (FRESENIUS KABI),VECURONIUM BROMIDE 4MG,,injection,df-7435419319,FRESENIUS,false,true
17208,SCORBIX Z,SCORBIX Z TABLET (VITAMIN C+ZINC) (FUSION),"VITAMIN C,IRON,ZINC",,tablet,df-2929601942,FUSION,false,true
3086,PLASMA FLUX P2 DRY,PLASMA FLUX P2 DRY (POLYSULFONS) (FRESENIUS),DIALYSIS,,infusion,df-374189216,FRESENIUS,false,true
2002,REDOTIL,REDOTIL 100MG CAP (RACECADOTRIL) (DR.REDDY),RACECADOTRIL 10MG,100MG,capsule,df-9555626637,DR REDDY,false,true
11812,ZEDOTT BABY,ZEDOTT BABY POWDER 1GM (RACECADOTRIL) (TORRENT),RACECADOTRIL 10MG,1GM,powder,df-9603977956,TORRENT,false,true
8175,FHEAL PESSARIES,FHEAL PESSARIES (TRITICUM VULGARE) (LUPIN),TRITICUM VULGARE,,tablet,df-2929601942,LUPIN,false,true
766,OFLOX,OFLOX (OFLOXACIN) 100ML INJ (CIPLA)   {#},OFLOXACIN 100ML,,injection,df-7435419319,CIPLA,false,true
756,LOSACAR,LOSACAR 50MG TAB (LOSARTAN POTASSIUM) (ZYDUS),LOSARTAN 50MG,50MG,tablet,df-2929601942,ZYDUS CARDIVA,false,true
2624,LOSAR,LOSAR 50MG TAB (LOSARTAN) (TORRENT),LOSARTAN 50MG,50MG,tablet,df-2929601942,TORRENT,false,true
6798,KETASMA,KETASMA TAB (KETOTIFEN) (SUN),KETOTIFEN 1MG,,tablet,df-2929601942,SUN,false,true
10831,IROSOME,IROSOME CAP (FERRIC PYROPHOSPHATE+MULTIVITAMIN+FOLIC ACID) (MEDIART),FERRIC PYROPHOSPHATE,,capsule,df-9555626637,MEDIART,false,true
14715,MUMFER-MAX,"MUMFER-MAX TAB (FERRIC PYROPHOSPHATE+VITAMIN C,B12+FOLIC ACID) (INTEGRACE)",FERRIC PYROPHOSPHATE,,tablet,df-2929601942,INTEGRACE,false,true
15872,FEREN,FEREN 30MG TAB (FERRIC PYROPHOSPHATE) (RENCORD),FERRIC PYROPHOSPHATE,30MG,tablet,df-2929601942,RENCORD,false,true
717,SUCOL,SUCOL (SUCCINYL CHOLINE) 10ML INJ (NEON),SUCCINYLCHOLINE CHLORIDE 50MG/ML,,injection,df-7435419319,NEON,false,true
826,ACITROM,ACITROM 3MG TAB (NICOUMALONE) (ABBOTT) {*} {#},NICOUMALONE 3MG,3MG,tablet,df-2929601942,ABBOTT,false,true
12342,ARTIFLO,ARTIFLO 3MG TAB (NICOUMALONE) (ZUVENTUS),NICOUMALONE 3MG,3MG,tablet,df-2929601942,ZUVENTUS,false,true
8129,ZYRCOLD,ZYRCOLD SYP (DR REDDY),AMBROXOLHCL+CETRIZINE HCL,,syrup,df-4608470948,DR REDDY,false,true
16041,LECOPE AD,LECOPE AD TAB (LEVOCETIRIZINE+PHENYLEPHRINE+AMBROXOL) (MANKIND),AMBROXOLHCL+CETRIZINE HCL,,tablet,df-2929601942,MANKIND,false,true
10091,TRAVACOM EYE,TRAVACOM EYE DROP (TIMOLOL+TRAVOPROST) (ALCON),TRAVAPROST+TIMOLOL,,drop,df-2859918947,ALCON,false,true
242,AMINOPHYLLINE,AMINOPHYLLINE 10ML INJ (RATHI LAB),AMINOPHYLLINE 350MG,10ML,injection,df-7435419319,RATHI LAB,false,true
7542,MEROCRIT,MEROCRIT (MEROPENEM) 250MG INJ (CIPLA)   {#},MEROPENEM 250MG,,injection,df-7435419319,CIPLA,false,true
9761,PEGSTIM,PEGSTIM (PEGFILGRASTIM) 6MG INJ (ZYDUS CADILA),PEGFILGRASTIM,,injection,df-7435419319,ZYDUS CADILA,false,true
7142,ATARAX,ATARAX DROP 15ML (HYDROXYZINE) (DR REDDY),HYDROXYZINE,15ML,drop,df-2859918947,DR REDDY,false,true
4259,ATARAX,ATARAX 100ML SYP (DR REDDY),HYDROXYZINE,100ML,syrup,df-4608470948,DR REDDY,false,true
2010,NASOCLEAR NASAL,NASOCLEAR NASAL DROP 20ML (SODIUM CHLORIDE) (ZYDUS CADILA),SODIUM CHLORIDE,20ML,drop,df-2859918947,ZYDUS CADILA,false,true
1958,URSOCOL,URSOCOL 300MG TAB (URSODEOXYCHOLIC ACID) (SUN),URSODESOXYCHOLIC ACID 300MG,300MG,tablet,df-2929601942,SUN,false,true
5560,UDILIV,UDILIV 300MG TAB (URSODEOXYCHOLIC ACID) (ABBOTT),URSODESOXYCHOLIC ACID 300MG,300MG,tablet,df-2929601942,ABBOTT,false,true
12814,GOLBI,GOLBI 300MG TAB (URSODEOXYCHOLIC ACID) (INTAS),URSODESOXYCHOLIC ACID 300MG,300MG,tablet,df-2929601942,INTAS,false,true
17140,UDGRACE,UDGRACE 300MG TAB (URSODEOXYCHOLIC ACID) (ALNICHE),URSODESOXYCHOLIC ACID 300MG,300MG,tablet,df-2929601942,ALNICHE,false,true
2587,TUSQ D LOZENGES,TUSQ D LOZENGES (DEXTROMETHORPHAN+AMYLMETACRESOL) (BLUE CROSS),DEXTROMETHORPHAN,,tablet,df-2929601942,BLUE CROSS,false,true
6899,DROTIN DS,DROTIN DS TAB (DROTAVERINE) (WALTER BUSHNELL),DROTAVERINE 80MG,,tablet,df-2929601942,WALTER BUSHNELL,false,true
17168,DROBUS A,DROBUS A TAB (DROTAVERINE HCL+ACECLOFENAC) (DEMORBUS),DROTAVERINE 80MG,,tablet,df-2929601942,DERMOBUS,false,true
14612,XYLISTIN FORTE PLUS,XYLISTIN FORTE PLUS (COLISTIMETHATE SODIUM) 3MIU INJ (CIPLA),COLISTIMETHATE SODIUM 3MIU,,injection,df-7435419319,CIPLA,false,true
6685,COLYMONAS,COLYMONAS (COLISTIMETHATE SODIUM) 3MIU INJ (GLENMARK),COLISTIMETHATE SODIUM 3MIU,,injection,df-7435419319,GLENMARK,false,true
11636,GUFICOL,GUFICOL (COLISTIMETHATE SODIUM) 3MIU INJ (GUFIC),COLISTIMETHATE SODIUM 3MIU,,injection,df-7435419319,GUFIC,false,true
6445,MDD XR,MDD XR 100MG TAB (DESVENLAFAXINE) (ABBOTT),DESVENLAFAXINE 50MG,100MG,tablet,df-2929601942,ABBOTT,false,true
6890,D-VENIZ,D-VENIZ 50MG TAB (DESVENLAFEXINE) (SUN),DESVENLAFAXINE 50MG,50MG,tablet,df-2929601942,SUN,false,true
7672,DESVEREN,DESVEREN 50MG TAB (DESVENLAFAXINE) (LA RANON),DESVENLAFAXINE 50MG,50MG,tablet,df-2929601942,LA RENON,false,true
4750,MDD XR,MDD XR 50MG TAB (DESVENLAFAXINE) (ABBOTT),DESVENLAFAXINE 50MG,50MG,tablet,df-2929601942,ABBOTT,false,true
5360,MET XL R,MET XL R 25/5MG TAB (METOPROLOL+RAMIPRIL) (AJANTA),METOPROLOL 25MG RAMIPRIL 5,25/5MG,tablet,df-2929601942,AJANTA,false,true
5467,MET XL R,MET XL R 50/5MG TAB (METOPROLOL+RAMIPRIL) (AJANTA),METOPROLOL 25MG RAMIPRIL 5,50/5MG,tablet,df-2929601942,AJANTA,false,true
8006,SITCOM,SITCOM TAB (EUPHORBIA PROSTRATA EXTRACT) (MANKIND),EUPHORBIA PROSTRATA,,tablet,df-2929601942,MANKIND,false,true
2592,SITCOM,SITCOM CREAM 30GM (EUPHORBIA PROSTRATA) (PANACEA),EUPHORBIA PROSTRATA,30GM,cream,df-3472438845,PANACEA,false,true
1788,NUCOXIA,NUCOXIA 60MG TAB (ETORICOXIB) (ZYDUS),ETORICOXIB,60MG,tablet,df-2929601942,ZYDUS CARDIVA,false,true
1789,NUCOXIA,NUCOXIA 90MG TAB (ETORICOXIB) (ZYDUS),ETORICOXIB,90MG,tablet,df-2929601942,ZYDUS CARDIVA,false,true
1790,NUCOXIA,NUCOXIA 120MG TAB (ETORICOXIB) (ZYDUS),ETORICOXIB,120MG,tablet,df-2929601942,ZYDUS CADILA,false,true
8953,EZACT,EZACT 60MG TAB (ETORICOXIB) (SUN),ETORICOXIB,60MG,tablet,df-2929601942,SUN,false,true
7780,EZACT,EZACT 90MG TAB (ETORICOXIB) (SUN),ETORICOXIB,90MG,tablet,df-2929601942,SUN,false,true
7781,EZACT MR,EZACT MR TAB (ETORICOXIB+THIOCOLCHICOSIDE) (SUN),ETORICOXIB,,tablet,df-2929601942,SUN,false,true
7330,ETOSHINE,ETOSHINE 90MG TAB (ETORICOXIB) (SUN),ETORICOXIB,90MG,tablet,df-2929601942,SUN,false,true
7834,PANTEX,PANTEX 40MG TAB (PANTOPRAZOLE) (TPPL),PANTOPRAZOLE 40MG,40MG,tablet,df-2929601942,TPPL,false,true
7835,PANTEX DSR,PANTEX DSR CAP (PANTOPRAZOLE+DOMPERIDONE) (TPPL),PANTOPRAZOLE 40MG,,capsule,df-9555626637,TPPL,false,true
5464,PANTAKIND,PANTAKIND 40MG TAB (PANTOPRAZOLE) (MANKIND),PANTOPRAZOLE 40MG,40MG,tablet,df-2929601942,MANKIND,false,true
11481,PANSEC,PANSEC 40MG TAB (PANTOPRAZOLE) (CIPLA),PANTOPRAZOLE 40MG,40MG,tablet,df-2929601942,CIPLA,false,true
317,PANTOCID,PANTOCID 40MG TAB (PANTOPRAZOLE) (SUN),PANTOPRAZOLE 40MG,40MG,tablet,df-2929601942,SUN,false,true
643,PAN,PAN 40MG TAB (PANTOPRAZOLE) (ALKEM),PANTOPRAZOLE 40MG,40MG,tablet,df-2929601942,ALKEM,false,true
1243,PANSEC,PANSEC (PANTOPRAZOLE) 40MG INJ (CIPLA),PANTOPRAZOLE 40MG,,injection,df-7435419319,CIPLA,false,true
13949,PRASOZOLE,PRASOZOLE (PANTOPRAZOLE) 40MG INJ (QUNTIS),PANTOPRAZOLE 40MG,,injection,df-7435419319,QUNTIS,false,true
13798,PRASOPHEG,PRASOPHEG (PANTOPRAZOLE) 40MG INJ (SANDOZ),PANTOPRAZOLE 40MG,,injection,df-7435419319,SANDOZ,false,true
17324,G2K,G2K (PENTOPRAZOLE) 40MG INJ (B.E.),PANTOPRAZOLE 40MG,,injection,df-7435419319,B.E.,false,true
4687,AUROGREEN,AUROGREEN (INDOCYANINE GREEN) 25MG INJ (AUROLAB),INDOCANINE REEN 25M,,injection,df-7435419319,AUROLAB,false,true
274,BETADINE,BETADINE 10% OINT (POVIDONE IODINE) (WIN-MEDICARE),POVIDONE IODINE,10%,ointment,df-3972100204,WIN-MEDICARE,false,true
275,BETADINE,BETADINE OINT 125GM (POVIDONE IODINE) (WIN MEDICARE),POVIDONE IODINE,125GM,ointment,df-3972100204,WIN-MEDICARE,false,true
15115,CIPLADINE,CIPLADINE OINT 10GM (POVIDONE IODINE) (CIPLA),POVIDONE IODINE,10GM,ointment,df-3972100204,CIPLA,false,true
16183,CADOMER,CADOMER OINT 10GM (CADEXOMER IODINE) (JB CHEMICAL),POVIDONE IODINE,10GM,ointment,df-3972100204,JB CHEMICAL,false,true
12642,FEVIMORE,FEVIMORE CAP (MULTIVITAMIN) (WALRON),"FERROUS SULPHATE FOLIC ACID VIT B12 ,B6",,capsule,df-9555626637,WALRON,false,true
16085,DOLENTIA FAST,DOLENTIA FAST (DICLOFENAC) 75MG 1ML INJ (AKUMENTIS),DICLOFENAC SODIUM 75MG,,injection,df-7435419319,AKUMENTIS,false,true
15209,GERIJOINT,GERIJOINT CAP (COLLAGEN TYPE II) (ALEMBIC),Collagen peptide 10 GM+Glucosamine 1500 MG+Vitamin C 35 MG,,capsule,df-9555626637,ALEMBIC,false,true
14358,COLLASMART A,COLLASMART A CAP (AFLAPIN+COLLAGEN TYPE II) (INTEGRACE),Collagen peptide 10 GM+Glucosamine 1500 MG+Vitamin C 35 MG,,capsule,df-9555626637,INTEGRACE,false,true
11999,CARTILOX,CARTILOX 10.45GM SACHET (DR REDDY),Collagen peptide 10 GM+Glucosamine 1500 MG+Vitamin C 35 MG,10.45GM,powder,df-9603977956,DR REDDY,false,true
834,CONCOR COR,CONCOR COR 2.5MG TAB (BISOPROLOL) (MERCK),BISOPROLOL 2.5MG,2.5MG,tablet,df-2929601942,MERCK,false,true
1994,CORBIS,CORBIS 2.5MG TAB (BISOPROLOL) (TORRENT),BISOPROLOL 2.5MG,2.5MG,tablet,df-2929601942,TORRENT,false,true
12414,ETOVA,ETOVA 400MG TAB (ETODOLAC) (IPCA),ETODOLAC 400MG,400MG,tablet,df-2929601942,LA RENON,false,true
15589,ETOVA ER,ETOVA ER 400MG TAB (ETODOLAC) (IPCA),ETODOLAC 400MG,400MG,tablet,df-2929601942,IPCA,false,true
15590,ETOVA ER,ETOVA ER 600MG TAB (ETODOLAC) (IPCA),ETODOLAC 400MG,600MG,tablet,df-2929601942,IPCA,false,true
10056,RL GLASS,RL GLASS 500ML (K K LAB),RINGER ACETATE 500ML,500ML,infusion,df-374189216,K K LAB,false,true
10195,RINGER PLAIN GLASS,RINGER PLAIN GLASS 500ML (K K LAB),RINGER ACETATE 500ML,500ML,infusion,df-374189216,K K LAB,false,true
1208,RINGER PLAIN GLASS,RINGER PLAIN GLASS 500ML (DENIS),RINGER ACETATE 500ML,500ML,infusion,df-374189216,DENIS,false,true
264,AUGMENTIN DUO,AUGMENTIN DUO 1GM TAB (AMOXYCILLIN+POT.CLAVULANATE) (GSK),AMOXYCILLIN 875+CLAVULANIC ACID 125MG,1GM,tablet,df-2929601942,GSK,false,true
3141,LIOFEN,LIOFEN 10MG TAB (BACLOFEN) (SUN),BACLOFEN 10MG,10MG,tablet,df-2929601942,SUN,false,true
12972,LIOFEN XL,LIOFEN XL 10MG CAP (BACLOFEN) (SUN),BACLOFEN 10MG,10MG,capsule,df-9555626637,SUN,false,true
3318,EMBETA R,EMBETA R 25/2.5MG TAB (METOPROLOL+RAMIPRIL) (INTAS),RAMIPRIL +METOPROLOL,25/2.5MG,tablet,df-2929601942,INTAS,false,true
3319,EMBETA R,EMBETA R 5/50MG TAB (METOPROLOL+RAMIPRIL) (INTAS),RAMIPRIL +METOPROLOL,5/50MG,tablet,df-2929601942,INTAS,false,true
17167,FABIFLU,FABIFLU 400MG TAB (FAVIPIRAVIR) (GLENMARK),FEVIPIRAVIR,400MG,tablet,df-2929601942,GLENMARK,false,true
16966,FABIFLU,FABIFLU 200MG TAB (FAVIPIRAVIR) (GLENMARK),FEVIPIRAVIR,200MG,tablet,df-2929601942,GLENMARK,false,true
14069,DIFIDOX,DIFIDOX (DOXYCYCLINE) 100MG INJ (FUSION),DOXYCYCLINE 100MG,,injection,df-7435419319,FUSION,false,true
801,DOXY 1 LDR FORTE,DOXY 1 LDR FORTE CAP (DOXYCYCLINE+LACTIC ACID BACILLUS) (USV) {*},DOXYCYCLINE 100MG,,capsule,df-9555626637,USV,false,true
1359,DOXYPAL DR-L,DOXYPAL DR-L CAP (DOXYCYCLINE+LACTIC ACID BACILLUS) (JAGSONPAL),DOXYCYCLINE 100MG,,capsule,df-9555626637,JAGSONPAL,false,true
266,ECOSPRIN,ECOSPRIN 75MG TAB (ASPIRIN) (USV) {#},ASPIRIN 75MG,75MG,tablet,df-2929601942,USV,false,true
10406,MENOPACE ISO,MENOPACE ISO TAB (ISOFLAVONES+ANTIOXIDANTS+MICRONUTRIENTS) (MEYER),ISOFLAVON,,tablet,df-2929601942,MEYER,false,true
11937,PRUVICT,PRUVICT 1MG TAB (PRUCALOPRIDE) (TORRENT),PRUCALOPRIDE,1MG,tablet,df-2929601942,TORRENT,false,true
11938,PRUVICT,PRUVICT 2MG TABLET (PRUCALOPRIDE) (TORRENT),PRUCALOPRIDE,2MG,tablet,df-2929601942,TORRENT,false,true
13814,PRUEASE,PRUEASE 2MG TAB (PRUCALOPRIDE) (SUN),PRUCALOPRIDE,2MG,tablet,df-2929601942,SUN,false,true
13820,PRUEASE,PRUEASE 1MG TAB (PRUCALOPRIDE) (SUN),PRUCALOPRIDE,1MG,tablet,df-2929601942,SUN,false,true
17181,PRULITOP,PRULITOP 2MG TAB (PRUCALOPRIDE) (ALNICHE),PRUCALOPRIDE,2MG,tablet,df-2929601942,ALNICHE,false,true
9328,GLYCINE SOLUTION 3LTR.,GLYCINE SOLUTION 3LTR. (K K LAB),GLYCINE,,infusion,df-374189216,K K LAB,false,true
1342,ULGEL A,ULGEL A 200ML SYP (ALEMBIC),MAGALDRATE+SIMETHICONE+OXETACAINE,200ML,syrup,df-4608470948,ALEMBIC,false,true
3564,K-CIT,K-CIT 450ML SYP (DR REDDY),POTASSIUM CITRATE,450ML,syrup,df-4608470948,DR REDDY,false,true
9538,K-CIT,K-CIT 200ML SYP (DR REDDY),POTASSIUM CITRATE,200ML,syrup,df-4608470948,DR REDDY,false,true
8883,STON-1,STON-1 SYP (CIPLA),POTASSIUM CITRATE,,syrup,df-4608470948,CIPLA,false,true
10415,POTRATE-MB6,POTRATE-MB6 200ML SYP (INTAS),POTASSIUM CITRATE,200ML,syrup,df-4608470948,INTAS,false,true
16383,LUPILYZER,LUPILYZER 200ML SYP (LUPIN),POTASSIUM CITRATE,200ML,syrup,df-4608470948,LUPIN,false,true
3648,TOLIFAST D,TOLIFAST D TAB (TOLPERISONE HCL+DICLOFENAC) (LUPIN),TOLPERISONE+DICLOFENAC,,tablet,df-2929601942,LUPIN,false,true
6697,GRAVITOR,GRAVITOR 60MG TAB (PYRIDOSTIGMINE) (SUN),PYRIDOSTIGMINE 60MG,60MG,tablet,df-2929601942,SUN,false,true
11557,OCUREST EYE,OCUREST EYE DROP 10ML (NAPHAZOLINE+PHENYLEPHRINE) (CENTAUR),"Naphazoline(0.056% w/v),Hydroxypropylmethylcellulose(0.2% w/v),Chlorpheniramine(0.01%",10ML,drop,df-2859918947,CENTAUR,false,true
11868,MEZOL EYE,MEZOL EYE DROP 10ML (SYNTHO),"Naphazoline(0.056% w/v),Hydroxypropylmethylcellulose(0.2% w/v),Chlorpheniramine(0.01%",10ML,drop,df-2859918947,SYNTHO,false,true
10249,ANDRE PLUS EYE,ANDRE PLUS EYE DROP (INTAS),"Naphazoline(0.056% w/v),Hydroxypropylmethylcellulose(0.2% w/v),Chlorpheniramine(0.01%",,drop,df-2859918947,INTAS,false,true
13282,NEFAQ EYE,NEFAQ EYE DROP 10ML (NEPAFENAC) (AQUA),"Naphazoline(0.056% w/v),Hydroxypropylmethylcellulose(0.2% w/v),Chlorpheniramine(0.01%",10ML,drop,df-2859918947,AQUA,false,true
15606,NAZO PLUS EYE,NAZO PLUS EYE DROP 10ML (NAPHAZOLINE+CHLORPHENIRAMINE) (SYNOVIA),"Naphazoline(0.056% w/v),Hydroxypropylmethylcellulose(0.2% w/v),Chlorpheniramine(0.01%",10ML,drop,df-2859918947,SYNOVIA,false,true
3748,ATARAX,ATARAX 25MG TAB (HYDROXYZINE HCL) (DR. REDDY),HYDROXYZINE 25MG,25MG,tablet,df-2929601942,DR REDDY,false,true
8865,DEXTROSE 5 EH,DEXTROSE 5 EH 500ML (FRESENIUS),DEXTROSE 5% 500ML,500ML,infusion,df-374189216,FRESENIUS,false,true
15203,DEXTROSE 5 PLASTIC,DEXTROSE 5 PLASTIC 500ML (REALCAD),DEXTROSE 5% 500ML,500ML,infusion,df-374189216,REALCAD,false,true
14624,METROGYL,METROGYL 60ML SYP (JB CHEMICAL),METRONIDAZOLE 60ML,60ML,syrup,df-4608470948,JB CHEMICAL,false,true
7851,METROGYL,METROGYL 30ML SYP (JB CHEMICAL),METRONIDAZOLE 60ML,30ML,syrup,df-4608470948,JB CHEMICAL,false,true
6431,ZYLORIC,ZYLORIC 300MG TAB (ALLOPURINOL) (GSK),ALLOPURINOL,300MG,tablet,df-2929601942,GSK,false,true
1421,ZYLORIC,ZYLORIC 100MG TAB (ALLOPURINOL) (GSK),ALLOPURINOL,100MG,tablet,df-2929601942,GSK,false,true
1399,TOBRANEG,TOBRANEG (TOBRAMYCIN) 20MG 2ML INJ (ELDER),TOBRAMYCIN,,injection,df-7435419319,ELDER,false,true
1400,TOBRANEG,TOBRANEG (TOBRAMYCIN) 80MG 2ML INJ (ELDER),TOBRAMYCIN,,injection,df-7435419319,ELDER,false,true
1238,TOBAMIST  RESPULES,TOBAMIST 5ML RESPULES (TOBRAMYCIN) (CIPLA),TOBRAMYCIN,5ML,respule,df-9534758258,CIPLA,false,true
16744,TOBA-DM EYE,TOBA-DM EYE DROP 5ML (TOBRAMYCIN+DEXAMETHASONE) (SUN),TOBRAMYCIN,5ML,drop,df-2859918947,SUN,false,true
16739,REDRIM +,REDRIM + CAP (ELEMENTAL IRON+FOLIC ACID+LYSINE+THREONINE) (ERIS),--NA--,,capsule,df-9555626637,ERIS,false,true
16974,UNIAZ,UNIAZ 8MG TAB (AZELNIDIPINE) (TORRENT),--NA--,8MG,tablet,df-2929601942,TORRENT,false,true
16975,UNIAZ,UNIAZ 16MG TAB (AZELNIDIPINE) (TORRENT),--NA--,16MG,tablet,df-2929601942,TORRENT,false,true
17075,AIRZ  SMARTULES,AIRZ 25MCG SMARTULES (GLYCOPYRROLATE) (GLENMARK),--NA--,25MCG,respule,df-9534758258,GLENMARK,false,true
17091,NEXTGEAR LC,NEXTGEAR LC TAB (TOCOTRIENOL+MULTIVITAMINS) (HYMAX),--NA--,,tablet,df-2929601942,HYMAX,false,true
17185,SEPSIVAC,SEPSIVAC (HEAT COLD MW) INJ (ZYDUS CADILA),--NA--,,injection,df-7435419319,ZYDUS CADILA,false,true
17233,MORE FE,MORE FE CAP (IRON POLYSACCHARIDE) (AKOGNOS),--NA--,,capsule,df-9555626637,AKOGNOS,false,true
17145,IMIQUAD CREAM 3X5GM,IMIQUAD CREAM 3X5GM (GLENMARK),--NA--,,cream,df-3472438845,GLENMARK,false,true
17344,GEMTIDE CARTRIDGE,GEMTIDE CARTRIDGE (TERIPARATIDE) 3ML INJ (ALKEM),--NA--,,injection,df-7435419319,ALKEM,false,true
17292,DOCETRUST,DOCETRUST (DOCETAXEL) 80MG INJ (PANACEA),--NA--,,injection,df-7435419319,PANACEA,false,true
17293,DOCETRUST,DOCETRUST (DOCETAXEL) 20MG INJ (PANACEA),--NA--,,injection,df-7435419319,PANACEA,false,true
17279,RENIVA,RENIVA TAB (REMOGLIFLOZIN ETABONATE) (INTAS),--NA--,,tablet,df-2929601942,INTAS,false,true
17280,RENIVA M,RENIVA M 500MG TAB (REMOGLIFLOZIN+METFORMIN HCL) (INTAS),--NA--,500MG,tablet,df-2929601942,INTAS,false,true
17250,TENDOPRO,TENDOPRO CAP (COLLAGEN+MUCOPOLYSACCHARIDES+VITAMIN C) (MICRO),--NA--,,capsule,df-9555626637,MICRO,false,true
17346,FORGLYN INHALER,FORGLYN INHALER (FORMOTEROL+GLYCOPYRROLATE) (ZYDUS CADILA),--NA--,,inhaler,df-6760636010,ZYDUS CADILA,false,true
17388,NEOSPORIN SKIN,NEOSPORIN SKIN OINT 30GM (GSK),--NA--,30GM,ointment,df-3972100204,GSK,false,true
17445,BROHEX,BROHEX 100ML SYP (BIOCHEM),--NA--,100ML,syrup,df-4608470948,BIOCHEM,false,true
16342,AMANTEX,AMANTEX 100MG TAB (AMANTADINE) (INTAS),--NA--,100MG,tablet,df-2929601942,INTAS,false,true
16350,DOCECAD,DOCECAD (DOCETAXEL) 80MG INJ (ZYDUS CADILA),--NA--,,injection,df-7435419319,ZYDUS CADILA,false,true
16351,DOCECAD,DOCECAD (DOCETAXEL) 20MG INJ (ZYDUS CADILA),--NA--,,injection,df-7435419319,ZYDUS CADILA,false,true
16317,MAGIC 07,MAGIC 07 CAP (SEA BUCKTHORN OIL),--NA--,,capsule,df-9555626637,,false,true
16197,BORTEMIB,BORTEMIB (BORTEZOMIB) 2MG INJ (KLB),--NA--,,injection,df-7435419319,KLB,false,true
16726,OLEPTAL OD,OLEPTAL OD 450MG TAB (OXCARBAZEPINE) (TORRENT),--NA--,450MG,tablet,df-2929601942,TORRENT,false,true
16733,IMMUNOREL  IVIG,IMMUNOREL 10GM IVIG (IMMUNOGLOBULIN) 100ML INJ (RELIANCE),--NA--,10GM,injection,df-7435419319,RELIANCE,false,true
16417,GIBTULIO MET,GIBTULIO MET 12.5/1000MG TAB (EMPAGLIFLOZIN+METFORMIN HCL) (LUPIN),--NA--,12.5/1000MG,tablet,df-2929601942,LUPIN,false,true
16434,BILAHENZ,BILAHENZ 20MG TAB (BILASTINE) (LA RENON),--NA--,20MG,tablet,df-2929601942,LA RENON,false,true
16397,EPTIFAB,EPTIFAB (EPTIFIBATIDE) 100ML INJ (ABBOTT),--NA--,,injection,df-7435419319,ABBOTT,false,true
16569,SURVENTA,SURVENTA (BERACTANT) 4ML INJ (ABBOTT),--NA--,,injection,df-7435419319,ABBOTT,false,true
16572,NATAMET EYE,NATAMET EYE DROP 5ML (NATAMYCIN) (SUN),--NA--,5ML,drop,df-2859918947,SUN,false,true
16494,OCTAPLEX,OCTAPLEX (PROTHROMBIN) INJ (SERUM),--NA--,,injection,df-7435419319,SERUM,false,true
16504,SYNBETA,SYNBETA 1000MG TAB (AMOXYCILLIN+SULBACTAM) (ALNICHE),--NA--,1000MG,tablet,df-2929601942,ALNICHE,false,true
14808,FERORED,FERORED TAB (FERROUS ASCORBATE+FOLIC ACID) (BIOCELL),--NA--,,tablet,df-2929601942,BIOCELL,false,true
14771,MYONEXT,MYONEXT TAB (MYO-INOSITOL+MELATONIN+FOLIC ACID) (CADILA),--NA--,,tablet,df-2929601942,CADILA,false,true
15038,CAPD FLUID,CAPD FLUID 4.25% 2000ML (MITRA),--NA--,4.25%,infusion,df-374189216,MITRA,false,true
15047,MEM,MEM (METHYLERGOMETRINE) 0.2MG/1ML INJ (NEON),--NA--,,injection,df-7435419319,NEON,false,true
14868,VANKING,VANKING (VANCOMYCIN) 250MG INJ (NEON),--NA--,,injection,df-7435419319,NEON,false,true
15242,PLACOF-DMR,PLACOF-DMR SYP (PLA),--NA--,,syrup,df-4608470948,PLA,false,true
15330,ASTHAKIND DX,ASTHAKIND DX SYP (MANKIND),--NA--,,syrup,df-4608470948,MANKIND,false,true
15169,FINTOP-AF,FINTOP-AF CREAM 30GM (AMOROLFINE) (GLENMARK),--NA--,30GM,cream,df-3472438845,GLENMARK,false,true
15062,ACTIGUT,ACTIGUT CAP (PREBIOTIC+PROBIOTICS) (ALEMBIC),--NA--,,capsule,df-9555626637,ALEMBIC,false,true
15354,BROACT EYE,BROACT EYE DROP (MOXIFLOXACIN) (SYNOVIA ),--NA--,,drop,df-2859918947,SYNOVIA,false,true
15443,TRIOLMEZEST CH,TRIOLMEZEST CH 40MG TAB (OLMESARTAN+AMLODIPINE+CHLORTHALIDONE) (SUN),--NA--,40MG,tablet,df-2929601942,SUN,false,true
15438,TOBACIN EYE,TOBACIN EYE DROP 5ML (TOBRAMYCIN) (ARISTO),--NA--,5ML,drop,df-2859918947,ARISTO,false,true
15418,MG GOLD,MG GOLD TAB (MULTIVITAMINS) (ALBUS),--NA--,,tablet,df-2929601942,ALBUS,false,true
15591,CETROLIX,CETROLIX (CETRORELIX ACETATE) 0.25MG INJ (INTAS),--NA--,,injection,df-7435419319,INTAS,false,true
15548,DERMADEW ALOE LOTION,DERMADEW ALOE LOTION 50ML (ALOEVERA+LIQUID PARAFFIN) (H&H),--NA--,50ML,lotion,df-6941042110,H&H,false,true
15739,MEGANEURON NT,MEGANEURON NT 50MG TAB (PREGABALIN+NORTRIPTYLINE HCL) (ARISTO),--NA--,50MG,tablet,df-2929601942,ARISTO,false,true
15740,MEGANEURON NT,MEGANEURON NT 75MG CAP (PREGABALIN+NORTRIPTYLINE) (ARISTO),--NA--,75MG,capsule,df-9555626637,ARISTO,false,true
15778,VANKING,VANKING (VANCOMYCIN) 500MG INJ (NEON),--NA--,,injection,df-7435419319,NEON,false,true
15761,NEXPRO IT,NEXPRO IT CAP (ESOMEPRAZOLE+ITOPRIDE HCL) (TORRENT),--NA--,,capsule,df-9555626637,TORRENT,false,true
16127,LUMIVOID DEPIGMENTING,LUMIVOID DEPIGMENTING CREAM 15GM (TORRENT),--NA--,15GM,cream,df-3472438845,TORRENT,false,true
16135,ROSEUP HD,ROSEUP HD CAP (ROSEHIP+CURCUMA LONGA+AFLAPIN) (AAREEN),--NA--,,capsule,df-9555626637,AAREEN,false,true
15914,EASYFIVE VACCINE,EASYFIVE VACCINE (PANACEA),--NA--,,vaccine,df-5880427153,PANACEA,false,true
16026,LAMINO-GI PLUS,LAMINO-GI PLUS POWDER 200GM (LA RENON),--NA--,200GM,powder,df-9603977956,LA RENON,false,true
15952,TOFF DC,TOFF DC TAB (DEXTROMETHORPHAN+CHLORPHENIRAMINE+PHENYLEPHRINE HCL) (PANACEA BIOTEC),--NA--,,tablet,df-2929601942,PANACEA,false,true
13279,LULIDERM,LULIDERM CREAM 10GM (LULICONAZOLE) (ARISTO),--NA--,10GM,cream,df-3472438845,ARISTO,false,true
13430,BI-FOLATE,BI-FOLATE TAB (BIOTIN+L-METHYLFOLATE CALCIUM+METHYLCOBALAMIN+PYRIDOXAL) (KEPLAR),--NA--,,tablet,df-2929601942,KEPLER,false,true
13603,NEZACT POWDER NASAL,NEZACT POWDER NASAL SPRAY (SUN),--NA--,,powder,df-9603977956,SUN,false,true
13745,ZOTT P,ZOTT P TAB (ZELTOPROFEN+PARACETAMOL) (J.B. CHEMICAL),--NA--,,tablet,df-2929601942,JB CHEMICALS,false,true
14112,BIOTEE PLUS,BIOTEE PLUS TAB (N-ACETYL CYSTEINE+MINERALS) (TALENT INDIA),--NA--,,tablet,df-2929601942,TALENT INDIA,false,true
14146,ENSURE DIABETIC,ENSURE DIABETIC POWDER 400GM (ABBOTT),--NA--,400GM,powder,df-9603977956,ABBOTT,false,true
14230,COMBE FIVE,COMBE FIVE 0.5ML INJ (B.E.),--NA--,0.5ML,injection,df-7435419319,B.E.,false,true
14244,TIMOLET EYE,TIMOLET EYE DROP (TIMOLOL) (SUN),--NA--,,drop,df-2859918947,SUN,false,true
14253,EMCOR,EMCOR CREAM 15GM (DESOXIMETASONE ) (EMCURE),--NA--,15GM,cream,df-3472438845,EMCURE,false,true
14315,LARINJECT,LARINJECT (FERRIC CARBOXYMALTOSE) 500MG 10ML INJ (LA RENON),--NA--,,injection,df-7435419319,LA RENON,false,true
14354,HEPASANZ,HEPASANZ (L-ORNITHINE L-ASPARTATE) 10ML INJ (ESCARE),--NA--,,injection,df-7435419319,ESCARE,false,true
12944,LONGIFENE-A,LONGIFENE-A 200ML SYP (MANKIND),--NA--,200ML,syrup,df-4608470948,MANKIND,false,true
13047,ACTIVSTART UNOBIOTICS,ACTIVSTART UNOBIOTICS 1GM SACHET (CIPLA),--NA--,1GM,powder,df-9603977956,CIPLA,false,true
13144,REMICADE,REMICADE (INFLIXIMAB) 100MG INJ (JANSSEN),--NA--,,injection,df-7435419319,JANSSEN,false,true
13189,CLOP-G,CLOP-G CREAM 30GM (ZYDUS CADILA),--NA--,30GM,cream,df-3472438845,ZYDUS CADILA,false,true
12662,EASYSIX  VACCINE,EASYSIX 0.5ML VACCINE (PANACEA),--NA--,0.5ML,vaccine,df-5880427153,PANACEA,false,true
12639,LAMINO-GI,LAMINO-GI POWDER 200GM (LA RENON),--NA--,200GM,powder,df-9603977956,LA RENON,false,true
12498,NEVANAC EYE,NEVANAC EYE DROP (NEPAFENAC) (ALCON),--NA--,,drop,df-2859918947,ALCON,false,true
1207,NEOSPORIN SKIN,NEOSPORIN SKIN OINT 15GM (BACITRACIN+NEOMYCIN+POLYMYXIN B) (GSK),--NA--,15GM,ointment,df-3972100204,GSK,false,true
1398,ULGEL,ULGEL 200ML SYP (ALEMBIC),--NA--,200ML,syrup,df-4608470948,ALEMBIC,false,true
1430,AMBRODIL,AMBRODIL 100ML SYP (ARISTO),--NA--,100ML,syrup,df-4608470948,ARISTO,false,true
1760,ENSURE VANILLA,ENSURE VANILLA POWDER 400GM (ABBOTT),--NA--,400GM,powder,df-9603977956,ABBOTT,false,true
1884,CCM,CCM TAB (CALCIUM CITRATE+VITAMIN D3+FOLIC ACID) (GSK),--NA--,,tablet,df-2929601942,GSK,false,true
1812,AMINOVEN,AMINOVEN (AMINO ACID) 10% 500ML INJ (FRESENIUS KABI),--NA--,,injection,df-7435419319,FRESENIUS,false,true
2434,APTIVATE,APTIVATE 175ML SYP (LUPIN),--NA--,175ML,syrup,df-4608470948,LUPIN,false,true
3602,GENTEAL EYE,GENTEAL EYE DROP 10ML (HYDROXYPROPYL MTHYLCELLULOSE) (ALCON),--NA--,10ML,drop,df-2859918947,ALCON,false,true
3592,MOVICOL,MOVICOL POWDER 13.81GM (WIN-MEDICARE),--NA--,13.81GM,powder,df-9603977956,WIN-MEDICARE,false,true
3587,CLONEON,CLONEON (CLONIDINE) 1ML INJ (NEON),--NA--,,injection,df-7435419319,NEON,false,true
3989,RESWAS,RESWAS 120ML SYP (DR REDDY),--NA--,120ML,syrup,df-4608470948,DR REDDY,false,true
3991,PRISMA SOL CRRT FLUID 5LTR,PRISMA SOL CRRT FLUID 5LTR (GAMBRIO),--NA--,,infusion,df-374189216,GAMBRIO,false,true
4021,SHELCAL CT,SHELCAL CT TAB (CALCIUM+CALCITROL) (TORRENT),--NA--,,tablet,df-2929601942,TORRENT,false,true
3509,KETOROL,KETOROL (KETOROLAC) 30MG INJ (DR REDDY),--NA--,,injection,df-7435419319,DR REDDY,false,true
3472,CAPD FLUID,CAPD FLUID 2.5% 2000ML (MITRA),--NA--,2.5%,infusion,df-374189216,MITRA,false,true
3393,ENSURE POWDER CHOCOLATE,ENSURE POWDER CHOCOLATE 400GM (ABBOTT),--NA--,400GM,powder,df-9603977956,ABBOTT,false,true
3267,LIVOGEN XT,LIVOGEN XT TAB (FERROUS ASCORBATE+FOLIC ACID+ZINC SULPHATE) (MERCK),--NA--,,tablet,df-2929601942,MERCK,false,true
6430,NAPRA D,NAPRA D 250MG TAB (DOMPERIDONE+NAPROXEN) (INTAS),--NA--,250MG,tablet,df-2929601942,INTAS,false,true
6427,TUSQ DX,TUSQ DX 100 ML SYP (BLUE CROSS),--NA--,100 ML,syrup,df-4608470948,BLUE CROSS,false,true
6547,FERINJECT,FERINJECT (FERRIC CARBOXYMALTOSE)100MG 2ML INJ (LUPIN),--NA--,,injection,df-7435419319,LUPIN,false,true
6578,CADIPHYLATE,CADIPHYLATE 200ML SYP (ZYDUS CADILA),--NA--,200ML,syrup,df-4608470948,ZYDUS CADILA,false,true
6710,MEGANEURON,MEGANEURON CAP (METHYLCOBALAMIN+FOLIC ACID+ALPHA LIPOIC ACID) (ARISTO),--NA--,,capsule,df-9555626637,ARISTO,false,true
6695,METHERGIN,METHERGIN (METHYLERGOMETRINE) 0.2MG/ML INJ (NOVARTIS),--NA--,,injection,df-7435419319,NOVARTIS,false,true
6716,DIPROBATE PLUS,DIPROBATE PLUS CREAM (SUN),--NA--,,cream,df-3472438845,SUN,false,true
6713,BROZEET,BROZEET SYP 100ML (ALEMBIC),--NA--,100ML,syrup,df-4608470948,ALEMBIC,false,true
6812,VANKING,VANKING (VANCOMYCIN) 1GM INJ (NEON),--NA--,,injection,df-7435419319,NEON,false,true
7673,FLAVOJOINT,FLAVOJOINT 250MG TAB (UNIVESTIN) (SUN),--NA--,250MG,tablet,df-2929601942,SUN,false,true
7671,NUHENZ,NUHENZ CAP (MULTIVITAMINS+ALPHA LIPOIC ACID+MYO INOSITOL) (LA RENON),--NA--,,capsule,df-9555626637,LA RENON,false,true
7772,CLATIPLUS,CLATIPLUS (TICARCILLIN 3GM+CLAVULANIC ACID 100MG) 3.1GM INJ (FUSION HEALTHCARE),--NA--,,injection,df-7435419319,FUSION,false,true
7430,AMLONG,AMLONG 2.5MG TAB (AMLODIPINE) (MICRO),--NA--,2.5MG,tablet,df-2929601942,MICRO,false,true
7547,ASTHAKIND-P,ASTHAKIND-P DROP (MANKIND),--NA--,,drop,df-2859918947,MANKIND,false,true
7556,BENADRYL COUGH,BENADRYL COUGH SYP (PFIZER),--NA--,,syrup,df-4608470948,PFIZER,false,true
7570,EZINAPI PLUS,EZINAPI PLUS CREAM 10GM (DR REDDY),--NA--,10GM,cream,df-3472438845,DR REDDY,false,true
7576,NEXPRO HP KIT,NEXPRO HP KIT TAB (AMOXYCILLIN+CLARITHROMYCIN+ESOMEPRAZOLE) (TORRENT),--NA--,,tablet,df-2929601942,TORRENT,false,true
7579,ENDOCRYL,ENDOCRYL (N-BUTYL-2-CYANOACRYLATE) 1ML INJ (SAMARTH),--NA--,,injection,df-7435419319,SAMARTH,false,true
7643,OTRINOZ PAEDIATRIC NASAL,OTRINOZ PAEDIATRIC NASAL DROP (GSK),--NA--,,drop,df-2859918947,GSK,false,true
7645,OTRINOZ ADULT NASAL,OTRINOZ ADULT NASAL DROP (GSK),--NA--,,drop,df-2859918947,GSK,false,true
7588,MEPHENTINE,MEPHENTINE (MEPHENTERMINE) 15MG 1ML INJ (PFIZER),--NA--,,injection,df-7435419319,PFIZER,false,true
7614,CHOLTRAN,CHOLTRAN SACHET (CHOLESTYRAMINE) (AJANTA),--NA--,,powder,df-9603977956,AJANTA,false,true
7620,ORICITRAL,ORICITRAL SYP (TTK),--NA--,,syrup,df-4608470948,TTK,false,true
7357,DORZOX EYE,DORZOX EYE DROP (DORZOLAMIDE) (CIPLA),--NA--,,drop,df-2859918947,CIPLA,false,true
7361,NEPALACT EYE,NEPALACT EYE DROP (NEPAFENAC) (SUN),--NA--,,drop,df-2859918947,SUN,false,true
7379,COQ,COQ 300MG CAPSULE (COENZYME Q10) (SANOFI),--NA--,300MG,capsule,df-9555626637,SANOFI,false,true
7329,COQ,COQ CAPSULE (CO-ENZYME Q10) (SANOFI),--NA--,,capsule,df-9555626637,SANOFI,false,true
7284,CEREBROLYSIN,CEREBROLYSIN (CEREBROPROTEIN HYDROLYSATE) 215.2MG 10ML (SUN),--NA--,,injection,df-7435419319,SUN,false,true
6891,B4 NAPPI,B4 NAPPI CREAM 75GM (CURATIO),--NA--,75GM,cream,df-3472438845,CURATIO,false,true
6897,ZERODOL SPAS,ZERODOL SPAS TAB (ACECLOFENAC+DROTAVERINE HCL) (IPCA),--NA--,,tablet,df-2929601942,IPCA,false,true
6920,PHRINTEC,PHRINTEC (PHENYLEPHRINE) 1ML INJ (UNITED BIOTECH),--NA--,,injection,df-7435419319,UNITED BIOTECH,false,true
6960,UROTONE,UROTONE 25MG TAB (BETHANECHOL) (SAMARTH),--NA--,25MG,tablet,df-2929601942,SAMARTH,false,true
6849,PRILOX,PRILOX CREAM 5GM (PRILOCAINE+LIDOCAINE) (NEON),--NA--,5GM,cream,df-3472438845,NEON,false,true
6850,NEPRO-LP POWDER VANILLA,NEPRO-LP POWDER VANILLA (ABBOTT),--NA--,,powder,df-9603977956,ABBOTT,false,true
4773,LACARNIT,LACARNIT (L CARNITINE) INJ (LA RENON),--NA--,,injection,df-7435419319,LA RENON,false,true
4795,KOMBIGLYZE XR,KOMBIGLYZE XR 5/500MG TAB (SAXAGLIPTIN+METFORMIN) (ASTRA ZENECA),--NA--,5/500MG,tablet,df-2929601942,ASTRA ZENECA,false,true
4191,FERINJECT,FERINJECT (FERRIC CARBOXYMALTOSE) 500MG 10ML INJ (LUPIN),--NA--,,injection,df-7435419319,LUPIN,false,true
5157,NMFE LOTION,NMFE LOTION (MOISTURIZER) (PALSONS),--NA--,,lotion,df-6941042110,PALSONS,false,true
5527,DIANE,DIANE 35MG TAB (CYPROTERONE+ETHINYL ESTRADIOL) (ZYDUS),--NA--,35MG,tablet,df-2929601942,ZYDUS,false,true
5534,TELMA CT,TELMA CT 40/6.25MG TAB (TELMISARTAN+CHLORTHALIDONE) (GLENMARK),--NA--,40/6.25MG,tablet,df-2929601942,GLENMARK,false,true
5536,TROYMIDATE,TROYMIDATE (ETOMIDATE) 10ML INJ (TROIKAA),--NA--,,injection,df-7435419319,TROIKAA,false,true
5462,JANUMET,JANUMET 50/1000MG TAB (SITAGLIPTIN+METFORMIN HCL) (MSD),--NA--,50/1000MG,tablet,df-2929601942,MSD,false,true
5463,CEFOPROX,CEFOPROX 50MG SYP (CIPLA),--NA--,50MG,syrup,df-4608470948,CIPLA,false,true
5438,CETAPHIL CLEANSING LOTION,CETAPHIL CLEANSING LOTION 125ML (GALDERMA),--NA--,125ML,lotion,df-6941042110,GALDERMA,false,true
5431,TAXIM,TAXIM (CEFOTAXIM) 500MG INJ (ALKEM),--NA--,,injection,df-7435419319,ALKEM,false,true
5684,COLICAID,COLICAID DROP (DILL OIL+FENNEL OIL+SIMETHICONE) (MEYER),--NA--,,drop,df-2859918947,MEYER,false,true
5701,OTEK-AC PLUS EAR,OTEK-AC PLUS EAR DROP 5ML (FDC),--NA--,5ML,drop,df-2859918947,FDC,false,true
5761,MAXTRA-P,MAXTRA-P SYP (ZUVENTUS),--NA--,,syrup,df-4608470948,ZUVENTUS,false,true
5762,TOBA EYE,TOBA EYE DROP 5ML (TOBRAMYCIN) (SUN),--NA--,5ML,drop,df-2859918947,SUN,false,true
5614,ROSUTOR GOLD 20/75,ROSUTOR GOLD 20/75 CAP (ROSUVASTATIN+ASPIRIN+CLOPIDOGREL) (AJANTA),--NA--,,capsule,df-9555626637,AJANTA,false,true
5627,MONTAIR LC KID,MONTAIR LC KID SYP (CIPLA),--NA--,,syrup,df-4608470948,CIPLA,false,true
6298,RITCH LOTION,RITCH LOTION (CURATIO),--NA--,,lotion,df-6941042110,CURATIO,false,true
6332,LACTODEX HMF,LACTODEX HMF SACHET (RAPTAKOS),--NA--,,powder,df-9603977956,RAPTAKOS,false,true
6334,DERMADEW ALOE,DERMADEW ALOE CREAM 50GM (ALOEVERA+LIQUID PARAFFIN) (H&H),--NA--,50GM,cream,df-3472438845,H&H,false,true
6335,OTRIVIN-S NASAL,OTRIVIN-S NASAL DROP (GSK),--NA--,,drop,df-2859918947,GSK,false,true
6120,CNF ACTIVE,CNF ACTIVE TAB (FEXOFENADINE+MONTELUKAST) (ERIS),--NA--,,tablet,df-2929601942,ERIS,false,true
6129,CALOSOFT-AF LOTION,CALOSOFT-AF LOTION 100ML (CALAMINE+ALOEVERA+LIQUID PARAFFIN) (MICRO),--NA--,100ML,lotion,df-6941042110,MICRO,false,true
6094,PRODEP,PRODEP 20MG CAP (FLUOXITINE) (SUN),--NA--,20MG,capsule,df-9555626637,SUN,false,true
6096,HOMIDE EYE,HOMIDE EYE DROP 5ML (HOMATROPINE) (INDOCO),--NA--,5ML,drop,df-2859918947,INDOCO,false,true
6097,VIGAMOX EYE,VIGAMOX EYE DROP 5ML (MOXIFLOXACIN) (ALCON),--NA--,5ML,drop,df-2859918947,ALCON,false,true
6084,GLUCOBAY M,GLUCOBAY M 25MG TAB (ACARBOSE+METFORMIN) (BAYER),--NA--,25MG,tablet,df-2929601942,BAYER,false,true
6058,CARIPILL,CARIPILL TAB (CARICA PAPAYA LEAF EXTRACT) (MICRO),--NA--,,tablet,df-2929601942,MICRO,false,true
6059,PLANEP T,PLANEP T 20MG TAB (EPLERENONE+TORSEMIDE) (LUPIN),--NA--,20MG,tablet,df-2929601942,LUPIN,false,true
6008,OLMESAR,OLMESAR 40MG TAB (OLMESARTAN) (MACLEODS),--NA--,40MG,tablet,df-2929601942,MACLEODS,false,true
5826,EIDO FE FORTE,EIDO FE FORTE CAP (MULTIVITAMINS+ELEMENTAL IRON) (LA RENON),--NA--,,capsule,df-9555626637,LA RENON,false,true
5775,LN TRIO,LN TRIO 10MG TAB (CILNIDIPINE+TELMISARTAN+CHLORTHALIDONE) (ERIS),--NA--,10MG,tablet,df-2929601942,ERIS,false,true
5776,ERITEL LN,ERITEL LN 40MG TAB (TELMISARTAN+CILNIDIPINE) (ERIS),--NA--,40MG,tablet,df-2929601942,ERIS,false,true
5771,NIPCARE,NIPCARE CREAM (NEON),--NA--,,cream,df-3472438845,NEON,false,true
5764,FERILEM-XT,FERILEM-XT SYRUP 200ML (SOLEMN BIOTECH),--NA--,200ML,syrup,df-4608470948,SOLEMN BIOTECH,false,true
5768,ECOGRO,ECOGRO 1GM SACHET (BACILLUS CLAUSII) (AKUMENTIS),--NA--,1GM,powder,df-9603977956,AKUMENTIS,false,true
8842,LACRIGEL EYE,LACRIGEL EYE OINT 5GM (SUNWAYS),--NA--,5GM,ointment,df-3972100204,SUNWAYS,false,true
9067,CONVIDEX FORTE,CONVIDEX FORTE TABLET (CONVINA),--NA--,,tablet,df-2929601942,CONVINA,false,true
8039,MENOGON,MENOGON (MENOTROPHIN) 75 IU INJ (FERRING),--NA--,,injection,df-7435419319,FERRING,false,true
7925,FLAVOJOINT,FLAVOJOINT 500MG TAB (UNIVESTIN) (SUN),--NA--,500MG,tablet,df-2929601942,SUN,false,true
10260,MELAGLOW NEW,MELAGLOW NEW CREAM (ABBOTT),--NA--,,cream,df-3472438845,ABBOTT,false,true
10167,UNIFOLIN,UNIFOLIN (LEUCOVORIN) 50MG INJ (UNITED BIOTECH),--NA--,,injection,df-7435419319,UNITED BIOTECH,false,true
10034,PHENIL EYE,PHENIL EYE DROP 5ML (SUNWAYS),--NA--,5ML,drop,df-2859918947,SUNWAYS,false,true
9954,DIPROBATE PLUS LOTION,DIPROBATE PLUS LOTION (SUN),--NA--,,lotion,df-6941042110,SUN,false,true
9900,PEMPRO,PEMPRO (PEMETREXED) 100MG INJ (ZYDUS CADILA),--NA--,,injection,df-7435419319,ZYDUS CADILA,false,true
9901,PEMPRO,PEMPRO (PEMETREXED) 500MG INJ (ZYDUS CADILA),--NA--,,injection,df-7435419319,ZYDUS CADILA,false,true
9851,LUPITUSS,LUPITUSS SYP (LUPIN),--NA--,,syrup,df-4608470948,LUPIN,false,true
9783,ASCORIL-D PLUS,ASCORIL-D PLUS SYP (GLENMARK),--NA--,,syrup,df-4608470948,GLENMARK,false,true
9209,HAEMODIALYSIS SOLUTION WITH DEXTROSE,HAEMODIALYSIS SOLUTION WITH DEXTROSE,--NA--,,infusion,df-374189216,,false,true
11874,NEOPRIDE TOTAL,NEOPRIDE TOTAL 20 MG TAB (RABEPRAZOLE+LEVOSULPIRIDE) (INTAS),--NA--,20 MG,capsule,df-9555626637,INTAS,false,true
11931,HYOCIMAX S,HYOCIMAX S TAB (HYOSCYAMINE) (ZUDUS),--NA--,,tablet,df-2929601942,ZYDUS,false,true
11897,ONCOFLUOR,ONCOFLUOR (FLUOROURACIL) 250MG INJ (UNITED BIOTECH),--NA--,,injection,df-7435419319,UNITED BIOTECH,false,true
11898,ONCOFLUOR,ONCOFLUOR (FLUOROURACIL) 500MG INJ (UNITED BIOTECH),--NA--,,injection,df-7435419319,UNITED BIOTECH,false,true
12000,PROCTOSEDYL BD,PROCTOSEDYL BD CREAM 20GM (SANOFI),--NA--,20GM,cream,df-3472438845,SANOFI,false,true
12004,LUPIVESTIN,LUPIVESTIN 250MG TAB (UNIVESTIN) (LUPIN),--NA--,250MG,tablet,df-2929601942,LUPIN,false,true
11992,PRESMOVAC,PRESMOVAC 2MG TAB (PRUCALOPRIDE) (TORRENT),--NA--,2MG,tablet,df-2929601942,TORRENT,false,true
11993,METSMALL,METSMALL 500MG TAB (METFORMIN HCL) (DR.REDDYS),--NA--,500MG,tablet,df-2929601942,DR REDDY,false,true
12057,HYALONE,HYALONE (HYALURONIC) 60MG INJ (LUPIN),--NA--,,injection,df-7435419319,LUPIN,false,true
12026,FOLIZONE,FOLIZONE TAB (METHYLCOBALAMIN+L-METHYLFOLATE+PYRIDOXAL) (UNIVICTOR),--NA--,,tablet,df-2929601942,UNIVICTOR,false,true
11742,CETAPHIL MOISTURIZING LOTION,CETAPHIL MOISTURIZING LOTION 100ML (NESTLE),--NA--,100ML,lotion,df-6941042110,NESTLE,false,true
11801,FLEXABENZ PLUS,FLEXABENZ PLUS TAB (CYCLOBENZAPRINE+ACECLOFENAC) (MACLEODS),--NA--,,tablet,df-2929601942,MACLEODS,false,true
12408,DERMADEW ALOE LOTION,DERMADEW ALOE LOTION 100ML (ALOEVERA+CALAMINE) (H&H),--NA--,100ML,lotion,df-6941042110,H&H,false,true
12363,XERINA,XERINA CREAM (SUN),--NA--,,cream,df-3472438845,SUN,false,true
12131,NEXIPOX,NEXIPOX (VARICELLA) VACCINE (NOVO MEDI),--NA--,,vaccine,df-5880427153,NOVO MEDI,false,true
12216,GLUCOMOL  EYE,GLUCOMOL 0.5% EYE DROP (TIMOLOL) (ALLERGAN),--NA--,0.5%,drop,df-2859918947,ALLERGAN,false,true
11552,PROTEOZ,PROTEOZ (BORTEZOMIB) 2MG INJ (ZYDUS CADILA),--NA--,,injection,df-7435419319,ZYDUS CADILA,false,true
11553,ENCICARB,ENCICARB (FERRIC CARBOXYMALTOSE) 500MG 10ML INJ (EMCURE),--NA--,,injection,df-7435419319,EMCURE,false,true
11452,ENDOBLOC T KIT,ENDOBLOC T KIT TAB (AMBRISENTAN+TADALAFIL) (CIPLA),--NA--,,tablet,df-2929601942,CIPLA,false,true
11326,T HEAL,T HEAL CAP (MUCOPOLYSACCHARIDES+COLLAGEN+VITAMIN C) (ALKEM),--NA--,,capsule,df-9555626637,ALKEM,false,true
11300,POTPHOS,POTPHOS (POTASSIUM PHOSPHATE) 5ML INJ (NEON),--NA--,,injection,df-7435419319,NEON,false,true
11304,EMGRAST-M,EMGRAST-M (SARGRAMOSTIM) 500MCG INJ (EMCURE),--NA--,,injection,df-7435419319,EMCURE,false,true
11279,VENUSIA LOTION,VENUSIA LOTION 100ML (MOISTURIZER) (DR REDDY),--NA--,100ML,lotion,df-6941042110,DR REDDY,false,true
11246,FRUCTODEX SALINE,FRUCTODEX SALINE 10% (INVERT SUGAR+NACL) INJ (RAPTAKOS),--NA--,10%,injection,df-7435419319,RAPTAKOS,false,true
11127,CAPD FLUID,CAPD FLUID 2.5% 1000ML (MITRA),--NA--,2.5%,infusion,df-374189216,MITRA,false,true
10625,PROPYZOLE-NF,PROPYZOLE-NF CREAM 15GM (CLOBETASOL+CLOTRIMAZOLE) (H&H),--NA--,15GM,cream,df-3472438845,H&H,false,true
10608,MAXTRA,MAXTRA DROP 15ML (CHLORPHENIRAMINE+PHENYLEPHRINE) (ZUVENTUS),--NA--,15ML,drop,df-2859918947,ZUVENTUS,false,true
10609,CALPOL PAEDIATRIC,CALPOL PAEDIATRIC DROP 15ML (PARACETAMOL) (GSK),--NA--,15ML,drop,df-2859918947,GSK,false,true
10952,CTD,CTD 12.5MG TAB (CHLORTHALIDONE) (IPCA),--NA--,12.5MG,tablet,df-2929601942,IPCA,false,true
11544,MICAFUNG PLUS,MICAFUNG PLUS (MICAFUNGIN) 50MG INJ (GUFIC),MICAFUNGIN 50MG,,injection,df-7435419319,GUFIC,false,true
11836,MICEDGE,MICEDGE (MICAFUNGIN) 50MG INJ (ABBOTT),MICAFUNGIN 50MG,,injection,df-7435419319,ABBOTT,false,true
2384,MYCAMINE,MYCAMINE (MICAFUNGIN) 50MG INJ (GSK),MICAFUNGIN 50MG,,injection,df-7435419319,GSK,false,true
16822,MYCAMINE,MYCAMINE (MICAFUNGIN) 100MG INJ (GSK),MICAFUNGIN 50MG,,injection,df-7435419319,GSK,false,true
751,CALCIROL,CALCIROL 1G SACHET (CHOLECALCIFEROL) (CADILA),CHOLECALCIFEROL GRANULES,1G,powder,df-9603977956,CADILA,false,true
12205,KIDRICH D3,KIDRICH D3 DROP 15ML (DR REDDY),CHOLECALCIFEROL GRANULES,15ML,drop,df-2859918947,DR REDDY,false,true
5790,PIOGLIT,PIOGLIT 30MG TAB (PIOGLITAZONE) (SUN),PIOGLITAZONE 30MG,30MG,tablet,df-2929601942,SUN,false,true
15509,PIOZ,PIOZ 30MG TAB (PIOGLITAZONE HCL) (USV),PIOGLITAZONE 30MG,30MG,tablet,df-2929601942,USV,false,true
11260,KRIMSON,KRIMSON 35MG TAB (CYPROTERONE+ETHINYL ESTRADIOL) (SUN),ETHINYL OESTRADIOL 0.05MG,35MG,tablet,df-2929601942,SUN,false,true
713,ANAWIN,ANAWIN (BUPIVACAINE) 0.5% 20ML INJ (NEON),BUPIVACAINE HCL 5MG/ML,,injection,df-7435419319,NEON,false,true
1164,ANAWIN HEAVY,ANAWIN HEAVY (BUPIVACAINE IN DEXTROSE) 4ML INJ (NEON),BUPIVACAINE HCL 5MG/ML,,injection,df-7435419319,NEON,false,true
1165,ANAWIN,ANAWIN (BUPIVACAINE) 0.25% 20ML INJ (NEON),BUPIVACAINE HCL 5MG/ML,,injection,df-7435419319,NEON,false,true
13001,SENSORCAINE,SENSORCAINE 0.5% (BUPIVACAINE) 20ML INJ (ZYDUS CADILA),BUPIVACAINE HCL 5MG/ML,0.5%,injection,df-7435419319,ZYDUS CADILA,false,true
1173,PHENPRES,PHENPRES (PHENYLEPHRINE) 1ML INJ (NEON),PHENYLEPHERINE 10MG,,injection,df-7435419319,NEON,false,true
12151,ASCORIL FLU,ASCORIL FLU 60ML SYP (GLENMARK),PHENYLEPHERINE 10MG,60ML,syrup,df-4608470948,GLENMARK,false,true
6105,MAXTRA,MAXTRA SYP (ZUVENTUS),PHENYLEPHERINE 10MG,,syrup,df-4608470948,ZUVENTUS,false,true
7775,HATRIC 3 COLD,HATRIC 3 COLD TAB (PCM+PHENYLEPHRINE+CAFFEINE+DIPHENHYDRAMINE HCL) (ARISTO),PHENYLEPHERINE 10MG,,tablet,df-2929601942,ARISTO,false,true
7751,POTCL,POTCL (POTASSIUM CHLORIDE) 10ML INJ (NEON),POTASSIUM CHLORID 10ML,,injection,df-7435419319,NEON,false,true
11656,POTLYTE,POTLYTE (POTASSIUM CHLORIDE) 10ML INJ (SAMARTH),POTASSIUM CHLORID 10ML,,injection,df-7435419319,SAMARTH,false,true
488,POTASSIUM CHLORIDE,POTASSIUM CHLORIDE 10ML INJ (RATHI LAB),POTASSIUM CHLORID 10ML,10ML,injection,df-7435419319,RATHI LAB,false,true
3928,INJ,10ML INJ (EISEN),POTASSIUM CHLORID 10ML,10ML,injection,df-7435419319,EISEN,false,true
349,ALLEGRA,ALLEGRA 120MG TAB (FEXOFENADINE) (SANOFI),FEXOFENADINE 120MG,120MG,tablet,df-2929601942,SANOFI,false,true
2658,STUGIL,STUGIL TAB (CINNARIZINE+DOMPERIDONE) (ERIS),DOMPERIDONE + CINNARIZINE,,tablet,df-2929601942,ERIS,false,true
3144,FRISIUM,FRISIUM 5MG TAB (CLOBAZAM) (SANOFI),CLOBAZAM 5MG,5MG,tablet,df-2929601942,SANOFI,false,true
16228,LOBAZAM,LOBAZAM 5MG TAB (CLOBAZAM) (SUN),CLOBAZAM 5MG,5MG,tablet,df-2929601942,SUN,false,true
13913,KIPINEX FORTE,KIPINEX FORTE (CEFOPERAZONE 2GM+SULBACTAM 1GM) 3GM INJ (SANDOZ),CEFOPERAZONE 2GM+SULBACTUM 1GM,,injection,df-7435419319,SANDOZ,false,true
816,MAGNEX FORTE,MAGNEX FORTE (CEFOPERAZONE+SULBACTAM) 3GM INJ (PFIZER),CEFOPERAZONE 2GM+SULBACTUM 1GM,,injection,df-7435419319,PFIZER,false,true
817,MAGNEX,MAGNEX (CEFOPERAZONE+SULBACTAM) 2GM INJ (PFIZER),CEFOPERAZONE 2GM+SULBACTUM 1GM,,injection,df-7435419319,PFIZER,false,true
903,VIATRAN,VIATRAN (CEFOPERAZONE+SULBACTAM) 3GM INJ (CIPLA),CEFOPERAZONE 2GM+SULBACTUM 1GM,,injection,df-7435419319,CIPLA,false,true
1905,HUMINSULIN 30/70,HUMINSULIN 30/70 ( BIPHASIC ISOPHANE ) 10ML INJ (ELI LILLY),BIPHESIC ISOPHANE INSULIN,,injection,df-7435419319,ELI LILLY,false,true
1274,NIMODIP,NIMODIP 30MG TAB (NIMODIPINE) (USV),NIMODIPINE 30MG,30MG,tablet,df-2929601942,USV,false,true
9802,NIMODEC,NIMODEC (NIMODIPINE) 30ML INJ (UNITED BIOTECH),NIMODIPINE 30MG,,injection,df-7435419319,UNITED BIOTECH,false,true
14204,NIMODEC,NIMODEC (NIMODIPINE) 50ML INJ (UNITED BIOTECH),NIMODIPINE 30MG,,injection,df-7435419319,UNITED BIOTECH,false,true
13847,NEBZMART B  SMARTULES,NEBZMART B 0.5MG SMARTULES (BUDESONIDE) (GLENMARK),BUDESONIDE,0.5MG,respule,df-9534758258,GLENMARK,false,true
15434,METWON XR,METWON XR 100MG TAB (METOPROLOL) (WONSET),METOPROLOL 100MG,100MG,tablet,df-2929601942,WONSET,false,true
15435,METWON R,METWON R 5 MG TAB (METOPROLOL+RAMIPRIL) (WALRON),METOPROLOL 100MG,5 MG,tablet,df-2929601942,WALRON,false,true
15436,METWON R,METWON R 25/2.5MG TAB (METOPROLOL+RAMIPRIL) (WONSET),METOPROLOL 100MG,25/2.5MG,tablet,df-2929601942,WONSET,false,true
15883,STARPRESS XL,STARPRESS XL 100MG TAB (METOPROLOL) (LUPIN),METOPROLOL 100MG,100MG,tablet,df-2929601942,LUPIN,false,true
952,METOCARD XL,METOCARD XL 100MG TAB (METOPROLOL) (TORRENT),METOPROLOL 100MG,100MG,tablet,df-2929601942,TORRENT,false,true
330,PROLOMET XL,PROLOMET XL 100MG TAB (METOPROLOL) (SUN PHARMA),METOPROLOL 100MG,100MG,tablet,df-2929601942,SUN,false,true
359,SELOKEN XL,SELOKEN XL 100MG TAB (METOPROLOL) (ASTRA ZENECA),METOPROLOL 100MG,100MG,tablet,df-2929601942,ASTRA ZENECA,false,true
9955,DEXODIL SR,DEXODIL SR TAB (DEXCHLORPHENIRAMINE) (PIL),DEXCHLORPHENIRAMINE 6MG,,tablet,df-2929601942,PSYCHOTROPICS,false,true
12554,GONAL F,GONAL F (FSH) 75 IU INJ (MERCK),Follicle Stimulating Hormone(FSH),,injection,df-7435419319,MERCK,false,true
17224,ZINCONIA,ZINCONIA 50MG TAB (ZINC ACETATE) (ZUVENTUS),ZINC SULPHATE,50MG,tablet,df-2929601942,ZUVENTUS,false,true
6345,Z&D,Z&D DRY SYP (DR REDDY),ZINC SULPHATE,,syrup,df-4608470948,DR REDDY,false,true
5613,ZINCONIA,ZINCONIA SYP (ZUVENTUS),ZINC SULPHATE,,syrup,df-4608470948,ZUVENTUS,false,true
6569,CREMADIET,CREMADIET POWDER (ISPAGHULA) (ABBOTT),ISAPGOL HUSK,,powder,df-9603977956,ABBOTT,false,true
6570,CREMADIET DUO,CREMADIET DUO POWDER (LACTITOL+ISPAGHULA) (ABBOTT),ISAPGOL HUSK,,powder,df-9603977956,ABBOTT,false,true
3030,NATUROLAX,NATUROLAX POWDER 300GM (ISPAGHULA) (ABOTT),ISAPGOL HUSK,300GM,powder,df-9603977956,MSD,false,true
301,NIKORAN,NIKORAN 5MG TAB (NICORANDIL) (TORRENT),NICORANDIL 5MG,5MG,tablet,df-2929601942,TORRENT,false,true
319,PANTOCID DSR,PANTOCID DSR CAP (PANTOPRAZOLE+DOMPERIDONE) (SUN),PANTOPRAZOLE+DOMPERIDONE,,capsule,df-9555626637,SUN,false,true
890,PANTOCID D,PANTOCID D CAP (PANTOPRAZOLE+ DOMPERIDONE) (SUN),PANTOPRAZOLE+DOMPERIDONE,,capsule,df-9555626637,SUN,false,true
8040,TIPAN-DSR,TIPAN-DSR CAP (PANTOPRAZOLE+DOMPERIDONE) (ALBUS),PANTOPRAZOLE+DOMPERIDONE,,capsule,df-9555626637,ALBUS,false,true
11701,PANSEC DSR,PANSEC DSR CAP (PANTOPRAZOLE+DOMPERIDONE) (CIPLA),PANTOPRAZOLE+DOMPERIDONE,,capsule,df-9555626637,CIPLA,false,true
11573,PAN-D,PAN-D CAP (PANTOPRAZOLE+DOMPERIDONE) (ALKEM),PANTOPRAZOLE+DOMPERIDONE,,capsule,df-9555626637,ALKEM,false,true
10553,PANPIX DSR,PANPIX DSR CAP (PANTOPRAZOLE+DOMPERIDONE) (LUPIX),PANTOPRAZOLE+DOMPERIDONE,,capsule,df-9555626637,LUPIX,false,true
5003,MODALERT,MODALERT 200MG TAB (MODAFINIL) (SUN),MODAFINIL 200MG,200MG,tablet,df-2929601942,SUN,false,true
12050,LAREGAB,LAREGAB 300MG CAP (GABAPENTIN) (LA RENON),GABAPENTIN 300MG,300MG,capsule,df-9555626637,LA RENON,false,true
12051,LAREGAB AT,LAREGAB AT 300MG TAB (GABAPENTIN+AMITRIPTYLINE) (LA RENON),GABAPENTIN 300MG,300MG,tablet,df-2929601942,LA RENON,false,true
1000,GABANTIN,GABANTIN 300MG CAP (GABAPENTIN) (SUN),GABAPENTIN 300MG,300MG,capsule,df-9555626637,SUN,false,true
4066,GABAPIN,GABAPIN 300MG CAP (GABAPENTIN) (INTAS),GABAPENTIN 300MG,300MG,capsule,df-9555626637,INTAS,false,true
17103,LAREGAB AT LS,LAREGAB AT LS TAB (GABAPENTIN+AMITRIPTYLINE) (LA RENON),GABAPENTIN 300MG,,tablet,df-2929601942,LA RENON,false,true
8300,EBAST DC,EBAST DC TAB (EBASTINE+PHENYLEPHRINE) (MICRO),EBASTIN+PHENYLPHRIN,,tablet,df-2929601942,MICRO,false,true
8730,ZORYL M1 FORTE,ZORYL M1 FORTE TAB (METFORMIN HCL+GLIMEPIRIDE) (INTAS),GLIMEPRIDE+METFORMIN,,tablet,df-2929601942,INTAS,false,true
10485,GLADOR M2 FORTE,GLADOR M2 FORTE TAB (METFORMIN+GLIMEPIRIDE) (LUPIN),GLIMEPRIDE+METFORMIN,,tablet,df-2929601942,LUPIN,false,true
4272,TRIVOGLITOR,TRIVOGLITOR 1MG TAB (METFORMIN HCL+GLIMEPIRIDE+VOGLIBOSE) (TORRENT),GLIMEPRIDE+METFORMIN,1MG,tablet,df-2929601942,TORRENT,false,true
4273,TRIVOGLITOR,TRIVOGLITOR 2MG TAB (METFORMIN HCL+GLIMEPIRIDE+VOGLIBOSE) (TORRENT),GLIMEPRIDE+METFORMIN,2MG,tablet,df-2929601942,TORRENT,false,true
6574,GLIMISAVE M1 FORTE,GLIMISAVE M1 FORTE TAB (GLIMEPIRIDE+METFORMIN HCL) (ERIS),GLIMEPRIDE+METFORMIN,,tablet,df-2929601942,ERIS,false,true
6575,GLIMISAVE M2,GLIMISAVE M2 TAB (GLIMEPIRIDE+METFORMIN HCL) (ERIS),GLIMEPRIDE+METFORMIN,,tablet,df-2929601942,ERIS,false,true
7587,GLADOR M1,GLADOR M1 TAB (METFORMIN HCL+GLIMEPIRIDE) (LUPIN),GLIMEPRIDE+METFORMIN,,tablet,df-2929601942,LUPIN,false,true
4002,GLUCONORM G1 FORTE,GLUCONORM G1 FORTE TAB (METFORMIN HCL+GLIMEPIRIDE) (LUPIN),GLIMEPRIDE+METFORMIN,,tablet,df-2929601942,LUPIN,false,true
3457,GEMER DS,GEMER DS 1MG TAB (METFORMIN+GLIMEPIRIDE) (SUN),GLIMEPRIDE+METFORMIN,1MG,tablet,df-2929601942,SUN,false,true
3417,ZORYL M1,ZORYL M1 TAB (GLIMEPIRIDE + METFORMIN) (INTAS),GLIMEPRIDE+METFORMIN,,tablet,df-2929601942,INTAS,false,true
2976,AMARYL M FORTE,AMARYL M FORTE 2MG TAB (METFORMIN HCL+GLIMEPIRIDE) (SANOFI),GLIMEPRIDE+METFORMIN,2MG,tablet,df-2929601942,SANOFI,false,true
3295,ZORYL M2,ZORYL M2 TAB (METFORMIN HCL+GLIMEPIRIDE) (INTAS),GLIMEPRIDE+METFORMIN,,tablet,df-2929601942,INTAS,false,true
1915,AZULIX 1 MF,AZULIX 1 MF TAB (METFORMIN+GLIMEPIRIDE) (TORRENT),GLIMEPRIDE+METFORMIN,,tablet,df-2929601942,TORRENT,false,true
1919,AZULIX 2MF,AZULIX 2MF TAB (METFORMIN+GLIMEPIRIDE) (TORRENT),GLIMEPRIDE+METFORMIN,,tablet,df-2929601942,TORRENT,false,true
1920,AZULIX 1MF FORTE,AZULIX 1MF FORTE TAB (METFORMIN HCL+GLIMEPIRIDE) (TORRENT),GLIMEPRIDE+METFORMIN,,tablet,df-2929601942,TORRENT,false,true
1921,AZULIX 2MF FORTE,AZULIX 2MF FORTE TAB (METFORMIN+GLIMEPRIDE) (TORRENT),GLIMEPRIDE+METFORMIN,,tablet,df-2929601942,TORRENT,false,true
2572,GLYCOMET GP1,GLYCOMET GP1 TAB (METFORMIN+GLIMEPIRIDE) (USV),GLIMEPRIDE+METFORMIN,,tablet,df-2929601942,USV,false,true
2541,GEMER,GEMER 1MG TAB (METFORMIN HCL+GLIMEPIRIDE) (SUN),GLIMEPRIDE+METFORMIN,1MG,tablet,df-2929601942,SUN,false,true
2542,GEMER,"GEMER 2MG TAB (METFORMIN
HCL+GLIMEPIRIDE) (SUN)",GLIMEPRIDE+METFORMIN,2MG,tablet,df-2929601942,SUN,false,true
2101,GLUCONORM G2 FORTE,"GLUCONORM G2 FORTE TAB (GLIMEPIRIDE,METFORMIN) (LUPIN)",GLIMEPRIDE+METFORMIN,,tablet,df-2929601942,LUPIN,false,true
2102,GLYCOMET GP2,GLYCOMET GP2 TAB (METFORMIN HCL+GLIMEPIRIDE) (USV),GLIMEPRIDE+METFORMIN,,tablet,df-2929601942,USV,false,true
896,GLUCONORM G1,GLUCONORM G1 TAB (METFORMIN+GLIMEPRIDE) (LUPIN),GLIMEPRIDE+METFORMIN,,tablet,df-2929601942,LUPIN,false,true
897,GLUCONORM G,GLUCONORM G 2MG TAB (METFORMIN HCL+GLIMEPIRIDE) (LUPIN),GLIMEPRIDE+METFORMIN,2MG,tablet,df-2929601942,LUPIN,false,true
845,AMARYL M FORTE,AMARYL M FORTE 1MG TAB (GLIMEPIRIDE+METFORMIN) (SANOFI),GLIMEPRIDE+METFORMIN,1MG,tablet,df-2929601942,SANOFI,false,true
1200,AMARYL M,AMARYL M 2MG TAB (METFORMIN+GLIMEPIRIDE) (SANOFI),GLIMEPRIDE+METFORMIN,2MG,tablet,df-2929601942,SANOFI,false,true
1002,GLUCONORM G4 FORTE,GLUCONORM G4 FORTE TAB (METFORMIN HCL+GLIMEPIRIDE) (LUPIN),GLIMEPRIDE+METFORMIN,,tablet,df-2929601942,LUPIN,false,true
796,AMARYL M,AMARYL M 1MG TAB (METFORMIN+GLIMEPRIDE) (SANOFI),GLIMEPRIDE+METFORMIN,1MG,tablet,df-2929601942,SANOFI,false,true
16714,AZULIX 3 MF,AZULIX 3 MF TAB (METFORMIN HCL+GLIMEPIRIDE) (TORRENT),GLIMEPRIDE+METFORMIN,,tablet,df-2929601942,TORRENT,false,true
12572,ZORYL M2 FORTE,ZORYL M2 FORTE TAB (GLIMEPIRIDE+METFORMIN) (INTAS),GLIMEPRIDE+METFORMIN,,tablet,df-2929601942,INTAS,false,true
12898,GLIMESTAR M1 MG,GLIMESTAR M1 MG TAB (GLIMEPRIDE & METFORMIN) (MANKIND),GLIMEPRIDE+METFORMIN,,tablet,df-2929601942,MANKIND,false,true
12830,GLIMIPREX 1MF FORTE,GLIMIPREX 1MF FORTE TAB (METFORMIN HCL+GLIMEPIRIDE) (ARISTO),GLIMEPRIDE+METFORMIN,,tablet,df-2929601942,ARISTO,false,true
14355,GLIMIPREX 2MF FORTE,GLIMIPREX 2MF FORTE TAB (METFORMIN HCL+GLIMEPIRIDE) (ARISTO),GLIMEPRIDE+METFORMIN,,tablet,df-2929601942,ARISTO,false,true
14356,GLIMIPREX MF,GLIMIPREX MF 1/500MG TAB (METFORMIN+GLIMEPIRIDE) (ARISTO),GLIMEPRIDE+METFORMIN,1/500MG,tablet,df-2929601942,ARISTO,false,true
14357,GLIMIPREX MF,GLIMIPREX MF 2/500MG TAB (GLIMEPIRIDE+METFORMIN HCL) (ARISTO),GLIMEPRIDE+METFORMIN,2/500MG,tablet,df-2929601942,ARISTO,false,true
14296,GLADOR M1 FORTE,GLADOR M1 FORTE TAB (GLIMEPIRIDE+METFORMIN HCL) (LUPIN),GLIMEPRIDE+METFORMIN,,tablet,df-2929601942,LUPIN,false,true
14297,GLADOR M3 FORTE,GLADOR M3 FORTE TAB (METFORMIN+GLIMEPIRIDE) (LUPIN),GLIMEPRIDE+METFORMIN,,tablet,df-2929601942,LUPIN,false,true
14298,GLADOR M4 FORTE,GLADOR M4 FORTE TAB (GLIMEPIRIDE+METFORMIN) (LUPIN),GLIMEPRIDE+METFORMIN,,tablet,df-2929601942,LUPIN,false,true
15741,ZORYL MV,ZORYL MV 2MG TAB (METFORMIN HCL+GLIMEPIRIDE+VOGLIBOSE) (INTAS),GLIMEPRIDE+METFORMIN,2MG,tablet,df-2929601942,INTAS,false,true
15742,ZORYL MV1 MG,ZORYL MV1 MG TAB (GLIMEPRIDE+METFORMIN+VOGLIBOSE) (INTAS),GLIMEPRIDE+METFORMIN,,tablet,df-2929601942,INTAS,false,true
15599,AZULIX MV,AZULIX MV 1/0.2MG TAB (METFORMIN HCL+GLIMEPIRIDE+VOGLIBOSE) (TORRENT),GLIMEPRIDE+METFORMIN,1/0.2MG,tablet,df-2929601942,TORRENT,false,true
15600,AZULIX MV,AZULIX MV 2/0.2MG TAB (METFORMIN+VOGLIBOSE+GLIMEPRIDE) (TORRENT),GLIMEPRIDE+METFORMIN,2/0.2MG,tablet,df-2929601942,TORRENT,false,true
14634,GEMER DS,GEMER DS 3MG TAB (METFORMIN HCL+GLIMEPIRIDE) (SUN),GLIMEPRIDE+METFORMIN,3MG,tablet,df-2929601942,SUN,false,true
3506,GENEVAC-B,GENEVAC-B (HEPATITIS-B) 10ML VACCINE (SERUM),HEPATITIS B VACCINE,,vaccine,df-5880427153,SERUM,false,true
7662,GENEVAC-B,GENEVAC-B (HEPATITIS B) 0.5ML VACCINE (SERUM),HEPATITIS B VACCINE,,vaccine,df-5880427153,SERUM,false,true
4253,GENEVAC-B,GENEVAC-B (HEPATITIS-B) 1ML VACCINE (SERUM),HEPATITIS B VACCINE,,vaccine,df-5880427153,SERUM,false,true
9512,ADROLIVE,ADROLIVE (DOXORUBICIN) 50MG INJ (UNITED BIOTECH),DOXORUBICINHC,,injection,df-7435419319,UNITED BIOTECH,false,true
9513,ADROLIVE,ADROLIVE (DOXORUBICIN) 10MG INJ (UNITED BIOTECH),DOXORUBICINHC,,injection,df-7435419319,UNITED BIOTECH,false,true
10678,FOSAPROT,FOSAPROT (FOSAPREPITANT) 150MG INJ (BIOCON),FOSAPREPITANT 150,,injection,df-7435419319,BIOCON,false,true
6746,TELMIKIND,TELMIKIND 40MG TAB (TELMISARTAN) (MANKIND),TELMISARTAN 40MG,40MG,tablet,df-2929601942,MANKIND,false,true
2692,ERITEL,ERITEL 40MG TAB (TELMISARTAN) (ERIS),TELMISARTAN 40MG,40MG,tablet,df-2929601942,ERIS,false,true
367,TELISTA,TELISTA 40MG TAB (TELMISARTAN) (LUPIN),TELMISARTAN 40MG,40MG,tablet,df-2929601942,LUPIN,false,true
886,TAZLOC,TAZLOC 40MG TAB (TELMISARTAN) (USV),TELMISARTAN 40MG,40MG,tablet,df-2929601942,USV,false,true
15913,TELROSE,TELROSE TAB (TELMISARTAN+ROSUVASTATIN) (MICRO),TELMISARTAN 40MG,,tablet,df-2929601942,MICRO,false,true
16115,LAURTEL,LAURTEL 40MG TAB (TELMISARTAN) (LAURES),TELMISARTAN 40MG,40MG,tablet,df-2929601942,LAURES,false,true
13816,TELMIKIND,TELMIKIND 80MG TAB (TELMISARTAN) (MANKIND),TELMISARTAN 40MG,80MG,tablet,df-2929601942,MANKIND,false,true
12852,TELMIKAA,TELMIKAA 40MG TAB (TELMISARTAN) (TROIKAA),TELMISARTAN 40MG,40MG,tablet,df-2929601942,TROIKAA,false,true
16128,XALATAN EYE,XALATAN EYE DROP 2.5ML (LATANOPROST) (PFIZER),LATANOPROST,2.5ML,drop,df-2859918947,PFIZER,false,true
12011,ARAVON,ARAVON (EDARAVONE) 20ML INJ (SUN),EDARAVONE 1.5MG,,injection,df-7435419319,SUN,false,true
1785,HUMALOG MIX 25 KWIKPEN,HUMALOG MIX 25 KWIKPEN 3ML INJ (ELI LILLY),INSULIN PEN,3ML,injection,df-7435419319,ELI LILLY,false,true
1786,HUMALOG KWIK FLEXPEN,HUMALOG KWIK FLEXPEN 3ML (NOVO NORDISK)   {#},INSULIN PEN,3ML,injection,df-7435419319,ELI LILLY,false,true
1455,LANTUS SOLOSTAR,LANTUS SOLOSTAR (INSULIN GLARGINE) 100IU/ML INJ (SANOFI) {#},INSULIN PEN,,injection,df-7435419319,SANOFI,false,true
14464,EGLUCENT RAPID KWIKPEN,EGLUCENT RAPID KWIKPEN (INSULIN LISPRO) 3ML INJ (LUPIN),INSULIN PEN,,injection,df-7435419319,LUPIN,false,true
13642,BASALOG ONE PEN,BASALOG ONE PEN (INSULIN GLARGINE) 3ML INJ (BIOCON),INSULIN PEN,,injection,df-7435419319,BIOCON,false,true
12366,ONABET,ONABET CREAM 15GM (SERTACONAZOLE)  (GLENMARK),SERTACONAZOL,15GM,cream,df-3472438845,GLENMARK,false,true
8381,UNIPLATIN,UNIPLATIN (CISPLATIN) 10MG INJ (UNITED BIOTECH),CISPLATIN 10MG,,injection,df-7435419319,UNITED BIOTECH,false,true
8134,CISMAX,CISMAX (CISPLATIN) 10MG INJ (GLS),CISPLATIN 10MG,,injection,df-7435419319,GLS,false,true
16921,BRUFEN,BRUFEN 200MG TAB (IBUPROFEN) (ABBOTT) {*},IBUPROFEN 400MG,200MG,tablet,df-2929601942,ABBOTT,false,true
2582,SOTALAR,SOTALAR 40MG TAB (SOTALOL HCL) (CIPLA),SOTALOL 40MG,40MG,tablet,df-2929601942,CIPLA,false,true
12084,LULIBET,LULIBET CREAM 10GM (LULICONAZOLE) (INTAS),LULICONAZOLE,10GM,cream,df-3472438845,INTAS,false,true
13992,NEXTZOLE,NEXTZOLE CREAM 20GM (LULICONAZOLE) (LA MED),LULICONAZOLE,20GM,cream,df-3472438845,LA MED,false,true
14698,ZY Q,ZY Q 200MG TAB (HYDROXYCHLOROQUINE) (CADILA),HYDROXYCHLROQUIN 200MG,200MG,tablet,df-2929601942,CADILA,false,true
11042,HQTOR,HQTOR 400MG TAB (HYDROXYCHLOROQUINE) (TORRENT),HYDROXYCHLROQUIN 200MG,400MG,tablet,df-2929601942,TORRENT,false,true
11043,HQTOR,HQTOR 200MG TAB (HYDROXYCHLOROQUINE) (TORRENT),HYDROXYCHLROQUIN 200MG,200MG,tablet,df-2929601942,TORRENT,false,true
2942,HCQS,HCQS 200MG TAB (HYDROXYCHLOROQUINE) (IPCA),HYDROXYCHLROQUIN 200MG,200MG,tablet,df-2929601942,IPCA,false,true
747,CARDIVAS,CARDIVAS 6.25MG TAB (CARVEDILOL) (SUN PHARMA),CARVEDILOL 6.25MG,6.25MG,tablet,df-2929601942,SUN,false,true
5429,CARCA,CARCA 6.25MG TAB (CARVEDILOL) (INTAS),CARVEDILOL 6.25MG,6.25MG,tablet,df-2929601942,INTAS,false,true
14377,CARCA CR,CARCA CR 10MG TAB (CARVEDILOL) (INTAS),CARVEDILOL 6.25MG,10MG,tablet,df-2929601942,INTAS,false,true
14378,CARCA CR,CARCA CR 20MG TAB (CARVEDILOL) (INTAS),CARVEDILOL 6.25MG,20MG,tablet,df-2929601942,INTAS,false,true
16138,RABEZAR L,RABEZAR L CAP (RABEPRAZOLE+LEVOSULPIRIDE),RABEPRAZOLE LEVOSULPRIDE,,capsule,df-9555626637,,false,true
7884,VELOZ L,VELOZ L CAP (RABEPRAZOLE+LEVOSULPIRIDE) (TORRENT),RABEPRAZOLE LEVOSULPRIDE,,capsule,df-9555626637,TORRENT,false,true
8301,NEORECORMON,NEORECORMON (ERYTHROPOIETIN) 4000 IU INJ (ROCHE),ERYTHROPOIETIN,,injection,df-7435419319,ROCHE,false,true
8292,REPOITIN,REPOITIN (ERYTHROPOIETIN) 4000 IU INJ (SERUM),ERYTHROPOIETIN,,injection,df-7435419319,SERUM,false,true
8816,ESPOGEN,ESPOGEN (ERYTHROPOIETIN) 4000 IU INJ (LG LIFESCIENCES),ERYTHROPOIETIN,,injection,df-7435419319,LG LIFESCIENCES,false,true
9493,ERYPRO SAFE,ERYPRO SAFE (ERYTHROPOIETIN) 5000 IU INJ (BIOCON),ERYTHROPOIETIN,,injection,df-7435419319,BIOCON,false,true
11554,EPORISE,EPORISE (ERYTHROPOIETIN) 40000 IU INJ (ZUVENTUS),ERYTHROPOIETIN,,injection,df-7435419319,ZUVENTUS,false,true
12175,EPOCEPT,EPOCEPT (ERYTHROPOIETIN) 2000 IU INJ (LUPIN),ERYTHROPOIETIN,,injection,df-7435419319,LUPIN,false,true
6290,TRANSFER,TRANSFER (ERYTHROPOIETIN) 4000 IU INJ (ALNICHE),ERYTHROPOIETIN,,injection,df-7435419319,ALNICHE,false,true
4190,ZYROP,ZYROP (ERYTHROPOIETIN) 4000 IU INJ (ZYDUS CADILA),ERYTHROPOIETIN,,injection,df-7435419319,ZYDUS CADILA,false,true
2677,EPOSURE,EPOSURE (ERYTHROPOIETIN) 4000 IU INJ (GLAND PHARMA),ERYTHROPOIETIN,,injection,df-7435419319,GLAND PHARMA,false,true
3579,ANFOE,ANFOE (ERYTHROPOIETIN) 4000 IU INJ (LA RENON),ERYTHROPOIETIN,,injection,df-7435419319,LA RENON,false,true
2627,EPREX,EPREX (ERYTHROPOIETIN) 4000 IU INJ (J&J),ERYTHROPOIETIN,,injection,df-7435419319,J&J,false,true
13614,EPOFIT,EPOFIT (ERYTHROPOIETIN) 4000 IU INJ (INTAS),ERYTHROPOIETIN,,injection,df-7435419319,INTAS,false,true
17137,ANFOE,ANFOE (ERYTHROPOIETIN) 6000 IU INJ (LA RENON),ERYTHROPOIETIN,,injection,df-7435419319,LA RENON,false,true
6712,OCID DSR,OCID DSR 20MG CAP (OMEPRAZOLE+DOMPERIDONE) (ZYDUS),OMEPRAZOLE+DOMPERIDONE,20MG,capsule,df-9555626637,ZYDUS,false,true
3448,ETHASYL,ETHASYL 500MG TAB (ETHAMSYLATE) (FDC),ETHAMSYLATE 500MG,500MG,tablet,df-2929601942,FDC,false,true
3917,AZENAM,AZENAM (AZTREONAM) 1GM INJ (ARISTO),AZTREONAM 1000MG,,injection,df-7435419319,ARISTO,false,true
5655,AZOM,AZOM (AZTREONAM) 1GM INJ (UNITED BIOTECH),AZTREONAM 1000MG,,injection,df-7435419319,UNITED BIOTECH,false,true
312,VALZAAR,VALZAAR 40MG TAB (VALSARTAN) (TORRENT),VALSARTAN 40MG,40MG,tablet,df-2929601942,TORRENT,false,true
15866,VALEMBIC,VALEMBIC 40MG TAB (VALSARTAN) (ALEMBIC),VALSARTAN 40MG,40MG,tablet,df-2929601942,ALEMBIC,false,true
707,CLAVIX,CLAVIX 300MG TAB (CLOPIDOGREL) (INTAS),CLOPIDOGREL 300MG,300MG,tablet,df-2929601942,INTAS,false,true
5634,REDOTIL,REDOTIL SACHET (RACECADOTRIL) (DR REDDY),RACECADOTRIL 2 GM,,powder,df-9603977956,DR REDDY,false,true
8928,LAMITOR DT,LAMITOR DT 100MG TAB (LAMOTRIGINE) (TORRENT),LAMOTRIGINE 100MG,100MG,tablet,df-2929601942,TORRENT,false,true
16191,LAMITOR DT,LAMITOR DT 50MG TAB (LAMOTRIGINE) (TORRENT),LAMOTRIGINE 100MG,50MG,tablet,df-2929601942,TORRENT,false,true
16204,LAMITOR OD,LAMITOR OD 50MG TAB (LAMOTRIGINE) (TORRENT),LAMOTRIGINE 100MG,50MG,tablet,df-2929601942,TORRENT,false,true
15510,TENEPRIDE M,TENEPRIDE M 20/500MG TAB (TENELIGLIPTIN+METFORMIN) (MICRO),TENELIGLIPTIN+METFORMIN,20/500MG,tablet,df-2929601942,MICRO,false,true
13335,TENEBITE M,TENEBITE M 20/1000MG TAB (TENELIGLIPTIN+METFORMIN HCL) (CORONA),TENELIGLIPTIN+METFORMIN,20/1000MG,tablet,df-2929601942,CORONA,false,true
9038,TENIVA M,TENIVA M 20/500MG TAB (TENELIGLIPTIN+METFORMIN HCL) (INTAS),TENELIGLIPTIN+METFORMIN,20/500MG,tablet,df-2929601942,INTAS,false,true
9039,TENIVA M FORTE,TENIVA M FORTE TAB (TENELIGLIPTIN+METFORMIN HCL) (INTAS),TENELIGLIPTIN+METFORMIN,,tablet,df-2929601942,INTAS,false,true
9920,AFOGLIP M,AFOGLIP M 20/500MG TAB (TENELIGLIPTIN+METFORMIN HCL) (TORRENT),TENELIGLIPTIN+METFORMIN,20/500MG,tablet,df-2929601942,TORRENT,false,true
9921,AFOGLIP M,AFOGLIP M 20/1000MG TAB (TENELIGLIPTIN+METFORMIN HCL) (TORRENT),TENELIGLIPTIN+METFORMIN,20/1000MG,tablet,df-2929601942,TORRENT,false,true
12458,ZITEN M,ZITEN M 20/500MG TAB (TENELIGLIPTIN+METFORMIN HCL) (GLENMARK),TENELIGLIPTIN+METFORMIN,20/500MG,tablet,df-2929601942,GLENMARK,false,true
374,COVERSYL AM,COVERSYL AM 4/5MG TAB (PERINDOPRIL+AMLODIPINE) (SERDIA),PERINDOPRIL ERBUMINE+AMLODIPINE,4/5MG,tablet,df-2929601942,SERDIA,false,true
1988,MODALERT,MODALERT 100MG TAB (MODAFINIL) (SUN),MODAFINIL 100MG,100MG,tablet,df-2929601942,SUN,false,true
2655,CLONOTRIL,CLONOTRIL 0.25MG TAB (CLONAZEPAM) (TORRENT),CLONAZEPAM 0.25MG,0.25MG,tablet,df-2929601942,TORRENT,false,true
16198,RIVOTRIL,RIVOTRIL 0.25MG TAB (CLONAZEPAM) (ABBOTT),CLONAZEPAM 0.25MG,0.25MG,tablet,df-2929601942,ABBOTT,false,true
16282,LONAZEP MD,LONAZEP MD  0.25MG TAB (CLONAZEPAM) (SUN),CLONAZEPAM 0.25MG,0.25MG,tablet,df-2929601942,SUN,false,true
14151,LABEPURE,LABEPURE (LABETALOL) 4ML INJ (ZYDUS CADILA),LABETALOL 100MG,,injection,df-7435419319,ZYDUS CADILA,false,true
2374,LABLOL,LABLOL (LABETALOL) 4ML INJ (NEON),LABETALOL 100MG,,injection,df-7435419319,NEON,false,true
10324,LOBET,LOBET 100MG TAB (LABETALOL) (SAMARTH),LABETALOL 100MG,100MG,tablet,df-2929601942,SAMARTH,false,true
6889,LOBET,LOBET (LABETALOL) 4ML INJ (SAMARTH),LABETALOL 100MG,,injection,df-7435419319,SAMARTH,false,true
5310,KETAMAX,KETAMAX (KETAMINE) 50MG INJ (TROIKAA),KETAMINE 50MG/ML,,injection,df-7435419319,TROIKAA,false,true
689,ANEKET,ANEKET (KETAMINE) 2ML INJ (NEON),KETAMINE 50MG/ML,,injection,df-7435419319,NEON,false,true
14994,KETAPIL,KETAPIL (KETAMINE) 10ML INJ (PILL),KETAMINE 50MG/ML,,injection,df-7435419319,PILL,false,true
383,R CINEX,R CINEX 450MG CAP (RIFAMPIN+ISONIAZID) (LUPIN),RIFAMPIN 450MG+ISONIAZID 300MG,450MG,capsule,df-9555626637,LUPIN,false,true
10251,MODULA,MODULA 5MG TAB (TADALAFIL) (SUN),TADALAFIL 5MG,5MG,tablet,df-2929601942,SUN,false,true
385,COMBUTOL,COMBUTOL 1000MG TAB (ETHAMBUTOL HCL) (LUPIN),ETHAMBUTOL HCL 1000MG,1000MG,tablet,df-2929601942,LUPIN,false,true
666,DILZEM SR,DILZEM SR TAB (DILTIAZEM HCL) (TORRENT),DILTIAZEM HCL 90MG,,tablet,df-2929601942,TORRENT,false,true
749,BETACAP TR,BETACAP TR 40MG CAP (PROPRANOLOL HYDROCHLORIDE) (SUN PHARMA),PROPRANOLOL TIMED RELEASED 40MG,40MG,capsule,df-9555626637,SUN,false,true
15722,ROPNOL CH,ROPNOL CH TAB (PROPRANOLOL+CLONAZEPAM) (RENOCIS),PROPRANOLOL TIMED RELEASED 40MG,,tablet,df-2929601942,RENOCIS,false,true
15743,REGESTRONE CR,REGESTRONE CR 10MG TAB (NORETHISTERONE) (TORRENT),NORETHISTERONE 5 MG,10MG,tablet,df-2929601942,TORRENT,false,true
2510,REGESTRONE,REGESTRONE 5MG TAB (NORETHINDRONE ACETATE) (TORRENT),NORETHISTERONE 5 MG,5MG,tablet,df-2929601942,TORRENT,false,true
12126,LEFRA,LEFRA 10MG TAB (LEFLUNOMIDE) (TORRENT),LEFLUNOMIDE 10MG,10MG,tablet,df-2929601942,TORRENT,false,true
15471,VALERA,VALERA 5MG TAB (EVOGLIPTIN) (ALKEM),EVOGLIPTIN 5MG,5MG,tablet,df-2929601942,ALKEM,false,true
17456,VALERA M,VALERA M 1000MG TAB (EVOGLIPTIN+METFORMIN HYDROCHLORIDE) (ALKEM),EVOGLIPTIN 5MG,1000MG,tablet,df-2929601942,ALKEM,false,true
13990,FULITE,FULITE CREAM 10GM (FUSIDIC ACID) (LA MED),FUSIDIC ACID,10GM,cream,df-3472438845,LA MED,false,true
10400,FUDIC,FUDIC CREAM 10GM (FUSIDIC ACID) (H&H),FUSIDIC ACID,10GM,cream,df-3472438845,H&H,false,true
12093,SARTEL,SARTEL 80MG TAB (TELMISARTAN) (INTAS),TELMISARTAN 80MG,80MG,tablet,df-2929601942,INTAS,false,true
6914,ERITEL,ERITEL 80MG TAB (TELMISARTAN) (ERIS),TELMISARTAN 80MG,80MG,tablet,df-2929601942,ERIS,false,true
2255,TELMA,TELMA 80MG TAB (TELMISARTAN) (GLENMARK),TELMISARTAN 80MG,80MG,tablet,df-2929601942,GLENMARK,false,true
879,TELSAR,TELSAR 80MG TAB (TELMISARTAN) (TORRENT),TELMISARTAN 80MG,80MG,tablet,df-2929601942,TORRENT,false,true
651,METOLAR,METOLAR (METOPROLOL) 5ML INJ (CIPLA),METOPROLOL 5ML,,injection,df-7435419319,CIPLA,false,true
8998,BETALOC,BETALOC (METOPROLOL) 5ML INJ (ASTRA ZENECA),METOPROLOL 5ML,,injection,df-7435419319,ASTRA ZENECA,false,true
10858,I-VIT 12,I-VIT 12 (VIT B 12) INJ (TORRENT),VITAMIN B12 + FOLIC ACID,,injection,df-7435419319,TORRENT,false,true
7007,DIVIT M,DIVIT M CAP (METHYLCOBALAMIN+ANTIOXIDANT+MULTIVITAMIN+MULTIMINERAL) (TIMES),VITAMIN B12 + FOLIC ACID,,capsule,df-9555626637,TIMES HEALTHCARE,false,true
15358,I-VIT PRO,I-VIT PRO CAP (GRAPE SEED EXTRACT+MULTIVITAMIN) (TORRENT),VITAMIN B12 + FOLIC ACID,,capsule,df-9555626637,TORRENT,false,true
823,CALAPTIN,CALAPTIN 40MG TAB (VERAPAMIL HCL) (ABBOTT),VERAPAMIL 40MG,40MG,tablet,df-2929601942,ABBOTT,false,true
1480,PREVENAR-13 VACCINE,PREVENAR-13 VACCINE (PFIZER),PNEUMOCOCCAL VACCINE,,vaccine,df-5880427153,PFIZER,false,true
5405,SYNFLORIX,SYNFLORIX (PNEUMOCOCCAL) VACCINE 1ML (GSK),PNEUMOCOCCAL VACCINE,,vaccine,df-5880427153,GSK,false,true
1879,NORFLOX,NORFLOX 400MG TAB (NORFLOXACIN) (CIPLA),NORFLOXACIN 400MG,400MG,tablet,df-2929601942,CIPLA,false,true
893,ACITROM,ACITROM 4MG TAB (NICOUMALONE) (ABBOTT),NICOUMALONE 4MG,4MG,tablet,df-2929601942,ABBOTT,false,true
3427,NAPROSYN,NAPROSYN 500MG TAB (NAPROXEN) (RPG)  {*},NAPROXEN 500MG,500MG,tablet,df-2929601942,RPG,false,true
10317,CISATRA,CISATRA (CIS ATRACURIUM) 10ML INJ (THEMIS),CIS ATRACURIUM,,injection,df-7435419319,THEMIS,false,true
10318,CISATRA,CISATRA (CIS ATRACURIUM) 5ML INJ (THEMIS),CIS ATRACURIUM,,injection,df-7435419319,THEMIS,false,true
15950,CISARTACIL,CISARTACIL (CIS ATRACURIUM) 5ML INJ (NEON),CIS ATRACURIUM,,injection,df-7435419319,NEON,false,true
8098,GLA 120,GLA 120 CAP (GAMMA LINOLENIC ACID) (DR. REDDY),GAMMA LINOLENIC ACID,,capsule,df-9555626637,DR REDDY,false,true
10589,MECGLA,MECGLA CAP (GAMMA LINOLENIC ACID+MECOBALAMIN+VITAMIN C) (NOUVEAU),GAMMA LINOLENIC ACID,,capsule,df-9555626637,NOUVEAU,false,true
4775,VOLIX M,VOLIX M 0.3MG TAB (METFORMIN HCL+VOGLIBOSE) (SUN),VOGLIBOSE0.3+METFORMIN500,0.3MG,tablet,df-2929601942,SUN,false,true
4109,MONOTAX,MONOTAX (CEFTRIAXONE) 1GM INJ (BIOCHEM),CEFTRIAXONE 1GM,,injection,df-7435419319,BIOCHEM,false,true
7899,CEFBACT,CEFBACT (CEFTRIAXONE) 1GM INJ (CIPLA),CEFTRIAXONE 1GM,,injection,df-7435419319,CIPLA,false,true
765,MONOCEF,MONOCEF (CEFTRIAXONE) 1GM INJ (ARISTO),CEFTRIAXONE 1GM,,injection,df-7435419319,ARISTO,false,true
1802,SILODERM,"SILODERM CREAM 20GM (DIMETHICON,ZINC OXIDE,CALAMINE & CETRIMIDE) (USV)",CALAMINE 8%,20GM,cream,df-3472438845,USV,false,true
1579,LINICAL LOTION,LINICAL LOTION 100ML (CALAMINE 8%) (PALSONS),CALAMINE 8%,100ML,lotion,df-6941042110,PALSONS,false,true
3154,QUTIPIN,QUTIPIN 25MG TAB (QUETIAPINE) (SUN),QUETIAPINE,25MG,tablet,df-2929601942,SUN,false,true
10670,OXALILIVE,OXALILIVE (OXALIPLATIN) 100MG INJ (ONCOBIOTEK),OXALIPLATIN,,injection,df-7435419319,ONCOBIOTEK,false,true
10671,OXALILIVE,OXALILIVE (OXALIPLATIN) 50MG INJ (ONCOBIOTEK),OXALIPLATIN,,injection,df-7435419319,ONCOBIOTEK,false,true
7826,SUPIROCIN,SUPIROCIN OINT 5GM (MUPIROCIN) (GLENMARK),MUPIROCIN,5GM,ointment,df-3972100204,GLENMARK,false,true
1414,T-BACT,T-BACT OINT 5GM (MUPIROCIN) (GSK),MUPIROCIN,5GM,ointment,df-3972100204,GSK,false,true
745,RANOZEX,RANOZEX 500MG TAB (RANOLAZINE) (SUN PHARMA),RANOLAZINE 500MG,500MG,tablet,df-2929601942,SUN,false,true
300,RANOLAZ,RANOLAZ 500MG TAB (RANOLAZINE) (TORRENT),RANOLAZINE 500MG,500MG,tablet,df-2929601942,TORRENT,false,true
15484,RANCV,RANCV 500MG TAB (RANOLAZINE) (MSN),RANOLAZINE 500MG,500MG,tablet,df-2929601942,MSN,false,true
16189,LACOSAM,LACOSAM 50MG TAB (LACOSAMIDE) (TORRENT),LACOSAMIDE 100MG,50MG,tablet,df-2929601942,TORRENT,false,true
16296,LACOXA,LACOXA 100MG TAB (LACOSAMIDE) (ABBOTT),LACOSAMIDE 100MG,100MG,tablet,df-2929601942,ABBOTT,false,true
16297,LACOXA,LACOXA 200MG TAB (LACOSAMIDE) (ABBOTT),LACOSAMIDE 100MG,200MG,tablet,df-2929601942,ABBOTT,false,true
6397,LACOSAM,LACOSAM 100MG TAB (LACOSAMIDE) (TORRENT),LACOSAMIDE 100MG,100MG,tablet,df-2929601942,TORRENT,false,true
1175,THIOSOL,THIOSOL (THIOPENTONE) 1GM INJ (NEON),THIOPENTONE,,injection,df-7435419319,NEON,false,true
714,ARTACIL,ARTACIL (ATRACURIUM) 10ML INJ (NEON),ATRACURIUM BESYLATE 10MG/ML,,injection,df-7435419319,NEON,false,true
548,ACRIS,ACRIS (ATRACURIUM BESILATE) 2.5ML INJ (GLAND PHARMA),ATRACURIUM BESYLATE 10MG/ML,,injection,df-7435419319,GLAND PHARMA,false,true
10314,ATACURIUM,ATACURIUM (ATRACURIUM) 2.5ML INJ (THEMIS),ATRACURIUM BESYLATE 10MG/ML,,injection,df-7435419319,THEMIS,false,true
10315,ATACURIUM,ATACURIUM (ATRACURIUM) 5ML INJ (THEMIS),ATRACURIUM BESYLATE 10MG/ML,,injection,df-7435419319,THEMIS,false,true
10316,ATACURIUM,ATACURIUM (ATRACURIUM) 10ML INJ (THEMIS),ATRACURIUM BESYLATE 10MG/ML,,injection,df-7435419319,THEMIS,false,true
9839,DUPHALAC,DUPHALAC 250ML SYP (ABBOTT),LACTULOSE,250ML,syrup,df-4608470948,ABBOTT,false,true
15873,EVACUSOFT,EVACUSOFT 200ML SYP (HOSPIMAX),LACTULOSE,200ML,syrup,df-4608470948,HOSPIMAX,false,true
15926,VIZYLAC DT,VIZYLAC DT TAB (LACTIC ACID BACILLUS+ZINC) (TORRENT),LACTIC ACID BACILLUS,,tablet,df-2929601942,TORRENT,false,true
15340,VIZYLAC PLUS,VIZYLAC PLUS CAP (LACTIC ACID BACILLUS) (TORRENT),LACTIC ACID BACILLUS,,capsule,df-9555626637,TORRENT,false,true
664,SPORLAC DS,SPORLAC DS TAB (LACTIC ACID BACILLUS) (SANZYME),LACTIC ACID BACILLUS,,tablet,df-2929601942,SANZYME,false,true
923,VIZYLAC,VIZYLAC CAPSULE (LACTIC ACID BACILLUS) (TORRENT),LACTIC ACID BACILLUS,,capsule,df-9555626637,TORRENT,false,true
1580,SPORLAC,SPORLAC 1GM SACHET (LACTOBACILLUS) (SANZYME),LACTIC ACID BACILLUS,1GM,powder,df-9603977956,SANZYME,false,true
3148,DAXID,DAXID 25MG TAB (SERTRALINE) (PFIZER),SERTRALINE HCL 25MG,25MG,tablet,df-2929601942,PFIZER,false,true
654,SERTA,SERTA 25MG TAB (SERTRALINE) (TORRENT),SERTRALINE HCL 25MG,25MG,tablet,df-2929601942,TORRENT,false,true
9777,ZOSERT,ZOSERT 25MG TAB (SERTRALINE) (SUN),SERTRALINE HCL 25MG,25MG,tablet,df-2929601942,SUN,false,true
5158,NOVASTAT TG,NOVASTAT TG 10/160MG TAB (ROSUVASTATIN+FINOFIBRATE) (LUPIN),ROSUVASTATIN & FENOFIBRATE,10/160MG,tablet,df-2929601942,LUPIN,false,true
744,ROZAVEL F,ROZAVEL F 20MG TAB (ROSUVASTATIN+FENOFIBRATE) (SUN PHARMA),ROSUVASTATIN & FENOFIBRATE,20MG,tablet,df-2929601942,SUN,false,true
752,ROZUCOR F,ROZUCOR F 10MG TAB (ROSUVASTATIN+FENOFIBRATE) (TORRENT),ROSUVASTATIN & FENOFIBRATE,10MG,tablet,df-2929601942,TORRENT,false,true
2720,ROSEDAY F,ROSEDAY F 10MG TAB (ROSUVASTATIN+FENOFIBRATE) (USV),ROSUVASTATIN & FENOFIBRATE,10MG,tablet,df-2929601942,USV,false,true
3469,ROSUVAS F,ROSUVAS F 20MG TAB (ROSUVASTATIN+FENOFIBRATE) (SUN),ROSUVASTATIN & FENOFIBRATE,20MG,tablet,df-2929601942,SUN,false,true
3515,ROSUVAS F,ROSUVAS F 10MG TAB (ROSUVASTATIN+FENOFIBRATE) (SUN),ROSUVASTATIN & FENOFIBRATE,10MG,tablet,df-2929601942,SUN,false,true
1602,ROZAVEL F,ROZAVEL F 10MG TAB (ROSUVASTATIN+FENOFIBRATE) (SUN),ROSUVASTATIN & FENOFIBRATE,10MG,tablet,df-2929601942,SUN,false,true
16045,ROZAVEL F,ROZAVEL F 5MG TAB (ROSUVASTATIN+FENOFIBRATE) (SUN),ROSUVASTATIN & FENOFIBRATE,5MG,tablet,df-2929601942,SUN,false,true
14060,UNISTAR GOLD,UNISTAR GOLD 20MG CAP (ROSUVASTATIN+ASPIRIN+CLOPIDOGREL) (TORRENT),ROSUVASTATIN + CLOPIDOGREL,20MG,capsule,df-9555626637,TORRENT,false,true
13373,CREVAST GOLD,CREVAST GOLD 20MG CAP (ROSUVASTATIN+ASPIRIN+CLOPIDOGREL) (ERIS),ROSUVASTATIN + CLOPIDOGREL,20MG,capsule,df-9555626637,ERIS,false,true
13374,CREVAST GOLD,CREVAST GOLD 10MG CAP (ROSUVASTATIN+ASPRIN+CLOPIDOGREL) (ERIS),ROSUVASTATIN + CLOPIDOGREL,10MG,capsule,df-9555626637,ERIS,false,true
13207,ROZUCOR GOLD,ROZUCOR GOLD 10MG CAP (ROSUVASTATIN+ASPIRIN+CLOPIDOGREL) (TORRENT),ROSUVASTATIN + CLOPIDOGREL,10MG,capsule,df-9555626637,TORRENT,false,true
16613,ROSUVAS CV,ROSUVAS CV 20MG CAP (ROSUVASTATIN+CLOPIDOGREL) (SUN),ROSUVASTATIN + CLOPIDOGREL,20MG,capsule,df-9555626637,SUN,false,true
6556,ROSUVAS CV,ROSUVAS CV 10MG CAP (ROSUVASTATIN+CLOPIDOGREL) (SUN),ROSUVASTATIN + CLOPIDOGREL,10MG,capsule,df-9555626637,SUN,false,true
6679,ROSUMAC GOLD,ROSUMAC GOLD 10MG CAP (ROSUVASTATIN+ASPIRIN+CLOPIDOGREL) (MACLEODS),ROSUVASTATIN + CLOPIDOGREL,10MG,capsule,df-9555626637,MACLEODS,false,true
7381,ROSUMAC GOLD,ROSUMAC GOLD 20MG CAP (ROSUVASTATIN+ASPIRIN+CLOPIDOGREL) (MACLEODS),ROSUVASTATIN + CLOPIDOGREL,20MG,capsule,df-9555626637,MACLEODS,false,true
9488,ROSUVA GOLD,ROSUVA GOLD 10MG CAP (ROSUVASTATIN+ASPIRIN+CLOPIDOGREL) (SUN),ROSUVASTATIN + CLOPIDOGREL,10MG,capsule,df-9555626637,SUN,false,true
9489,ROSUVA GOLD,ROSUVA GOLD 20MG CAP (ROSUVASTATIN+ASPIRIN+CLOPIDOGREL) (SUN),ROSUVASTATIN + CLOPIDOGREL,20MG,capsule,df-9555626637,SUN,false,true
9016,ROZAGOLD,ROZAGOLD 10MG CAP (ROSUVASTATIN+ASPRIN+CLOPIDOGREL) (SUN),ROSUVASTATIN + CLOPIDOGREL,10MG,capsule,df-9555626637,SUN,false,true
9017,ROZAGOLD,ROZAGOLD 20MG CAP (ROSUVASTATIN+ASPIRIN+CLOPIDOGREL) (SUN),ROSUVASTATIN + CLOPIDOGREL,20MG,capsule,df-9555626637,SUN,false,true
12455,CARDIROSE CV,CARDIROSE CV 10MG CAP (ROSUVASTATIN+CLOPIDOGREL) (HBC),ROSUVASTATIN + CLOPIDOGREL,10MG,capsule,df-9555626637,HBC,false,true
1172,MYOSTIGMIN,MYOSTIGMIN (NEOSTIGMIN) 0.5MG 1ML INJ (NEON),NEOSTIGMINE 0.5MG,,injection,df-7435419319,NEON,false,true
10638,CROCIN,CROCIN DROP (PARACETAMOL) (GSK),PARACETAMOL SYP,,drop,df-2859918947,GSK,false,true
12976,CROCIN DS,CROCIN DS 100ML SYP (GSK),PARACETAMOL SYP,100ML,syrup,df-4608470948,GSK,false,true
11594,THYROX,THYROX 50MCG TAB (THYROXINE) (MACLEODS),THYROXIN 50MCG,50MCG,tablet,df-2929601942,MACLEODS,false,true
947,THYRONORM,THYRONORM 50MCG TAB (THYROXINE) (ABBOTT) {#},THYROXIN 50MCG,50MCG,tablet,df-2929601942,ABBOTT,false,true
772,ELTROXIN,ELTROXIN 50MCG TAB (THYROXINE) (GSK),THYROXIN 50MCG,50MCG,tablet,df-2929601942,GSK,false,true
8396,LOPAMIDE,LOPAMIDE 2MG TAB (LOPERAMIDE) (TORRENT),LOPRAMIDE 2MG,2MG,tablet,df-2929601942,TORRENT,false,true
9667,REVOCON,REVOCON 25MG TAB (TETRABENAZINE) (SUN),TETRABENAZINE 25MG,25MG,tablet,df-2929601942,SUN,false,true
17460,METAX-D,METAX-D TAB (METAXALONE+DICLOFENAC) (SYSTEMIC),METAXOLONE,,tablet,df-2929601942,SYSTEMIC,false,true
10701,ERBITUX,ERBITUX (CETUXIMAB) 100MG INJ (MERCK),CETUXIMAB,,injection,df-7435419319,MERCK,false,true
5635,DOMSTAL,DOMSTAL SYP (TORRENT),DOMPERIDONE,,syrup,df-4608470948,TORRENT,false,true
13867,DOMSTAL,DOMSTAL DROP 5ML (DOMPERIDONE) (TORRENT),DOMPERIDONE,5ML,drop,df-2859918947,TORRENT,false,true
642,OLEANZ,OLEANZ 2.5MG TAB (OLANZAPINE) (SUN PHARMA),OLANZAPINE 2.5MG,2.5MG,tablet,df-2929601942,SUN,false,true
1277,CARDACE AM,CARDACE AM 5/5MG TAB (RAMIPRIL+AMLODIPINE) (SANOFI),RAMIPRIL+AMLODIPINE,5/5MG,tablet,df-2929601942,SANOFI,false,true
5139,CARDACE AM,CARDACE AM 2.5/5MG TAB (RAMIPRIL+AMLODIPINE) (SANOFI),RAMIPRIL+AMLODIPINE,2.5/5MG,tablet,df-2929601942,SANOFI,false,true
7770,ICUBAC,ICUBAC (MEROPENEM) 500MG INJ (SANDOZ),MEROPENEM 500MG,,injection,df-7435419319,SANDOZ,false,true
8303,MICROPENAM,MICROPENAM (MEROPENEM) 500MG INJ (MICROLABS),MEROPENEM 500MG,,injection,df-7435419319,MICRO,false,true
1374,MEROCRIT,MEROCRIT (MEROPENEM) 500MG INJ (CIPLA)   {#},MEROPENEM 500MG,,injection,df-7435419319,CIPLA,false,true
1792,MERONEM,MERONEM (MEROPENEM) 500MG INJ (ASTRA ZENECA)   {#},MEROPENEM 500MG,,injection,df-7435419319,PFIZER,false,true
15361,MNEM,MNEM (MEROPENEM) 500MG INJ (SANOFI),MEROPENEM 500MG,,injection,df-7435419319,SANOFI,false,true
4113,ENTAVIR,ENTAVIR 0.5MG TAB (ENTECAVIR) (CIPLA),ENTECAVIR 500MG,0.5MG,tablet,df-2929601942,CIPLA,false,true
4544,DULCOFLEX,DULCOFLEX TAB (BISACODYL) (SANOFI),BISACODYL,,tablet,df-2929601942,SANOFI,false,true
2907,COVERSYL,COVERSYL 2MG TAB (PERINDOPRIL ERBUMINE) (SERDIA),PERINDOPRIL 2MG,2MG,tablet,df-2929601942,SERDIA,false,true
11479,GLYCOMET SR,GLYCOMET SR 850MG TAB (METFORMIN HCL) (USV),METFORMIN 850mg,850MG,tablet,df-2929601942,USV,false,true
2289,PAPARIN,PAPARIN (PAPAVARIN) INJ 2ML (TROIKAA),PAPAVARIN,,injection,df-7435419319,TROIKAA,false,true
3962,ACTILYSE,ACTILYSE (ALTEPLASE) 50MG INJ (BOEHRINGER) {#},PLASMINOGEN ACTIVATOR,,injection,df-7435419319,BOEHRINGER,false,true
3392,PROVANOL SR,PROVANOL SR 40MG TAB (PROPRANOLOL) (INTAS),PROPRANOLOL 40MG,40MG,tablet,df-2929601942,INTAS,false,true
1280,CIPLAR LA,CIPLAR LA 40MG TAB (PROPRANOLOL) (CIPLA),PROPRANOLOL 40MG,40MG,tablet,df-2929601942,CIPLA,false,true
785,INDERAL,INDERAL 40MG TAB (PROPRANOLOL) (ABBOTT),PROPRANOLOL 40MG,40MG,tablet,df-2929601942,ABBOTT,false,true
16721,PROVANOL,PROVANOL 40MG TAB (PROPRANOLOL HCL) (INTAS),PROPRANOLOL 40MG,40MG,tablet,df-2929601942,INTAS,false,true
16200,PROVANOL,PROVANOL 20MG TAB (PROPRANOLOL) (INTAS),PROPRANOLOL 40MG,20MG,tablet,df-2929601942,INTAS,false,true
7861,DILIGAN,DILIGAN 25MG TAB (MECLIZINE HCL) (DR.REDDYS),MECLIZINE,25MG,tablet,df-2929601942,DR REDDY,false,true
7957,DARGEN,DARGEN (DARBEPOETIN ALFA) 40MCG INJ (LUPIN),DARBEPOETIN ALFA 40MCG/0.4ML,,injection,df-7435419319,LUPIN,false,true
3002,CRESP,CRESP (DARBEPOETIN ALFA) 40MCG INJ (DR REDDY),DARBEPOETIN ALFA 40MCG/0.4ML,,injection,df-7435419319,DR REDDY,false,true
16369,DARBA,DARBA (DARBEPOETIN ALFA) 40MCG INJ (RPG),DARBEPOETIN ALFA 40MCG/0.4ML,,injection,df-7435419319,RPG,false,true
16015,CRESP,CRESP (DARBEPOETIN ALFA) 60MCG INJ (DR REDDY),DARBEPOETIN ALFA 40MCG/0.4ML,,injection,df-7435419319,DR REDDY,false,true
3161,TOLPERITAS,TOLPERITAS 150MG TAB (TOLPERISONE) (INTAS),TOLPERISONE 150MG,150MG,tablet,df-2929601942,INTAS,false,true
223,ETHASYL,ETHASYL (ETHAMSYLATE) 2ML INJ (FDC),ETHAMSYLATE 250MG,,injection,df-7435419319,FDC,false,true
2775,COLYMONAS,COLYMONAS (COLISTIMETHATE SODIUM) 1MIU INJ (GLENMARK),COLISTIMETHATE SODIUM 1MIU,,injection,df-7435419319,GLENMARK,false,true
1552,XYLISTIN,XYLISTIN (COLISTIMETHATE SODIUM) 1MIU INJ (CIPLA),COLISTIMETHATE SODIUM 1MIU,,injection,df-7435419319,CIPLA,false,true
17286,XYLISTIN N,XYLISTIN N (COLISTIMETHATE SODIUM) 1MIU INJ (CIPLA),COLISTIMETHATE SODIUM 1MIU,,injection,df-7435419319,CIPLA,false,true
921,ZOLFRESH,ZOLFRESH 5MG TAB (ZOLPIDEM) (ABBOTT),ZOLPIDEM 5MG,5MG,tablet,df-2929601942,ABBOTT,false,true
971,CEFTUM,CEFTUM 250MG TAB (CEFUROXIME) (GSK),CEFUROXIME 250MG,250MG,tablet,df-2929601942,GSK,false,true
7008,CEFTIME,CEFTIME 250MG TAB (CEFUROXIME) (TIMES),CEFUROXIME 250MG,250MG,tablet,df-2929601942,TIMES,false,true
16410,DUTACEF,DUTACEF 250MG TAB (CEFUROXIME) (ALBUS),CEFUROXIME 250MG,250MG,tablet,df-2929601942,ALBUS,false,true
693,NEOROF,NEOROF (PROPOFOL) 10ML INJ (NEON),PROPOFOL 10ML,,injection,df-7435419319,NEON,false,true
11973,IVDAPT,IVDAPT (DAPTOMYCIN) 350MG INJ (FUSION),DAPTOMYCIN,,injection,df-7435419319,FUSION,false,true
12429,MOISTUREX,MOISTUREX CREAM 100GM (SUN),UREA+NATURAL MOISTURISER,100GM,cream,df-3472438845,SUN,false,true
10562,REMOIZ,REMOIZ CREAM 50GM (UREA+MOISTURIZER) (TALENT),UREA+NATURAL MOISTURISER,50GM,cream,df-3472438845,TALENT,false,true
1162,OFLOX,OFLOX 200MG TAB (OFLOXACIN) (CIPLA)   {#},OFLOXACIN 200MG,200MG,tablet,df-2929601942,CIPLA,false,true
2674,FEFOL Z,FEFOL Z CAP (CARBONYL IRON+ZINC+FOLIC ACID) (GSK),CARBONYL IRON +ZINC + FOLIC ACID,,capsule,df-9555626637,GSK,false,true
884,NS  EASYPORT,NS 00.45% EASYPORT 500ML (SKKL),SODIUM CHLORIDE 0.45% 500ML,00.45%,infusion,df-374189216,SKKL,false,true
9496,NS  GLASS,NS 0.45% GLASS 500ML (SKKL),SODIUM CHLORIDE 0.45% 500ML,0.45%,infusion,df-374189216,SKKL,false,true
16457,NS  PLASTIC,NS 0.45% PLASTIC 500ML,SODIUM CHLORIDE 0.45% 500ML,0.45%,infusion,df-374189216,VISION,false,true
17361,NS  PLASTIC,NS 0.45% PLASTIC 500ML (AMANTA),SODIUM CHLORIDE 0.45% 500ML,0.45%,infusion,df-374189216,AMANTA,false,true
15859,NS  EASYPORT,NS 0.45% EASYPORT 500ML (SKKL),SODIUM CHLORIDE 0.45% 500ML,0.45%,infusion,df-374189216,SKKL,false,true
15609,BIZFER XT,BIZFER XT TAB (FERROUS+ZINC+FOLIC ACID+METHYLCOBALAMIN) (J.B. CHEMICALS),IRON PREPARATION,,tablet,df-2929601942,JB CHEMICALS,false,true
15348,HEMFER XT,HEMFER XT TAB (FERROUS ASCORBATE+FOLIC ACID) (ALKEM),IRON PREPARATION,,tablet,df-2929601942,ALKEM,false,true
13140,LUPIHEME,LUPIHEME 12MG TAB (HEME IRON POLYPEPTIDE) (LUPIN),IRON PREPARATION,12MG,tablet,df-2929601942,LUPIN,false,true
6898,JECTOCOS PLUS,JECTOCOS PLUS (IRON) 1ML INJ (CFL),IRON PREPARATION,,injection,df-7435419319,CFL,false,true
928,FERIUM XT,FERIUM XT TAB (FERROUS ASCORBATE+FOLIC ACID) (EMCURE),IRON PREPARATION,,tablet,df-2929601942,EMCURE,false,true
2948,OROFER XT,OROFER XT TAB (FERROUS ASCORBATE+FOLIC ACID) (EMCURE),IRON PREPARATION,,tablet,df-2929601942,EMCURE,false,true
2005,FERONIA XT,FERONIA XT TAB (FERROUS ASCORBATE+FOLIC ACID) (ZUVENTUS),IRON PREPARATION,,tablet,df-2929601942,ZUVENTUS,false,true
351,TRYPTOMER,TRYPTOMER 25MG TAB (AMITRIPTYLINE HCL) (DR.REDDY),AMITRIPTYLINE 25MG,25MG,tablet,df-2929601942,DR REDDY,false,true
3481,CIPLAR,CIPLAR 10MG TAB (PROPRANOLOL HCL) (CIPLA),PROPERANOLOL,10MG,tablet,df-2929601942,CIPLA,false,true
10619,TIZAN,TIZAN 2MG TAB (TIZANIDINE) (SUN),TIZANIDINE 2MG,2MG,tablet,df-2929601942,SUN,false,true
9918,GRANDEM,GRANDEM (GRANISETRON) 1ML INJ (ARISTO),GRANISETRON 1MG/ML,,injection,df-7435419319,ARISTO,false,true
12586,GRANISET,GRANISET (GRANISETRON) 1MG INJ (SUN),GRANISETRON 1MG/ML,,injection,df-7435419319,SUN,false,true
14680,MEGA CV,MEGA CV 625MG TAB (AMOXYCILLIN+CLAVULANIC ACID) (ARISTO),AMOXYCILLIN & POTASSIUM CLAVUNATE,625MG,tablet,df-2929601942,ARISTO,false,true
9619,AUGMENTIN,AUGMENTIN 375MG TAB (AMOXYCILLIN+POT. CLAVULANATE) (GSK),AMOXYCILLIN & POTASSIUM CLAVUNATE,375MG,tablet,df-2929601942,GSK,false,true
11465,MEXOL-CV DRY,MEXOL-CV DRY SYRUP 30ML (SOLEMN BIOTECH),AMOXYCILLIN & POTASSIUM CLAVUNATE,30ML,syrup,df-4608470948,SOLEMN BIOTECH,false,true
5439,AUGPEN,AUGPEN (AMOXYCILLIN 250MG+POTASSIUM CLAVULANATE 50MG) 300MG INJ (ZUVENTUS),AMOXYCILLIN & POTASSIUM CLAVUNATE,,injection,df-7435419319,ZUVENTUS,false,true
2944,AUGMENTIN DUO,AUGMENTIN DUO 30ML SYP (GSK),AMOXYCILLIN & POTASSIUM CLAVUNATE,30ML,syrup,df-4608470948,GSK,false,true
2883,SURFAZ-SN,SURFAZ-SN CREAM 10GM (BECLOMETHASONE+CLOTRIMAZOLE+NEOMYCIN) (FRANCO),BETAMETHASONE+NEOMYCIN,10GM,cream,df-3472438845,FRANCO,false,true
795,BETNOVATE-N,BETNOVATE-N CREAM 20GM (BETAMETHASONE+NEOMYCIN) (GSK),BETAMETHASONE+NEOMYCIN,20GM,cream,df-3472438845,GSK,false,true
3971,LUPIRTIN,LUPIRTIN 100MG CAP (FLUPIRTINE) (LUPIN),FLUPIRTINE,100MG,capsule,df-9555626637,LUPIN,false,true
4883,TETRAFOL PLUS,TETRAFOL PLUS TAB (L-METHYLFOLATE+PYRIDOXAL-5 PHOSPHATE+MECOBALAMIN) (SUN),"L-METHYLFOLATE, PYRIDONAL-S-PHOSPATE & MEOBALOMIN",,tablet,df-2929601942,SUN,false,true
11483,ATROPINE,ATROPINE (ATROPINE SULPHATE) 10ML INJ (RATHI LAB),ATROPINE SULPHATE,,injection,df-7435419319,RATHI LAB,false,true
11047,ATRO EYE,ATRO EYE DROP 5ML (ATROPINE) (INTAS),ATROPINE SULPHATE,5ML,drop,df-2859918947,INTAS,false,true
3254,TROPINE,TROPINE (ATROPINE) 1ML INJ (NEON),ATROPINE SULPHATE,,injection,df-7435419319,NEON,false,true
241,ATROPINE SULPHATE,ATROPINE SULPHATE (ATROPINE) 1ML INJ (RATHI LAB) {#},ATROPINE SULPHATE,,injection,df-7435419319,RATHI LAB,false,true
6043,LAXOPEG,LAXOPEG SACHET (POLYETHYLENE GLYCOL 3350) (FOURRTS),POLYETHYLENE GLYCOL (137.15GM),,powder,df-9603977956,FOURRTS,false,true
12822,FREEGO-PEG,FREEGO-PEG 200ML SYP (ALEMBIC),POLYETHYLENE GLYCOL (137.15GM),200ML,syrup,df-4608470948,ALEMBIC,false,true
12638,AZIDERM,AZIDERM 20% CREAM 15GM (AZELAIC ACID) (MICRO),AZELAIC ACID,20%,cream,df-3472438845,MICRO,false,true
13297,DOBUSTAT,DOBUSTAT (DOBUTAMINE) 5ML INJ (SAMARTH),DOBUTAMINE 250MG,,injection,df-7435419319,SAMARTH,false,true
5538,DOBUTAM,DOBUTAM (DOBUTAMINE) 5ML INJ (UNITED BIOTECH),DOBUTAMINE 250MG,,injection,df-7435419319,UNITED BIOTECH,false,true
681,DOTAMIN,DOTAMIN (DOBUTAMINE) 5ML INJ (NEON),DOBUTAMINE 250MG,,injection,df-7435419319,NEON,false,true
1166,DOTAMIN LYO,DOTAMIN LYO (DOBUTAMINE PYOPHILISED) 5ML INJ (NEON),DOBUTAMINE 250MG,,injection,df-7435419319,NEON,false,true
279,CARDACE,CARDACE 5MG TAB (RAMIPRIL) (SANOFI) {*},RAMIPRIL 5MG,5MG,tablet,df-2929601942,SANOFI,false,true
379,RAMISTAR,RAMISTAR 5MG TAB (RAMIPRIL) (LUPIN),RAMIPRIL 5MG,5MG,tablet,df-2929601942,LUPIN,false,true
15506,HOPACE,HOPACE 5MG TAB (RAMIPRIL) (MICRO),RAMIPRIL 5MG,5MG,tablet,df-2929601942,MICRO,false,true
372,COVERSYL,COVERSYL 8MG TAB (PERINDOPRIL ERBUMINE) (SERDIA),PERINDOPRIL ERBUMINE 8MG,8MG,tablet,df-2929601942,SERDIA,false,true
889,GLIZID,GLIZID 40MG TABLET (GLICLAZIDE) (MANKIND),GLICLAZIDE 40MG,40MG,tablet,df-2929601942,MANKIND,false,true
14628,RECLIMET XR,RECLIMET XR 60MG TAB (GLICLAZIDE+METFORMIN) (DR REDDY),GLICLAZIDE 40MG,60MG,tablet,df-2929601942,DR REDDY,false,true
645,LASIX,LASIX (FRUSEMIDE) 2ML INJ (SANOFI),FRUSEMIDE 10MG,,injection,df-7435419319,SANOFI,false,true
9768,LASIX,LASIX (FRUSEMIDE) 4ML INJ (SANOFI) {*} {#},FRUSEMIDE 10MG,,injection,df-7435419319,SANOFI,false,true
12142,ARG 9,ARG 9 SACHET (L-ARGININE+PROANTHOCYANIDIN) (NOUVEAU),L-ARGINENE,,powder,df-9603977956,NOUVEAU,false,true
13529,DYNOCON,DYNOCON SACHET (L-ARGININE+TAURINE+L-GLUTAMINE) (CONVINA),L-ARGINENE,,powder,df-9603977956,CONVINA,false,true
1326,VALIUM,VALIUM 2MG TAB (DIAZEPAM) (ABBOTT),DIAZEPAM 2MG,2MG,tablet,df-2929601942,ABBOTT,false,true
6415,SUSTANON DEPOT,SUSTANON DEPOT (TESTOVIRON) 250MG INJ (ORGANON),TESTOSTERONE PROPIONATE 250MG,,injection,df-7435419319,ORGANON,false,true
15780,U TRYP,U TRYP (ULINASTATIN) 1LAC IU INJ (BHARAT SERUM),ULINASTATIN I LAC,,injection,df-7435419319,BHARAT SERUM,false,true
17262,U BET,U BET (ULINASTATIN) 1LAC IU INJ (ABBOTT),ULINASTATIN I LAC,,injection,df-7435419319,ABBOTT,false,true
15824,ROSUMAC,ROSUMAC 10MG TAB (ROSUVASTATIN) (MACLEODS),ROSUVASTATIN,10MG,tablet,df-2929601942,MACLEODS,false,true
15645,ROSLAREN AC,ROSLAREN AC 10MG TAB (ROSUVASTATIN +ASPRIN+CLOPIDOGREL) (LA RANON),ROSUVASTATIN,10MG,tablet,df-2929601942,LA RENON,false,true
15646,ROSLAREN AC,ROSLAREN AC 20MG CAP (ROSUVASTATIN+ASPIRIN+CLOPIDOGREL) (LA RANON),ROSUVASTATIN,20MG,capsule,df-9555626637,LA RENON,false,true
15954,ROZUSTAT,ROZUSTAT 20MG TAB (ROSUVASTATIN) (MACLEODS),ROSUVASTATIN,20MG,tablet,df-2929601942,MACLEODS,false,true
14582,LIPITAS,LIPITAS 20MG TAB (ROSUVASTATIN) (INTAS),ROSUVASTATIN,20MG,tablet,df-2929601942,INTAS,false,true
14583,LIPITAS,LIPITAS 40MG TAB (ROSUVASTATIN CALCIUM) (INTAS),ROSUVASTATIN,40MG,tablet,df-2929601942,INTAS,false,true
15041,CRESTOR,CRESTOR 40MG TAB (ROSUVASTATIN) (ASTRA ZENECA),ROSUVASTATIN,40MG,tablet,df-2929601942,ASTRA ZENECA,false,true
15362,LIPITAS,LIPITAS 10MG TAB (ROSUVASTATIN) (INTAS),ROSUVASTATIN,10MG,tablet,df-2929601942,INTAS,false,true
15363,LIPITAS,LIPITAS 5MG TAB (ROSUVASTATIN) (INTAS),ROSUVASTATIN,5MG,tablet,df-2929601942,INTAS,false,true
13526,JUPIROS,JUPIROS 10MG TAB (ROSUVASTATIN) (ALKEM),ROSUVASTATIN,10MG,tablet,df-2929601942,ALKEM,false,true
12573,ROSLAREN,ROSLAREN 10MG TAB (ROSUVASTATIN) (LA RENON),ROSUVASTATIN,10MG,tablet,df-2929601942,LA RENON,false,true
12574,ROSLAREN,ROSLAREN 20MG TAB (ROSUVASTATIN) (LA RENON),ROSUVASTATIN,20MG,tablet,df-2929601942,LA RENON,false,true
6366,ROSUCARD,ROSUCARD 10MG TAB (ROSUVASTATIN) (TPPL),ROSUVASTATIN,10MG,tablet,df-2929601942,TPPL,false,true
6429,ROSUMAC,ROSUMAC 20MG TAB (ROSUVASTATIN CALCIUM) (MACLEODS),ROSUVASTATIN,20MG,tablet,df-2929601942,MACLEODS,false,true
6579,ROSUCARD,ROSUCARD 20MG TAB (ROSUVASTATIN) (TPPL),ROSUVASTATIN,20MG,tablet,df-2929601942,TPPL,false,true
5207,ROSUFIT CV,ROSUFIT CV 10MG CAP (ROSUVASTATIN+CLOPIDOGREL) (AJANTA),ROSUVASTATIN,10MG,capsule,df-9555626637,AJANTA,false,true
12453,CARDIROSE,CARDIROSE 20MG TAB (ROSUVASTATIN) (HBC),ROSUVASTATIN,20MG,tablet,df-2929601942,HBC,false,true
11788,TURBOVAS,TURBOVAS 40MG TAB (ROSUVASTATIN) (MICRO),ROSUVASTATIN,40MG,tablet,df-2929601942,MICRO,false,true
11124,ROSUVAS,ROSUVAS 5MG TAB (ROSUVASTATIN) (SUN),ROSUVASTATIN,5MG,tablet,df-2929601942,SUN,false,true
10574,JUBIRA,JUBIRA 10MG TAB (ROSUVASTATIN) (JUBILENT),ROSUVASTATIN,10MG,tablet,df-2929601942,JUBILENT,false,true
10575,JUBIRA,JUBIRA 20MG TAB (ROSUVASTATIN) (JUBILENT),ROSUVASTATIN,20MG,tablet,df-2929601942,JUBILENT,false,true
1109,ROZAVEL,ROZAVEL 10MG TAB (ROSUVASTATIN) (SUN)  {*},ROSUVASTATIN,10MG,tablet,df-2929601942,SUN,false,true
1028,ROSUVAS,ROSUVAS 10MG TAB (ROSUVASTATIN) (SUN),ROSUVASTATIN,10MG,tablet,df-2929601942,SUN,false,true
1066,ROZUCOR,ROZUCOR 40MG TAB (ROSUVASTATIN) (TORRENT),ROSUVASTATIN,40MG,tablet,df-2929601942,TORRENT,false,true
1042,ROSURICA,ROSURICA 20MG TAB (ROSUVASTATIN) (APRICA),ROSUVASTATIN,20MG,tablet,df-2929601942,APRICA,false,true
1043,ROSURICA,ROSURICA 40MG TAB (ROSUVASTATIN) (APRICA),ROSUVASTATIN,40MG,tablet,df-2929601942,APRICA,false,true
1436,ROSUVAS,ROSUVAS 40MG TAB (ROSUVASTATIN) (SUN),ROSUVASTATIN,40MG,tablet,df-2929601942,SUN,false,true
1498,ROZAVEL,ROZAVEL 40MG TAB (ROSUVASTATIN) (SUN)  {*},ROSUVASTATIN,40MG,tablet,df-2929601942,SUN,false,true
1996,CORTIMAX,CORTIMAX 12MG TAB (DEFLAZACORT) (ZUVENTUS),DEFLAZACORT,12MG,tablet,df-2929601942,ZUVENTUS,false,true
1997,CORTIMAX,CORTIMAX 6MG TAB (DEFLAZACORT) (ZUVENTUS),DEFLAZACORT,6MG,tablet,df-2929601942,ZUVENTUS,false,true
14765,DEFCORT,DEFCORT 12MG TAB (DEFLAZACORT) (MACLEODS),DEFLAZACORT,12MG,tablet,df-2929601942,MACLEODS,false,true
14766,DEFCORT,DEFCORT 24MG TAB (DEFLAZACORT) (MACLEODS),DEFLAZACORT,24MG,tablet,df-2929601942,MACLEODS,false,true
14767,DEFCORT,DEFCORT 30MG TAB (DEFLAZACORT) (MACLEODS),DEFLAZACORT,30MG,tablet,df-2929601942,MACLEODS,false,true
14768,DEFCORT,DEFCORT 6MG TAB (DEFLAZACORT) (MACLEODS),DEFLAZACORT,6MG,tablet,df-2929601942,MACLEODS,false,true
2672,IMDUR,IMDUR 60MG TAB (ISOSORBIDE-5-MONONITRATE) (ASTRA ZENECA),ISOSORBIDE MONONITRATE,60MG,tablet,df-2929601942,ASTRA ZENECA,false,true
17214,PULMOFIB,PULMOFIB 801MG TAB (PIRFENIDONE) (MSN),PIRFENIDON,801MG,tablet,df-2929601942,MSN,false,true
685,CORT S,CORT S (HYDROCORTISONE) 100MG INJ (NEON) {#},HYDROCORTISONE 100MG,,injection,df-7435419319,NEON,false,true
11323,PRIMACORT,PRIMACORT (HYDROCORTISONE) 100MG INJ (MACLEODS),HYDROCORTISONE 100MG,,injection,df-7435419319,MACLEODS,false,true
6735,SYSCAN,SYSCAN 150MG CAP (FLUCONAZOLE) (TORRENT),FLUCONAZOLE 150MG,150MG,capsule,df-9555626637,TORRENT,false,true
8978,NUCALDI C,NUCALDI C TAB (CALCIUM CITRATE+CALCITROL) (AUREOLE),CALCIUM CITRATE,,tablet,df-2929601942,AUREOLE,false,true
12571,TRICIUM MAX,TRICIUM MAX TAB (CISSUS QUADRANGULARIS+CALCIUM+VITAMIN D3) (CORONA),CALCIUM CITRATE,,tablet,df-2929601942,CORONA,false,true
12096,AQUAZIDE,AQUAZIDE 12.5MG TAB (HYDROCHLOROTHIAZIDE) (SUN) {*},HYDROCHLOROTHIAZIDE 12.5MG,12.5MG,tablet,df-2929601942,SUN,false,true
15273,GINKOMAT PLUS,GINKOMAT PLUS TAB (GINKGO BILOBA+PIRACETAM+VINPOCETINE) (MATTEO),PIRACETAM 800+VINPOCETIN+GINKOBA BILOBA 60,,tablet,df-2929601942,MATTEO,false,true
3035,EVALON,EVALON CREAM (ESTRIOL) (MSD),ESTRIOL CREAM BP,,cream,df-3472438845,MSD,false,true
2665,ZERODOL SP,ZERODOL SP TAB (ACECLOFENAC+PARACETAMOL+SERRATIOPEPTIDASE) (IPCA),ACECLOFENAC+SERRATIOPEPTIDASE,,tablet,df-2929601942,IPCA,false,true
3605,SIGNOFLAM,SIGNOFLAM TAB (PARACETAMOL+SERRATIOPEPTIDASE+ACECLOFENAC) (LUPIN),ACECLOFENAC+SERRATIOPEPTIDASE,,tablet,df-2929601942,LUPIN,false,true
14781,ALANFLAM,ALANFLAM TAB (ACECLOFENAC+PARACETAMOL+SERRATIOPEPTIDASE) (ALANMARK),ACECLOFENAC+SERRATIOPEPTIDASE,,tablet,df-2929601942,ALANMARK,false,true
15537,GUDCEF PLUS,GUDCEF PLUS TAB (CEFPODOXIME+OFLOXACIN) (MANKIND),CEFPODOXIM 200MG,,tablet,df-2929601942,MANKIND,false,true
3588,ZEDOCEF,ZEDOCEF 200MG TAB (CEFPODOXIME PROXETIL) (MACLEODS),CEFPODOXIM 200MG,200MG,tablet,df-2929601942,MACLEODS,false,true
3973,DEXONA,DEXONA TAB (DEXAMETHASONE) (ZYDUS),DEXAMETHASONE 4MG/ML,,tablet,df-2929601942,ZYDUS,false,true
353,DEXONA,DEXONA (DEXAMETHASONE) 2ML INJ (ZYDUS CADILA) {#},DEXAMETHASONE 4MG/ML,,injection,df-7435419319,ZYDUS CADILA,false,true
978,AMARYL,AMARYL 2MG TAB (GLIMEPIRIDE) (SANOFI),GLIMEPRIDE 2MG,2MG,tablet,df-2929601942,SANOFI,false,true
1914,AZULIX,AZULIX 2MG TAB (GLIMEPRIDE) (TORRENT),GLIMEPRIDE 2MG,2MG,tablet,df-2929601942,TORRENT,false,true
7776,ZORYL,ZORYL 2MG TAB (GLIMEPIRIDE) (INTAS),GLIMEPRIDE 2MG,2MG,tablet,df-2929601942,INTAS,false,true
811,SUMO,SUMO TAB (NIMESULIDE+PARACETAMOL) (ALKEM),NIMESULIDE+PCM,,tablet,df-2929601942,ALKEM,false,true
6577,HISONE,HISONE 5MG TAB (HYDROCORTISONE) (SAMARTH),HYDROCORTISONE ACETATE 20GM,5MG,tablet,df-2929601942,SAMARTH,false,true
294,NEBICARD H,NEBICARD H TAB (NEBIVOLOL HCL+HYDROCHLOROTHIAZIDE) (TORRENT),NEBIVOLOL+HYDROCHLORTHIAZIDE,,tablet,df-2929601942,TORRENT,false,true
17452,NEBISTAR H,NEBISTAR H TAB (NEBIVOLOL+HYDROCHLOROTHIAZIDE) (LUPIN),NEBIVOLOL+HYDROCHLORTHIAZIDE,,tablet,df-2929601942,LUPIN,false,true
1904,URSOCOL SR,URSOCOL SR 450MG TAB (URSODEOXYCHOLIC ACID) (SUN),URSODESOXYCHOLIC ACID 450MG,450MG,tablet,df-2929601942,SUN,false,true
3335,CETANIL M,CETANIL M 50MG TAB (CILNIDIPINE+METOPROLOL) (ALEMBIC),CILINIDIPINE &METOPROLOL,50MG,tablet,df-2929601942,ALEMBIC,false,true
3391,GABAPIN NT 400/10,GABAPIN NT 400/10 TAB (GABAPENTIN+NORTRIPTYLINE) (INTAS),GABAPENTIN + NORTRIPTYLINE HCL,,tablet,df-2929601942,INTAS,false,true
11542,GABANEURON NT,GABANEURON NT TAB (GABAPENTIN+NORTRIPTYLINE) (ARISTO),GABAPENTIN + NORTRIPTYLINE HCL,,tablet,df-2929601942,ARISTO,false,true
14846,GABANTIN NT 400,GABANTIN NT 400 TABLET (GABAPENTIN+NORTRIPTYLINE) (SUN),GABAPENTIN + NORTRIPTYLINE HCL,,tablet,df-2929601942,SUN,false,true
15925,GABANEURON NT,GABANEURON NT 100MG TAB (GABAPENTIN+NORTRIPTYLINE) (ARISTO),GABAPENTIN + NORTRIPTYLINE HCL,100MG,tablet,df-2929601942,ARISTO,false,true
13191,SUPIME,SUPIME (CEFPIME 1G+SULBACTAM 500MG) 1.5GM INJ (VENUS),CEFPIME 1GM+SULBACTAM,,injection,df-7435419319,VENUS,false,true
9500,NIXPIME,NIXPIME (CEFPIME 1G+SULBACTAM 500MG) 1.5GM INJ (MEDNIX),CEFPIME 1GM+SULBACTAM,,injection,df-7435419319,MEDNIX,false,true
10375,METPURE XL,METPURE XL 50MG TAB (S-METOPROLOL) (EMCURE),METOPROLOL 50MG,50MG,tablet,df-2929601942,EMCURE,false,true
7586,STARCAD B,STARCAD B 50MG TAB (S-METOPROLOL S.E.R.) (LUPIN),METOPROLOL 50MG,50MG,tablet,df-2929601942,LUPIN,false,true
1505,METOLAR XR,METOLAR XR 50MG TAB (METOPROLOL) (CIPLA),METOPROLOL 50MG,50MG,tablet,df-2929601942,CIPLA,false,true
1422,STARPRESS XL,STARPRESS XL 50MG TAB (METOPROLOL) (LUPIN),METOPROLOL 50MG,50MG,tablet,df-2929601942,LUPIN,false,true
1987,EMBETA XR,EMBETA XR 50MG TAB (METOPROLOL) (INTAS),METOPROLOL 50MG,50MG,tablet,df-2929601942,INTAS,false,true
358,SELOKEN XL,SELOKEN XL 50MG TAB (METOPROLOL) (ASTRA ZENECA),METOPROLOL 50MG,50MG,tablet,df-2929601942,ASTRA ZENECA,false,true
356,BETALOC,BETALOC 50MG TAB (METOPROLOL) (ASTRA ZENECA),METOPROLOL 50MG,50MG,tablet,df-2929601942,ASTRA ZENECA,false,true
938,MET XL,MET XL 50MG TAB (METOPROLOL) (AJANTA),METOPROLOL 50MG,50MG,tablet,df-2929601942,AJANTA,false,true
881,PROLOMET XL,PROLOMET XL 50MG TAB (METOPROLOL) (SUN),METOPROLOL 50MG,50MG,tablet,df-2929601942,SUN,false,true
1279,METOCARD XL,METOCARD XL 50MG TAB (METOPROLOL) (TORRENT),METOPROLOL 50MG,50MG,tablet,df-2929601942,TORRENT,false,true
15825,METOPIL,METOPIL 50MG TAB (METOPROLOL) (SPECTRA),METOPROLOL 50MG,50MG,tablet,df-2929601942,SPECTRA,false,true
15214,XM BETA,XM BETA 50MG TAB (METOPROLOL) (MACLEODS),METOPROLOL 50MG,50MG,tablet,df-2929601942,MACLEODS,false,true
15215,XM BETA,XM BETA 25MG TAB (METOPROLOL) (MACLEODS),METOPROLOL 50MG,25MG,tablet,df-2929601942,MACLEODS,false,true
17449,MET XL AM 50/5,MET XL AM 50/5 TAB (METOPROLOL+AMLODIPINE) (AJANTA),METOPROLOL 50MG,,tablet,df-2929601942,AJANTA,false,true
13119,SIMPRO A,SIMPRO A TAB (PROPRANOLOL HCL+ALPRAZOLAM) (SIGMOID),ALPRAZOLAM PROPERANOLOL,,tablet,df-2929601942,SIGMOID,false,true
5416,MIKACIN,MIKACIN (AMIKACIN) 100MG INJ (ARISTO),AMIKACIN 100MG,,injection,df-7435419319,ARISTO,false,true
5411,KEPHAZON,KEPHAZON (CEFOPERAZONE) 1GM INJ (UNITED BIOTECH),CEFOPERAZONE 1GM,,injection,df-7435419319,UNITED BIOTECH,false,true
4796,PURECEF,PURECEF ( CEFOPERAZONE SODIUM ) 1GM INJ (SAMARTH),CEFOPERAZONE 1GM,,injection,df-7435419319,SAMARTH,false,true
1584,MAGNAMYCIN,MAGNAMYCIN (CEFOPERAZONE) 1GM INJ (PFIZER),CEFOPERAZONE 1GM,,injection,df-7435419319,PFIZER,false,true
948,THYRONORM,THYRONORM 25MCG TAB (THYROXINE) (ABBOTT) {#},THYROXIN 25MCG,25MCG,tablet,df-2929601942,ABBOTT,false,true
771,ELTROXIN,ELTROXIN 25MCG TAB (THYROXINE) (GSK),THYROXIN 25MCG,25MCG,tablet,df-2929601942,GSK,false,true
11593,THYROX,THYROX 25MCG TAB (THYROXINE) (MACLEODS),THYROXIN 25MCG,25MCG,tablet,df-2929601942,MACLEODS,false,true
6888,ESOCARD,ESOCARD (ESMOLOL) 100MG INJ (SAMARTH),ESMOLOL 100MG,,injection,df-7435419319,SAMARTH,false,true
712,NEOTACH,NEOTACH (ESMOLOL HCL) 100MG INJ (NEON),ESMOLOL 100MG,,injection,df-7435419319,NEON,false,true
908,STEMETIL,STEMETIL (PROCHLORPERAZINE) 1ML INJ (ABBOTT),PROCHLORPERAZINE 12.5MG,,injection,df-7435419319,ABBOTT,false,true
5020,VENUSIA MAX,VENUSIA MAX CREAM 150GM (MOISTURIZER) (DR REDDY),MOSTURIZER,150GM,cream,df-3472438845,DR REDDY,false,true
13188,OLESOFT MAX,OLESOFT MAX CREAM 150GM (ALKEM),MOSTURIZER,150GM,cream,df-3472438845,ALKEM,false,true
12515,OLESOFT,OLESOFT CREAM 100GM (ALKEM),MOSTURIZER,100GM,cream,df-3472438845,ALKEM,false,true
14963,HYDROMAX,HYDROMAX CREAM 200GM (ETHICARE),MOSTURIZER,200GM,cream,df-3472438845,ETHICARE,false,true
16418,HYDROMAX,HYDROMAX CREAM 100GM (ETHICARE),MOSTURIZER,100GM,cream,df-3472438845,ETHICARE,false,true
16659,VENUSIA,VENUSIA CREAM 100GM (DR REDDY),MOSTURIZER,100GM,cream,df-3472438845,DR REDDY,false,true
16214,ETILAAM,ETILAAM 0.25MG TAB (ETIZOLAM) (INTAS),ETIZOLAM 0.25MG,0.25MG,tablet,df-2929601942,INTAS,false,true
10258,ETIZOLA,ETIZOLA 0.25MG TAB (ETIZOLAM) (MACLEODS),ETIZOLAM 0.25MG,0.25MG,tablet,df-2929601942,MACLEODS,false,true
1239,LEVOLIN  RESPULES,LEVOLIN 0.31MG RESPULES (LEVOSALBUTAMOL) (CIPLA),LEVOSALBUTAMOL,0.31MG,respule,df-9534758258,CIPLA,false,true
1240,LEVOLIN  RESPULES,LEVOLIN 0.63MG RESPULES (LEVOSALBUTAMOL) (CIPLA),LEVOSALBUTAMOL,0.63MG,respule,df-9534758258,CIPLA,false,true
1241,LEVOLIN  RESPULES,LEVOLIN 1.25MG RESPULES (LEVOSALBUTAMOL) (CIPLA),LEVOSALBUTAMOL,1.25MG,respule,df-9534758258,CIPLA,false,true
7302,OLMIN CH,OLMIN CH 40MG TAB (OLMESARTAN+CHLORTHALIDONE) (ERIS),OLMESARTAN+CHLORTHALIDONE,40MG,tablet,df-2929601942,ERIS,false,true
6428,OLMESAR CH,OLMESAR CH 40MG TAB (OLMESARTAN+CHLORTHALIDONE) (MACLEODS),OLMESARTAN+CHLORTHALIDONE,40MG,tablet,df-2929601942,MACLEODS,false,true
9795,SIMULECT,SIMULECT (BASLIXIMAB) 20MG INJ (NOVARTIS),BASLIXIMAB,,injection,df-7435419319,NOVARTIS,false,true
10384,BIOCILLIN,BIOCILLIN (AMPICILLIN) 1GM INJ (BIOCHEM),AMPICILLIN 1000MG,,injection,df-7435419319,BIOCHEM,false,true
6346,TG TOR,TG TOR 20MG TAB (ATORVASTATIN) (TORRENT),ATORVASTATIN,20MG,tablet,df-2929601942,TORRENT,false,true
6347,TG TOR,TG TOR 40MG TAB (ATORVASTATIN) (TORRENT),ATORVASTATIN,40MG,tablet,df-2929601942,TORRENT,false,true
6719,ATORSAVE,ATORSAVE 10MG TAB (ATORVASTATIN) (ERIS),ATORVASTATIN,10MG,tablet,df-2929601942,ERIS,false,true
6864,LIPICURE,LIPICURE 10MG TAB (ATORVASTATIN) (INTAS),ATORVASTATIN,10MG,tablet,df-2929601942,INTAS,false,true
6221,LIPIKIND,LIPIKIND 10MG TAB (ATORVASTATIN) (MANKIND),ATORVASTATIN,10MG,tablet,df-2929601942,MANKIND,false,true
979,AZTOR,AZTOR 80MG TAB (ATORVASTATIN) (SUN),ATORVASTATIN,80MG,tablet,df-2929601942,SUN,false,true
3518,ATORLIP,ATORLIP 40MG TAB (ATORVASTATIN) (CIPLA),ATORVASTATIN,40MG,tablet,df-2929601942,CIPLA,false,true
15747,LIPICURE,LIPICURE 20MG TAB (ATORVASTATIN) (INTAS),ATORVASTATIN,20MG,tablet,df-2929601942,INTAS,false,true
13338,LIPIKIND,LIPIKIND 40MG TAB (ATORVASTATIN) (MANKIND),ATORVASTATIN,40MG,tablet,df-2929601942,MANKIND,false,true
8881,DK,DK GEL 30GM (MICONAZOLE) (H&H),MICONAZOLE,30GM,cream,df-3472438845,H&H,false,true
10401,FUDIC BNF,FUDIC BNF CREAM 10GM (BECLOMETHASONE+FUSIDIC ACID) (H&H),FUSIDIC ACID+BECLAMETHASON,10GM,cream,df-3472438845,H&H,false,true
13199,FUSIROSE LOTION,FUSIROSE LOTION 15ML (FUSIDIC ACID) (ALAXIA),FUSIDIC ACID+BECLAMETHASON,15ML,lotion,df-6941042110,ALAXIA,false,true
16147,CLEARWAX EAR,CLEARWAX EAR DROP 10ML (CIPLA),PARADICHLOROBENZENE + BENZOCAINE,10ML,drop,df-2859918947,CIPLA,false,true
296,MONTAIR,MONTAIR 10MG TAB (MONTELUKAST SOD.) (CIPLA),MONTELUKAST 10MG,10MG,tablet,df-2929601942,CIPLA,false,true
2994,ALLEGRA M,ALLEGRA M TAB (FEXOFENADINE HCL+MONTELUKAST) (SANOFI),FEXOFENIDINE + MONTELUKAST,,tablet,df-2929601942,SANOFI,false,true
5766,FULLCOVER,FULLCOVER TAB (FEXOFENADINE+MONTELUKAST) (AKUMENTIS),FEXOFENIDINE + MONTELUKAST,,tablet,df-2929601942,AKUMENTIS,false,true
16703,MONTEK FX,MONTEK FX TAB (FEXOFENADINE HCL+MONTELUKAST) (SUN),FEXOFENIDINE + MONTELUKAST,,tablet,df-2929601942,SUN,false,true
6118,MOX,MOX 500MG CAP (AMOXYCILLIN) (SUN),AMOXYCILLIN 500MG,500MG,capsule,df-9555626637,SUN,false,true
16942,ACTEMRA,ACTEMRA (TOCILIZUMAB) (COVID) 400MG INJ (CIPLA),TOCILIZUMAB,,injection,df-7435419319,CIPLA,false,true
17034,ACTEMRA,ACTEMRA (TOCILIZUMAB) 200MG INJ (CIPLA),TOCILIZUMAB,,injection,df-7435419319,CIPLA,false,true
17036,ACTEMRA,ACTEMRA (TOCILIZUMAB) 80MG INJ (CIPLA),TOCILIZUMAB,,injection,df-7435419319,CIPLA,false,true
11477,DESLOR,DESLOR 5MG TAB (DESLORATADINE) (SUN),DESLORATADINE 5MG,5MG,tablet,df-2929601942,SUN,false,true
10472,DAZIT,DAZIT 5MG TAB (DESLORATADINE) (SUN),DESLORATADINE 5MG,5MG,tablet,df-2929601942,SUN,false,true
710,LORI,LORI (DIAZEPAM) 10MG 2ML INJ (NEON),DIAZEPAM 10MG,,injection,df-7435419319,NEON,false,true
1867,CIPLOX EYE,CIPLOX EYE DROP 10ML (CIPROFLOXACIN) (CIPLA),CIPROFLOXACIN,10ML,drop,df-2859918947,CIPLA,false,true
9734,COLOSPA RETARD,COLOSPA RETARD 200MG TAB (MEBEVERINE HCL) (ABBOTT),MEBEVERIN HCL 200MG,200MG,tablet,df-2929601942,ABBOTT,false,true
5235,MEBIZ SR,MEBIZ SR CAP (MEBEVERINE HYDROCHLORIDE) (SUN),MEBEVERIN HCL 200MG,,capsule,df-9555626637,SUN,false,true
11615,ANXIT,ANXIT 0.5MG TAB (ALPRAZOLAM) (MICRO),ALPRAZOLAM 0.5MG,0.5MG,tablet,df-2929601942,MICRO,false,true
754,ALPRAX,ALPRAX 0.5MG TAB (ALPRAZOLAM) (TORRENT),ALPRAZOLAM 0.5MG,0.5MG,tablet,df-2929601942,TORRENT,false,true
824,CALAPTIN SR,CALAPTIN SR 120MG TAB (VERAPAMIL HCL) (ABBOTT),VERAPAMIL SUSTAINED RELEASED 120MG,120MG,tablet,df-2929601942,ABBOTT,false,true
4794,GLUCOBAY,GLUCOBAY 25MG TAB (ACARBOSE) (BAYER),ACARBOSE 25MG,25MG,tablet,df-2929601942,BAYER,false,true
3819,SAFELAX,SAFELAX 17.1GM SACHET (POLYETHYLENE GLYCOL+ELECTROLYTES) (TABLETS INDIA),POLYETHYLENEGLYCOL+ELECTROLYTES FOR ORAL SOLN,17.1GM,powder,df-9603977956,TABLETS INDIA,false,true
3169,KEPPRA,KEPPRA 250MG TAB (LEVETIRACETAM) (DR REDDY),LEVETIRACETAM 250MG,250MG,tablet,df-2929601942,DR REDDY,false,true
7938,RL UNIBAG,RL UNIBAG 1000ML (CLARIS),RINGER LACTATE 1000ML,1000ML,infusion,df-374189216,CLARIS,false,true
2678,AMBRODIL-S,AMBRODIL-S 100 ML SYP (ARISTO),AMBROXOL+SALBUTAMOL,100 ML,syrup,df-4608470948,ARISTO,false,true
3400,ISTAVEL,ISTAVEL 50MG TAB (SITAGLIPTIN PHOSPHATE) (SUN),SITAGLIPTIN 50MG,50MG,tablet,df-2929601942,SUN,false,true
9083,OFLOMAC,OFLOMAC 50MG SYP (MACLEODS),OFLOXACIN,50MG,syrup,df-4608470948,MACLEODS,false,true
6007,OLMESAR,OLMESAR 20MG TAB (OLMESARTAN) (MACLEODS),OLMESARTAN 20MG,20MG,tablet,df-2929601942,MACLEODS,false,true
6831,OLVANCE,OLVANCE 20MG TAB (OLMESARTAN) (SUN),OLMESARTAN 20MG,20MG,tablet,df-2929601942,SUN,false,true
323,OLMEZEST,OLMEZEST 20MG TAB (OLMESARTAN) (SUN PHARMA),OLMESARTAN 20MG,20MG,tablet,df-2929601942,SUN,false,true
742,PROLOMET R,PROLOMET R 25MG TAB (METOPROLOL+RAMIPRIL) (SUN PHARMA),METOPROLOL SUCCINATE25 & RAMIPRIL 2.5,25MG,tablet,df-2929601942,SUN,false,true
743,PROLOMET R,PROLOMET R 50MG TAB (METOPROLOL+RAMIPRIL) (SUN PHARMA),METOPROLOL SUCCINATE25 & RAMIPRIL 2.5,50MG,tablet,df-2929601942,SUN,false,true
3390,STARPRESS R XL,STARPRESS R XL 25MG TAB (METOPROLOL+RAMIPRIL) (LUPIN),METOPROLOL SUCCINATE25 & RAMIPRIL 2.5,25MG,tablet,df-2929601942,LUPIN,false,true
3246,CARDACE METO,CARDACE METO 50/5MG TAB (RAMIPRIL+METOPROLOL) (SANOFI),METOPROLOL SUCCINATE25 & RAMIPRIL 2.5,50/5MG,tablet,df-2929601942,SANOFI,false,true
6487,MET XL R 25/2.5,MET XL R 25/2.5 TAB (METOPROLOL+RAMIPRIL) (AJANTA),METOPROLOL SUCCINATE25 & RAMIPRIL 2.5,,tablet,df-2929601942,AJANTA,false,true
17390,IMUALFA,IMUALFA (THYMOSIN ALPHA) 1.6MG INJ (ALNICHE),THYMOSINE ALPHA,,injection,df-7435419319,ALNICHE,false,true
6381,MEFTAL-P,MEFTAL-P SYP (BLUE CROSS),MEFENAMIC ACID+DICYCLOMINE,,syrup,df-4608470948,BLUE CROSS,false,true
9419,MEFTAL FORTE,MEFTAL FORTE TAB (MEFENAMIC ACID+PARACETAMOL) (BLUE CROSS),MEFENAMIC ACID+DICYCLOMINE,,tablet,df-2929601942,BLUE CROSS,false,true
12364,MEFTAL SPAS DS,MEFTAL SPAS DS TAB (MEFENAMIC ACID+DICYCLOMINE) (BLUE CROSS),MEFENAMIC ACID+DICYCLOMINE,,tablet,df-2929601942,BLUE CROSS,false,true
883,MEFTAL SPAS,MEFTAL SPAS TAB (MEFENAMIC ACID+DICYCLOMINE HCL) (BLUE CROSS),MEFENAMIC ACID+DICYCLOMINE,,tablet,df-2929601942,BLUE CROSS,false,true
1382,DROTIN M,DROTIN M TAB (DROTAVERINE+MEFENAMIC ACID) (WALTER BUSHNELL),MEFENAMIC ACID+DICYCLOMINE,,tablet,df-2929601942,WALTER BUSHNELL,false,true
3067,OLMEZEST BETA,OLMEZEST BETA 25MG TAB (METOPROLOL+OLMESARTAN) (SUN),OLMESARTAN + METOPROLOL,25MG,tablet,df-2929601942,SUN,false,true
3331,OLMEZEST BETA,OLMEZEST BETA 50MG TAB (METOPROLOL+OLMESARTAN) (SUN),OLMESARTAN + METOPROLOL,50MG,tablet,df-2929601942,SUN,false,true
6838,OLVANCE M,OLVANCE M 25MG TAB (METOPROLOL+OLMESARTAN) (SUN),OLMESARTAN + METOPROLOL,25MG,tablet,df-2929601942,SUN,false,true
6839,OLVANCE M,OLVANCE M 50MG TAB (METOPROLOL+OLMESARTAN) (SUN),OLMESARTAN + METOPROLOL,50MG,tablet,df-2929601942,SUN,false,true
3081,DIAMICRON MR,DIAMICRON MR 30MG TAB (GLICLAZIDE) (SERDIA),GLICLAZIDE 30MG,30MG,tablet,df-2929601942,SERDIA,false,true
3514,VERTIN OD,VERTIN OD 48MG TAB (BETAHISTINE) (ABBOTT),BETAHISTINE 48 MG,48MG,tablet,df-2929601942,ABBOTT,false,true
10493,RAZEL GOLD,RAZEL GOLD 20MG CAP (ROSUVASTATIN+CLOPIDOGREL+ASPIRIN) (GLENMARK),ROSUVASTATIN+ASPRIN+CLOPIDOGREL,20MG,capsule,df-9555626637,GLENMARK,false,true
10963,NOVASTAT GOLD,NOVASTAT GOLD 20MG CAP (ROSUVASTATIN+ASPIRIN+CLOPIDOGREL) (LUPIN),ROSUVASTATIN+ASPRIN+CLOPIDOGREL,20MG,capsule,df-9555626637,LUPIN,false,true
10964,NOVASTAT GOLD,NOVASTAT GOLD 10MG CAP (ROSUVASTATIN+ASPIRIN+CLOPIDOGREL) (LUPIN),ROSUVASTATIN+ASPRIN+CLOPIDOGREL,10MG,capsule,df-9555626637,LUPIN,false,true
14471,UNISTAR GOLD,UNISTAR GOLD 10MG CAP (ROSUVASTATIN+ASPIRIN+CLOPIDOGREL) (TORRENT),ROSUVASTATIN+ASPRIN+CLOPIDOGREL,10MG,capsule,df-9555626637,TORRENT,false,true
15409,JUBIRA GOLD 10,JUBIRA GOLD 10 CAP (ROSUVASTATIN+ASPIRIN+CLOPIDOGREL) (JUBILANT),ROSUVASTATIN+ASPRIN+CLOPIDOGREL,,capsule,df-9555626637,JUBILENT,false,true
13208,ROZUCOR GOLD,ROZUCOR GOLD 20MG CAP (ROSUVASTATIN+ASPRIN+CLOPIDOGREL) (TORRENT),ROSUVASTATIN+ASPRIN+CLOPIDOGREL,20MG,capsule,df-9555626637,TORRENT,false,true
12533,ROSAVE GOLD,ROSAVE GOLD 20MG CAP (ROSUVASTATIN+ASPIRIN+CLOPIDOGREL) (ALEMBIC),ROSUVASTATIN+ASPRIN+CLOPIDOGREL,20MG,capsule,df-9555626637,ALEMBIC,false,true
11669,LAFORMIN GV,LAFORMIN GV 2MG TAB (GLIMEPIRIDE+VOGLIBOSE+METFORMIN HCL) (LA RENON),GLIMEPIRIDE VOGLIBOSE & ER METFORMIN HCL,2MG,tablet,df-2929601942,LA RENON,false,true
11670,LAFORMIN GV1 MG,LAFORMIN GV1 MG TAB (GLIMEPRIDE+METFORMIN +VOGLIBOSE) (LA RENON),GLIMEPIRIDE VOGLIBOSE & ER METFORMIN HCL,,tablet,df-2929601942,LA RENON,false,true
3403,GLIMISAVE MV,GLIMISAVE MV 1MG TAB (GLIMEPIRIDE+METFORMIN HCL+VOGLIBOSE) (ERIS),GLIMEPIRIDE VOGLIBOSE & ER METFORMIN HCL,1MG,tablet,df-2929601942,ERIS,false,true
2723,TRIVOLIB 2 FORTE,TRIVOLIB 2 FORTE TAB (GLIMEPIRIDE+VOGLIBOSE+METFORMIN HCL) (SUN),GLIMEPIRIDE VOGLIBOSE & ER METFORMIN HCL,,tablet,df-2929601942,SUN,false,true
2663,CALPOL,CALPOL 500MG TAB (PARACETAMOL) (GSK),PARACETAMOL 500MG,500MG,tablet,df-2929601942,GSK,false,true
10334,ANTIFLU,ANTIFLU 75ML SYP (CIPLA),OSELTEMIVIR 75MG,75ML,syrup,df-4608470948,CIPLA,false,true
4245,ANTIFLU,ANTIFLU 75MG CAP (OSELTAMIVIR) (CIPLA),OSELTEMIVIR 75MG,75MG,capsule,df-9555626637,CIPLA,false,true
5095,NEPRO-HP,NEPRO-HP POWDER (ABBOTT),PROTEIN,,powder,df-9603977956,ABBOTT,false,true
5609,NUSOWIN,NUSOWIN POWDER 200GM (WIN-MEDICARE),PROTEIN,200GM,powder,df-9603977956,WIN-MEDICARE,false,true
2451,PEPTAMEN,PEPTAMEN POWDER 400GM (PEPTIDE+PROTEIN) (NESTLE),PROTEIN,400GM,powder,df-9603977956,NESTLE,false,true
14097,RESOURCE DIALYSIS,RESOURCE DIALYSIS POWDER 400GM (NESTLE),PROTEIN,400GM,powder,df-9603977956,NESTLE,false,true
9226,ZYDIP LOTION,ZYDIP LOTION (BECLOMETHASONE) (KLM),"BECLAMETHASONE DIPROPIONATE,CLOTRIMAZOLE & NEOMYCIN",,lotion,df-6941042110,KLM,false,true
8610,QUADRIDERM,QUADRIDERM CREAM 10GM (BECLOMETHASONE+CLOTRIMAZOLE) (FULFORD),"BECLAMETHASONE DIPROPIONATE,CLOTRIMAZOLE & NEOMYCIN",10GM,cream,df-3472438845,FULFORD,false,true
5626,JUNIOR LANZOL,JUNIOR LANZOL 30MG TAB (LANSOPRAZOLE) (CIPLA),LANSOPARAZOLE 30MG,30MG,tablet,df-2929601942,CIPLA,false,true
8931,MIRTAZ,MIRTAZ-7.5MG TAB (MIRTAZAPINE) (SUN),MIRTAZAPINE 7.5MG,7.5MG,tablet,df-2929601942,SUN,false,true
2410,MAGNEON,MAGNEON (MAGNESIUM SULPHATE) 2ML INJ (NEON),MAGNESIUM SULPHATE 2ML,,injection,df-7435419319,NEON,false,true
486,MAGNESIUM SULPHATE,MAGNESIUM SULPHATE 2ML INJ (RATHI LAB),MAGNESIUM SULPHATE 2ML,2ML,injection,df-7435419319,RATHI LAB,false,true
382,RAMISTAR,RAMISTAR 1.25MG TAB (RAMIPRIL) (LUPIN),RAMIPRIL 1.25MG,1.25MG,tablet,df-2929601942,LUPIN,false,true
277,CARDACE,CARDACE 1.25MG TAB (RAMIPRIL) (SANOFI) {*},RAMIPRIL 1.25MG,1.25MG,tablet,df-2929601942,SANOFI,false,true
324,OLMEZEST AM,OLMEZEST AM 40MG TAB (OLMESARTAN+AMLODIPINE) (SUN PHARMA),OLMESARTAN 40MG,40MG,tablet,df-2929601942,SUN,false,true
2498,OLMEZEST,OLMEZEST 40MG TAB (OLMESARTAN) (SUN),OLMESARTAN 40MG,40MG,tablet,df-2929601942,SUN,false,true
5558,OLVANCE,OLVANCE 40MG TAB (OLMESARTAN) (SUN),OLMESARTAN 40MG,40MG,tablet,df-2929601942,SUN,false,true
1264,CLARIBID,CLARIBID 250MG TAB (CLARITHROMYCIN) (ABBOTT),CLARITHROMYCIN 250MG,250MG,tablet,df-2929601942,ABBOTT,false,true
489,SODIUM BI CARBONATE,SODIUM BI CARBONATE 25ML INJ (RATHI LAB),SODIUM BI CARBONATE,25ML,injection,df-7435419319,RATHI LAB,false,true
2605,NODOSIS,NODOSIS 500MG TAB (SODIUM BICARBONATE) (STEADFAST),SODIUM BI CARBONATE,500MG,tablet,df-2929601942,STEADFAST,false,true
3404,SOBISIS,SOBISIS 500MG TAB (SODIUM BICARBONATE) (LA RENON),SODIUM BI CARBONATE,500MG,tablet,df-2929601942,LA RENON,false,true
6396,(SODIUM BI CARBONATE) 25ML INJ (NEON),(SODIUM BI CARBONATE) 25ML INJ (NEON),SODIUM BI CARBONATE,,injection,df-7435419319,NEON,false,true
8898,ICEBIC,ICEBIC TAB (SODIUM BICARBONATE) (RENACE),SODIUM BI CARBONATE,,tablet,df-2929601942,RENACE,false,true
12097,SODABICARB,SODABICARB (SODIUM BI CARBONATE) 25ML INJ (SAMARTH),SODIUM BI CARBONATE,,injection,df-7435419319,SAMARTH,false,true
13585,AUXISODA,AUXISODA (SODIUM BI CARBONATE) 100ML INJ (AUXILIARE),SODIUM BI CARBONATE,,injection,df-7435419319,AUXILIARE,false,true
6645,HEPAMERZ,HEPAMERZ 10ML INJ (L-ORNITHINE L-ASPARTATE)(WIN-MEDICARE),L-ORNITHINE+L-ASPARTATE,10ML,injection,df-7435419319,WIN-MEDICARE,false,true
1761,LORNIT,LORNIT (L-ORNITHINE+L-ASPARTATE) 10ML INJ (ZUVENTUS),L-ORNITHINE+L-ASPARTATE,,injection,df-7435419319,ZUVENTUS,false,true
3401,TAXIM O,TAXIM O 200MG TAB (CEFIXIME) (ALKEM),CEFIXIME 200MG,200MG,tablet,df-2929601942,ALKEM,false,true
910,ZIFI,ZIFI 200MG TAB (CEFIXIME) (FDC),CEFIXIME 200MG,200MG,tablet,df-2929601942,FDC,false,true
6331,GRAMOCEF O,GRAMOCEF O 200MG TAB (CEFIXIME) (MICRO),CEFIXIME 200MG,200MG,tablet,df-2929601942,MICRO,false,true
11676,ZIFI,ZIFI 100MG TAB (CEFIXIME) (FDC),CEFIXIME 200MG,100MG,tablet,df-2929601942,FDC,false,true
11680,ZIFI,ZIFI 100MG DRY SYP (FDC),CEFIXIME 200MG,100MG,syrup,df-4608470948,FDC,false,true
9819,CEFOLAC,CEFOLAC 200MG TAB (CEFIXIME) (MACLEODS),CEFIXIME 200MG,200MG,tablet,df-2929601942,MACLEODS,false,true
2508,PROTHIADEN,PROTHIADEN 75MG TAB (DOSULEPIN) (ABBOTT),DOSULPIN,75MG,tablet,df-2929601942,ABBOTT,false,true
11018,QUTIPIN SR,QUTIPIN SR 50MG TAB (QUETIAPINE) (SUN),QUETIAPINE FUMARATE 50MG,50MG,tablet,df-2929601942,SUN,false,true
16199,QUTAN,QUTAN 50MG TAB (QUETIAPINE) (INTAS),QUETIAPINE FUMARATE 50MG,50MG,tablet,df-2929601942,INTAS,false,true
16229,QUTAN,QUTAN 25MG TAB (QUETIAPINE) (INTAS),QUETIAPINE FUMARATE 50MG,25MG,tablet,df-2929601942,INTAS,false,true
13233,ALTACEF,ALTACEF (CEFUROXIME) 1.5GM INJ (GLENMARK),CEFUROXIME SOD. 1.5G,,injection,df-7435419319,GLENMARK,false,true
709,SUPACEF,SUPACEF (CEFUROXIME) 1.5GM INJ (GSK),CEFUROXIME SOD. 1.5G,,injection,df-7435419319,GSK,false,true
2409,COLSTIM,COLSTIM (FILGRASTIM) 300MCG INJ (ZYDUS CADILA),FILGRASTIM,,injection,df-7435419319,ZYDUS CADILA,false,true
9177,NEUKINE,NEUKINE (FILGRASTIM) 300MCG INJ (INTAS),FILGRASTIM,,injection,df-7435419319,INTAS,false,true
7694,EPIDOSIN,EPIDOSIN (VALETHAMATE) 1ML INJ (TTK),VALETHAMATE 8MG/ML,,injection,df-7435419319,TTK,false,true
3421,R CIN,R CIN 300MG CAP (RIFAMPICIN) (LUPIN),RIFAMPICIN 300 MG,300MG,capsule,df-9555626637,LUPIN,false,true
6564,ZERODOL CR,ZERODOL CR 200MG TAB (ACECLOFENAC) (IPCA),ACECLOFENAC 200MG,200MG,tablet,df-2929601942,IPCA,false,true
653,DYTOR,DYTOR (TORSEMIDE) 2ML INJ (CIPLA) {*},,,injection,df-7435419319,CIPLA,false,true
8112,LAMINO NEPHRO,LAMINO NEPHRO 7% 250ML INJ (LA RENON),AMINOACID 7%,7%,injection,df-7435419319,LA RENON,false,true
282,AMTAS,AMTAS 5MG TAB (AMLODIPINE) (INTAS),AMLODIPINE 5MG,5MG,tablet,df-2929601942,INTAS,false,true
2590,STAMLO,STAMLO 5MG TAB (AMLODIPINE) (DR. REDDY),AMLODIPINE 5MG,5MG,tablet,df-2929601942,DR REDDY,false,true
2003,AMLOPRESS,AMLOPRESS 5MG TAB (AMLODIPINE) (CIPLA) {*},AMLODIPINE 5MG,5MG,tablet,df-2929601942,CIPLA,false,true
12517,AMLOVAS,AMLOVAS-5MG TAB (AMLODIPINE) (MACLEODS),AMLODIPINE 5MG,5MG,tablet,df-2929601942,MACLEODS,false,true
13300,DALACIN C,DALACIN C (CLINDAMYCIN) 600MG INJ (PFIZER),CLINDAMYCIN 600MG,,injection,df-7435419319,PFIZER,false,true
1370,CLINDATEC,CLINDATEC (CLINDAMYCIN) 600MG INJ (UNITED BIOTECH),CLINDAMYCIN 600MG,,injection,df-7435419319,UNITED BIOTECH,false,true
11873,CLINDAMAC,CLINDAMAC (CLINDAMYCIN) 600MG INJ (ARVINCARE),CLINDAMYCIN 600MG,,injection,df-7435419319,ARVINCARE,false,true
17457,GLUXIT,GLUXIT 10MG TAB (DAPAGLIFLOZIN) (ERIS),DAPAGLIFLOZIN 10MG,10MG,tablet,df-2929601942,ERIS,false,true
15893,DNS PLASTIC,DNS PLASTIC 500ML (REALCAD),DEXTROSE + SODIUM CHLORIDE 500ML,500ML,infusion,df-374189216,REALCAD,false,true
4973,DNS EH PLASTIC,DNS EH PLASTIC 500ML (FRESENIUS),DEXTROSE + SODIUM CHLORIDE 500ML,500ML,infusion,df-374189216,FRESENIUS,false,true
150,DNS EASYPORT,DNS EASYPORT  500ML (SKKL),DEXTROSE + SODIUM CHLORIDE 500ML,500ML,infusion,df-374189216,SKKL,false,true
4020,DEXTROSE 25 EH PLASTIC,DEXTROSE 25 EH PLASTIC 100ML (FRESENIUS),DEXTROSE 25 100ML,100ML,infusion,df-374189216,FRESENIUS,false,true
15202,DEXTROSE 25 PLASTIC,DEXTROSE 25 PLASTIC 100ML (AMANTA),DEXTROSE 25 100ML,100ML,infusion,df-374189216,AMANTA,false,true
9525,DNS   IV FLUID,DNS 0.45% 500ML IV FLUID (SKKL),DEXTROSE 5%+NS 0.45%,0.45%,infusion,df-374189216,SKKL,false,true
11021,DYNATROY-AQ,DYNATROY-AQ (DICLOFENAC) 75MG 1ML INJ (TROIKAA) {#},DICLOFENAC,,injection,df-7435419319,TROIKAA,false,true
7696,DYNAPAR -AQ,DYNAPAR -AQ (DICLOFENAC) INJ (TROIKAA) {#},DICLOFENAC,,injection,df-7435419319,TROIKAA,false,true
711,JUSTIN AQ,JUSTIN AQ (DICLOFENAC) 75MG 1ML INJ (NEON),DICLOFENAC,,injection,df-7435419319,NEON,false,true
16088,VOLINI MAX,VOLINI MAX SPRAY (DICLOFENAC) 25GM (RANBAXY),DICLOFENAC,,spray,df-3667869230,RANBAXY,true,true
15823,VOLINI,VOLINI SPRAY (DICLOFENAC) 15GM (RANBAXY),DICLOFENAC,,spray,df-3667869230,RANBAXY,true,true
16309,VOLINI,VOLINI SPRAY (DICLOFENAC) 40GM (RANBAXY),DICLOFENAC,,spray,df-3667869230,RANBAXY,true,true
15552,VOLINI,VOLINI GEL 75GM (DICLOFENAC DIETHYLAMINE) (SUN),DICLOFENAC DIETHYLAMINE,75GM,ointment,df-3972100204,SUN,false,true
819,VOLINI GEL,VOLINI GEL 50GM OINT (DICLOFENAC DIETHYLAMINE) (SUN),DICLOFENAC DIETHYLAMINE,50GM,ointment,df-3972100204,SUN,false,true
19411,PROTHIADEN,PROTHIADEN 50 MG (DOSULEPIN) TABLET (ABBOTT),DOSULEPIN 50MG,50 MG,tablet,df-2929601942,ABBOTT,false,true
677,VOLUVEN,VOLUVEN (HYDROXYETHYL STARCH) 500ML INJ (FRESENIUS KABI),HYDROXYETHYL STARCH 6%,,injection,df-7435419319,FRESENIUS,false,true
5586,VOLUVEN FREEFLEX,VOLUVEN FREEFLEX (HYDROXYETHYL STARCH) 500ML INJ (FRESENIUS KABI),HYDROXYETHYL STARCH 6%,,injection,df-7435419319,FRESENIUS,false,true
762,NOVORAPID FLEXPEN,NOVORAPID FLEXPEN INJ (NOVO NORDISK)  {#},INSULIN ASPART 100I.U/ML,,injection,df-7435419319,NOVO NORDISK,false,true
3611,LEVESAM,LEVESAM (LEVETIRACETAM) 5ML INJ (ABBOTT),LEVETIRACETAM 100MG/5ML,,injection,df-7435419319,ABBOTT,false,true
16612,LEVEPSY,LEVEPSY (LEVETIRACETAM) 500MG 5ML (CIPLA),LEVETIRACETAM 100MG/5ML,,injection,df-7435419319,CIPLA,false,true
12477,EPILIVE,EPILIVE (LEVETIRACETAM) 5ML INJ (LUPIN),LEVETIRACETAM 100MG/5ML,,injection,df-7435419319,LUPIN,false,true
7047,NIFECAINE,"NIFECAINE CREAM 30GM (NIFEDIPINE,LIDOCAINE) (TROIKAA)",LIDOCAINE 1.5%  + NIFEDIPINE 0.3%,30GM,cream,df-3472438845,TROIKAA,false,true
9462,CREMAFFIN PLUS SF,CREMAFFIN PLUS SF 225ML SYRUP (ABBOTT),LIQUID PARAFFIN+MILK OF MAGNESIA+SODIUM PICOSULFATE,225ML,syrup,df-4608470948,ABBOTT,false,true
13304,SMUTH,SMUTH 170ML SYP (ARISTO),LIQUID PARAFFIN+MILK OF MAGNESIA+SODIUM PICOSULFATE,170ML,syrup,df-4608470948,ARISTO,false,true
16690,MEGAREN,MEGAREN TAB (MEGESTROL 160MG) (LEOCON),MEGESTROL ACETATE 160MG,,tablet,df-2929601942,LEOCON,false,true
16239,VALUPENEM,VALUPENEM (MEROPENEM) 1G INJ (ABBOTT),MEROPENEM 1GM,,injection,df-7435419319,ABBOTT,false,true
12159,GERMERO,GERMERO (MEROPENEM) 1GM INJ (ZYDUS CADILA) {#},MEROPENEM 1GM,,injection,df-7435419319,ZYDUS CADILA,false,true
7769,ICUBAC,ICUBAC (MEROPENEM) 1GM INJ (SANDOZ),MEROPENEM 1GM,,injection,df-7435419319,SANDOZ,false,true
7621,MICROPENAM,MICROPENAM (MEROPENEM) 1GM INJ (MICROLABS),MEROPENEM 1GM,,injection,df-7435419319,MICRO,false,true
4030,MERUNET,MERUNET (MEROPENEM) 1GM INJ (NETWORK PHARMA),MEROPENEM 1GM,,injection,df-7435419319,NETWORK PHARMA,false,true
1514,MERONEM,MERONEM (MEROPENEM) 1GM INJ (PFIZER),MEROPENEM 1GM,,injection,df-7435419319,PFIZER,false,true
1242,MEROCRIT,MEROCRIT (MEROPENEM) 1GM INJ (CIPLA),MEROPENEM 1GM,,injection,df-7435419319,CIPLA,false,true
4070,PREGALIN M,PREGALIN M 75MG CAP (PREGABALIN+METHYLCOBALAMIN) (TORRENT),METHYLCOBALAMIN 750MCG + PREGABALIN 75MG,75MG,capsule,df-9555626637,TORRENT,false,true
15247,NUHENZ D,NUHENZ D TAB (MECOBALAMIN+ALPHA LIPOIC ACID+VITAMIN D3+PYRIDOXINE+FOLIC ACID) (LA RENON),METHYLCOBALAMIN+PYRIDOXIN+FA,,tablet,df-2929601942,LA RENON,false,true
6439,DIVAINE,DIVAINE (MINOCYCLINE) INJ (CIPLA),MINOCYCLINE,,injection,df-7435419319,CIPLA,false,true
11863,MINYUM,MINYUM (MINOCYCLINE) 100MG INJ (GLENMARK),MINOCYCLINE,,injection,df-7435419319,GLENMARK,false,true
1206,NEOSPORIN EYE,NEOSPORIN EYE OINT 5GM (BACITRACIN+NEOMYCIN+POLYMYXIN B) (GSK),,5GM,ointment,df-3972100204,GSK,false,true
11953,POLYTUFF,POLYTUFF (POLYMYXIN B) 5LAC IU INJ (ABBOTT),POLYMYXIN B 500000IU,,injection,df-7435419319,ABBOTT,false,true
17219,VELIMIXIN,VELIMIXIN (POLYMYXIN B) 5LAC IU INJ (VENUS),POLYMYXIN B 500000IU,,injection,df-7435419319,VENUS,false,true
15181,XOLABIN,XOLABIN (POLYMYXIN B) 7.5LAC IU INJ (FUSION),POLYMYXIN-B 750000IU,,injection,df-7435419319,FUSION,false,true
15216,NS,NS (SODIUM CHLORIDE 0.9%) PLASTIC 500ML (VISION),SODIUM CHLORIDE 0.9%,,infusion,df-374189216,VISION,false,true
15839,NS,NS (SODIUM CHLORIDE 0.9%) PLASTIC 500ML (REALCAD),SODIUM CHLORIDE 0.9%,,infusion,df-374189216,REALCAD,false,true
13464,NS,NS (SODIUM CHLORIDE 0.9%) PLASTIC 500ML (SKKL),SODIUM CHLORIDE 0.9%,,infusion,df-374189216,SKKL,false,true
10142,NS FREEFLEX,NS FREEFLEX 500ML (FRESENIUS),SODIUM CHLORIDE 0.9%,500ML,infusion,df-374189216,FRESENIUS,false,true
171,NS  EUROHED,NS 500ML EUROHED (REALCAD),SODIUM CHLORIDE 0.9%,500ML,infusion,df-374189216,REALCAD,false,true
148,NS,NS (SODIUM CHLORIDE 0.9%) PLASTIC 500ML (FRESENIUS),SODIUM CHLORIDE 0.9%,,infusion,df-374189216,NIRLIFE,false,true
3485,NS  EH PL,NS 500ML EH PL (FRESENIUS),SODIUM CHLORIDE 0.9%,500ML,infusion,df-374189216,FRESENIUS,false,true
768,BRILINTA,BRILINTA 90MG TAB (TICAGRELOR) (ASTRA ZENECA),TICAGRELOR 90MG,90MG,tablet,df-2929601942,ASTRA ZENECA,false,true
6948,AXCER,AXCER 90MG TAB (TICAGRELOR) (SUN),TICAGRELOR 90MG,90MG,tablet,df-2929601942,SUN,false,true
14869,AXCER,AXCER 90MG TAB (BOTTLE PACK) (TICAGRELOR) (SUN),TICAGRELOR 90MG,90MG,tablet,df-2929601942,SUN,false,true
16210,TORPLAT,TORPLAT 90MG TAB (TICAGRELOR) (TORRENT),TICAGRELOR 90MG,90MG,tablet,df-2929601942,TORRENT,false,true
8954,NATRISE,NATRISE 15MG TAB (TOLVAPTAN) (SUN),TOLVAPTAN 15MG,15MG,tablet,df-2929601942,SUN,false,true
916,SUPRIDOL,SUPRIDOL (TRAMADOL) 100MG 2ML INJ (NEON),TRAMADOL 100MG,,injection,df-7435419319,NEON,false,true
12407,ASCAZIN,ASCAZIN TAB (ZINC ACETATE) (APEX),ZINC ACETATE,,tablet,df-2929601942,APEX,false,true
16105,ISEP,ISEP (ISEPAMYCIN) 400MG INJ (FUSION),isepamycin,,injection,df-7435419319,FUSION,false,true
